URL,Version,Status,OIDs,Name,Title,Descriptino,Uses,Used,Sources
http://smart.who.int/immunizations/ValueSet/IMMZ.C.DE5,0.2.0,active,,IMMZ_C_DE5,IMMZ.C.DE5 ValueSet for Sex,"ValueSet for Sex for IMMZ.C.DE5",,"Internal"
http://smart.who.int/immunizations/ValueSet/IMMZ.D.DE1,0.2.0,active,,IMMZ_D_DE1,IMMZ.D.DE1 ValueSet for Immunization event status,"ValueSet for Immunization event status for IMMZ.D.DE1",,"Internal"
http://smart.who.int/immunizations/ValueSet/IMMZ.D.DE107,0.2.0,active,,IMMZ_D_DE107,IMMZ.D.DE107 ValueSet for Type of reaction,"ValueSet for Type of reaction for IMMZ.D.DE107",,"Internal"
http://smart.who.int/immunizations/ValueSet/IMMZ.D.DE115,0.2.0,active,,IMMZ_D_DE115,IMMZ.D.DE115 ValueSet for Reaction outcome,"ValueSet for Reaction outcome for IMMZ.D.DE115",,"Internal"
http://smart.who.int/immunizations/ValueSet/IMMZ.D.DE126,0.2.0,active,,IMMZ_D_DE126,IMMZ.D.DE126 ValueSet for Disease targeted,"ValueSet for Disease targeted for IMMZ.D.DE126",,"Internal"
http://smart.who.int/immunizations/ValueSet/IMMZ.D.DE156,0.2.0,active,,IMMZ_D_DE156,IMMZ.D.DE156 ValueSet for Immunization recommendation status,"ValueSet for Immunization recommendation status for IMMZ.D.DE156",,"Internal"
http://smart.who.int/immunizations/ValueSet/IMMZ.D.DE161,0.2.0,active,,IMMZ_D_DE161,IMMZ.D.DE161 ValueSet for Potential contraindications,"ValueSet for Potential contraindications for IMMZ.D.DE161",,"Internal"
http://smart.who.int/immunizations/ValueSet/IMMZ.D.DE18,0.2.0,active,,IMMZ_D_DE18,IMMZ.D.DE18 ValueSet for Vaccine brand,"ValueSet for Vaccine brand for IMMZ.D.DE18",,"Internal"
http://smart.who.int/immunizations/ValueSet/IMMZ.D.DE19,0.2.0,active,,IMMZ_D_DE19,IMMZ.D.DE19 ValueSet for Vaccine type,"ValueSet for Vaccine type for IMMZ.D.DE19",,
http://smart.who.int/immunizations/ValueSet/IMMZ.D.DE204,0.2.0,active,,IMMZ_D_DE204,IMMZ.D.DE204 ValueSet for HIV status,"ValueSet for HIV status for IMMZ.D.DE204",,"Internal"
http://smart.who.int/immunizations/ValueSet/IMMZ.D.DE212,0.2.0,active,,IMMZ_D_DE212,IMMZ.D.DE212 ValueSet for Type of poliovirus dose,"ValueSet for Type of poliovirus dose for IMMZ.D.DE212",,"Internal"
http://smart.who.int/immunizations/ValueSet/IMMZ.D.DE216,0.2.0,active,,IMMZ_D_DE216,IMMZ.D.DE216 ValueSet for Type of JE dose,"ValueSet for Type of JE dose for IMMZ.D.DE216",,"Internal"
http://smart.who.int/immunizations/ValueSet/IMMZ.D.DE220,0.2.0,active,,IMMZ_D_DE220,IMMZ.D.DE220 ValueSet for Type of TBE dose,"ValueSet for Type of TBE dose for IMMZ.D.DE220",,"Internal"
http://smart.who.int/immunizations/ValueSet/IMMZ.D.DE225,0.2.0,active,,IMMZ_D_DE225,IMMZ.D.DE225 ValueSet for Type of typhoid dose,"ValueSet for Type of typhoid dose for IMMZ.D.DE225",,"Internal"
http://smart.who.int/immunizations/ValueSet/IMMZ.D.DE229,0.2.0,active,,IMMZ_D_DE229,IMMZ.D.DE229 ValueSet for Type of cholera dose,"ValueSet for Type of cholera dose for IMMZ.D.DE229",,"Internal"
http://smart.who.int/immunizations/ValueSet/IMMZ.D.DE23,0.2.0,active,,IMMZ_D_DE23,IMMZ.D.DE23 ValueSet for Vaccine manufacturer,"ValueSet for Vaccine manufacturer for IMMZ.D.DE23",,"Internal"
http://smart.who.int/immunizations/ValueSet/IMMZ.D.DE232,0.2.0,active,,IMMZ_D_DE232,IMMZ.D.DE232 ValueSet for Type of meningococcal dose,"ValueSet for Type of meningococcal dose for IMMZ.D.DE232",,"Internal"
http://smart.who.int/immunizations/ValueSet/IMMZ.D.DE237,0.2.0,active,,IMMZ_D_DE237,IMMZ.D.DE237 ValueSet for Type of hepatitis A dose,"ValueSet for Type of hepatitis A dose for IMMZ.D.DE237",,"Internal"
http://smart.who.int/immunizations/ValueSet/IMMZ.D.DE241,0.2.0,active,,IMMZ_D_DE241,IMMZ.D.DE241 ValueSet for Dengue serostatus,"ValueSet for Dengue serostatus for IMMZ.D.DE241",,"Internal"
http://smart.who.int/immunizations/ValueSet/IMMZ.D.DE243,0.2.0,active,,IMMZ_D_DE243,IMMZ.D.DE243 ValueSet for Type of TB infection test performed,"ValueSet for Type of TB infection test performed for IMMZ.D.DE243",,"Internal"
http://smart.who.int/immunizations/ValueSet/IMMZ.D.DE246,0.2.0,active,,IMMZ_D_DE246,IMMZ.D.DE246 ValueSet for TB infection test result,"ValueSet for TB infection test result for IMMZ.D.DE246",,"Internal"
http://smart.who.int/immunizations/ValueSet/IMMZ.D.DE25,0.2.0,active,,IMMZ_D_DE25,IMMZ.D.DE25 ValueSet for Vaccine market authorization holder,"ValueSet for Vaccine market authorization holder for IMMZ.D.DE25",,"Internal"
http://smart.who.int/immunizations/ValueSet/IMMZ.D.DE254,0.2.0,active,,IMMZ_D_DE254,IMMZ.D.DE254 ValueSet for Type of hepatitis B dose,"ValueSet for Type of hepatitis B dose for IMMZ.D.DE254",,"Internal"
http://smart.who.int/immunizations/ValueSet/IMMZ.D.DE258,0.2.0,active,,IMMZ_D_DE258,IMMZ.D.DE258 ValueSet for Type of dose,"ValueSet for Type of dose for IMMZ.D.DE258",,"Internal"
http://smart.who.int/immunizations/ValueSet/IMMZ.D.DE5,0.2.0,active,,IMMZ_D_DE5,IMMZ.D.DE5 ValueSet for Reason vaccine was not administered,"ValueSet for Reason vaccine was not administered for IMMZ.D.DE5",,"Internal"
http://smart.who.int/immunizations/ValueSet/IMMZ.D.DE86,0.2.0,active,,IMMZ_D_DE86,IMMZ.D.DE86 ValueSet for Client education and counselling on immunization,"ValueSet for Client education and counselling on immunization for IMMZ.D.DE86",,"Internal"
http://smart.who.int/immunizations/ValueSet/IMMZ.D.DE95,0.2.0,active,,IMMZ_D_DE95,IMMZ.D.DE95 ValueSet for Reaction manifestation,"ValueSet for Reaction manifestation for IMMZ.D.DE95",,"Internal"
http://smart.who.int/immunizations/ValueSet/IMMZ.D.Observation,0.2.0,active,,IMMZ_D_Observation,IMMZ.D.Observation ValueSet for Sex,"ValueSet for Observation codes for IMMZ.D",,"Internal"
http://smart.who.int/immunizations/ValueSet/IMMZ.I.DE30,0.2.0,active,,IMMZ_I_DE30,IMMZ.I.DE30 ValueSet for Disaggregation group,"ValueSet for Disaggregation group for IMMZ.I.DE30",,"Internal"
http://smart.who.int/immunizations/ValueSet/IMMZ.I.DE48,0.2.0,active,,IMMZ_I_DE48,IMMZ.I.DE48 ValueSet for Closed stock discarded type,"ValueSet for Closed stock discarded type for IMMZ.I.DE48",,"Internal"
http://smart.who.int/immunizations/ValueSet/IMMZ.Z.DE1,0.2.0,active,,IMMZ_Z_DE1,IMMZ.Z.DE1 ValueSet for BCG vaccines,"ValueSet for BCG vaccines for IMMZ.Z.DE1",,"SCT,Internal,hl7.terminology.r4"
http://smart.who.int/immunizations/ValueSet/IMMZ.Z.DE10,0.2.0,active,,IMMZ_Z_DE10,IMMZ.Z.DE10 ValueSet for Meningococcal vaccines,"ValueSet for Meningococcal vaccines for IMMZ.Z.DE10",,"SCT,Internal,hl7.terminology.r4"
http://smart.who.int/immunizations/ValueSet/IMMZ.Z.DE11,0.2.0,active,,IMMZ_Z_DE11,IMMZ.Z.DE11 ValueSet for Mumps-containing vaccines,"ValueSet for Mumps-containing vaccines for IMMZ.Z.DE11",,"SCT,Internal,LOINC,hl7.terminology.r4"
http://smart.who.int/immunizations/ValueSet/IMMZ.Z.DE12,0.2.0,active,,IMMZ_Z_DE12,IMMZ.Z.DE12 ValueSet for Pertussis-containing vaccines,"ValueSet for Pertussis-containing vaccines for IMMZ.Z.DE12",,"SCT,Internal,hl7.terminology.r4"
http://smart.who.int/immunizations/ValueSet/IMMZ.Z.DE13,0.2.0,active,,IMMZ_Z_DE13,IMMZ.Z.DE13 ValueSet for Pneumococcal vaccines,"ValueSet for Pneumococcal vaccines for IMMZ.Z.DE13",,"SCT,Internal,hl7.terminology.r4"
http://smart.who.int/immunizations/ValueSet/IMMZ.Z.DE14,0.2.0,active,,IMMZ_Z_DE14,IMMZ.Z.DE14 ValueSet for Poliovirus-containing vaccines,"ValueSet for Poliovirus-containing vaccines for IMMZ.Z.DE14",,"SCT,Internal,hl7.terminology.r4"
http://smart.who.int/immunizations/ValueSet/IMMZ.Z.DE15,0.2.0,active,,IMMZ_Z_DE15,IMMZ.Z.DE15 ValueSet for Rabies vaccines,"ValueSet for Rabies vaccines for IMMZ.Z.DE15",,"SCT,Internal,hl7.terminology.r4"
http://smart.who.int/immunizations/ValueSet/IMMZ.Z.DE16,0.2.0,active,,IMMZ_Z_DE16,IMMZ.Z.DE16 ValueSet for Rotavirus vaccines,"ValueSet for Rotavirus vaccines for IMMZ.Z.DE16",,"SCT,Internal,hl7.terminology.r4"
http://smart.who.int/immunizations/ValueSet/IMMZ.Z.DE17,0.2.0,active,,IMMZ_Z_DE17,IMMZ.Z.DE17 ValueSet for Rubella-containing vaccines,"ValueSet for Rubella-containing vaccines for IMMZ.Z.DE17",,"SCT,Internal,LOINC,hl7.terminology.r4"
http://smart.who.int/immunizations/ValueSet/IMMZ.Z.DE18,0.2.0,active,,IMMZ_Z_DE18,IMMZ.Z.DE18 ValueSet for Seasonal influenza vaccines,"ValueSet for Seasonal influenza vaccines for IMMZ.Z.DE18",,"SCT,Internal,hl7.terminology.r4"
http://smart.who.int/immunizations/ValueSet/IMMZ.Z.DE19,0.2.0,active,,IMMZ_Z_DE19,IMMZ.Z.DE19 ValueSet for Tetanus-containing vaccines,"ValueSet for Tetanus-containing vaccines for IMMZ.Z.DE19",,"Internal,hl7.terminology.r4"
http://smart.who.int/immunizations/ValueSet/IMMZ.Z.DE2,0.2.0,active,,IMMZ_Z_DE2,IMMZ.Z.DE2 ValueSet for Cholera vaccines,"ValueSet for Cholera vaccines for IMMZ.Z.DE2",,"SCT,Internal,hl7.terminology.r4"
http://smart.who.int/immunizations/ValueSet/IMMZ.Z.DE20,0.2.0,active,,IMMZ_Z_DE20,IMMZ.Z.DE20 ValueSet for TBE vaccines,"ValueSet for TBE vaccines for IMMZ.Z.DE20",,"SCT,Internal,hl7.terminology.r4"
http://smart.who.int/immunizations/ValueSet/IMMZ.Z.DE21,0.2.0,active,,IMMZ_Z_DE21,IMMZ.Z.DE21 ValueSet for Typhoid vaccines,"ValueSet for Typhoid vaccines for IMMZ.Z.DE21",,"Internal,hl7.terminology.r4"
http://smart.who.int/immunizations/ValueSet/IMMZ.Z.DE22,0.2.0,active,,IMMZ_Z_DE22,IMMZ.Z.DE22 ValueSet for Varicella-containing vaccines,"ValueSet for Varicella-containing vaccines for IMMZ.Z.DE22",,"SCT,Internal,hl7.terminology.r4"
http://smart.who.int/immunizations/ValueSet/IMMZ.Z.DE23,0.2.0,active,,IMMZ_Z_DE23,IMMZ.Z.DE23 ValueSet for Yellow fever vaccines,"ValueSet for Yellow fever vaccines for IMMZ.Z.DE23",,"SCT,Internal,hl7.terminology.r4"
http://smart.who.int/immunizations/ValueSet/IMMZ.Z.DE24,0.2.0,active,,IMMZ_Z_DE24,IMMZ.Z.DE24 ValueSet for DTP-containing vaccines,"ValueSet for DTP-containing vaccines for IMMZ.Z.DE24",,"SCT,Internal,hl7.terminology.r4"
http://smart.who.int/immunizations/ValueSet/IMMZ.Z.DE25,0.2.0,active,,IMMZ_Z_DE25,IMMZ.Z.DE25 ValueSet for Dengue vaccines,"ValueSet for Dengue vaccines for IMMZ.Z.DE25",,"Internal,hl7.terminology.r4"
http://smart.who.int/immunizations/ValueSet/IMMZ.Z.DE26,0.2.0,active,,IMMZ_Z_DE26,IMMZ.Z.DE26 ValueSet for COVID-19 vaccines,"ValueSet for COVID-19 vaccines for IMMZ.Z.DE26",,"SCT,Internal,hl7.terminology.r4"
http://smart.who.int/immunizations/ValueSet/IMMZ.Z.DE27,0.2.0,active,,IMMZ_Z_DE27,IMMZ.Z.DE27 ValueSet for Malaria vaccines,"ValueSet for Malaria vaccines for IMMZ.Z.DE27",,"Internal,hl7.terminology.r4"
http://smart.who.int/immunizations/ValueSet/IMMZ.Z.DE28,0.2.0,active,,IMMZ_Z_DE28,IMMZ.Z.DE28 ValueSet for Tetanus and diphtheria-containing vaccines,"ValueSet for Tetanus and diphtheria-containing vaccines for IMMZ.Z.DE28",,"Internal,hl7.terminology.r4"
http://smart.who.int/immunizations/ValueSet/IMMZ.Z.DE29,0.2.0,active,,IMMZ_Z_DE29,IMMZ.Z.DE29 ValueSet for Pentavalent vaccines,"ValueSet for Pentavalent vaccines for IMMZ.Z.DE29",,"Internal,hl7.terminology.r4"
http://smart.who.int/immunizations/ValueSet/IMMZ.Z.DE3,0.2.0,active,,IMMZ_Z_DE3,IMMZ.Z.DE3 ValueSet for Diphtheria-containing vaccines,"ValueSet for Diphtheria-containing vaccines for IMMZ.Z.DE3",,"SCT,Internal,LOINC,hl7.terminology.r4"
http://smart.who.int/immunizations/ValueSet/IMMZ.Z.DE30,0.2.0,active,,IMMZ_Z_DE30,IMMZ.Z.DE30 ValueSet for Oral polio vaccines,"ValueSet for Oral polio vaccines for IMMZ.Z.DE30",,"Internal,hl7.terminology.r4"
http://smart.who.int/immunizations/ValueSet/IMMZ.Z.DE31,0.2.0,active,,IMMZ_Z_DE31,IMMZ.Z.DE31 ValueSet for Inactivated polio vaccines,"ValueSet for Inactivated polio vaccines for IMMZ.Z.DE31",,"Internal,hl7.terminology.r4"
http://smart.who.int/immunizations/ValueSet/IMMZ.Z.DE32,0.2.0,active,,IMMZ_Z_DE32,IMMZ.Z.DE32 ValueSet for Measles and rubella-containing vaccines,"ValueSet for Measles and rubella-containing vaccines for IMMZ.Z.DE32",,"Internal,LOINC,hl7.terminology.r4"
http://smart.who.int/immunizations/ValueSet/IMMZ.Z.DE33,0.2.0,active,,IMMZ_Z_DE33,IMMZ.Z.DE33 ValueSet for Tetanus and diphtheria-containing vaccines (DT),"ValueSet for Tetanus and diphtheria-containing vaccines (DT) for IMMZ.Z.DE33",,"Internal,hl7.terminology.r4"
http://smart.who.int/immunizations/ValueSet/IMMZ.Z.DE34,0.2.0,active,,IMMZ_Z_DE34,IMMZ.Z.DE34 ValueSet for Tetanus and diphtheria-containing vaccines (Td),"ValueSet for Tetanus and diphtheria-containing vaccines (Td) for IMMZ.Z.DE34",,"Internal,hl7.terminology.r4"
http://smart.who.int/immunizations/ValueSet/IMMZ.Z.DE4,0.2.0,active,,IMMZ_Z_DE4,IMMZ.Z.DE4 ValueSet for Hib-containing vaccines,"ValueSet for Hib-containing vaccines for IMMZ.Z.DE4",,"SCT,Internal,LOINC,hl7.terminology.r4"
http://smart.who.int/immunizations/ValueSet/IMMZ.Z.DE5,0.2.0,active,,IMMZ_Z_DE5,IMMZ.Z.DE5 ValueSet for Hepatitis A-containing vaccines,"ValueSet for Hepatitis A-containing vaccines for IMMZ.Z.DE5",,"SCT,Internal,hl7.terminology.r4"
http://smart.who.int/immunizations/ValueSet/IMMZ.Z.DE6,0.2.0,active,,IMMZ_Z_DE6,IMMZ.Z.DE6 ValueSet for Hepatitis B-containing vaccines,"ValueSet for Hepatitis B-containing vaccines for IMMZ.Z.DE6",,"SCT,Internal,LOINC,hl7.terminology.r4"
http://smart.who.int/immunizations/ValueSet/IMMZ.Z.DE7,0.2.0,active,,IMMZ_Z_DE7,IMMZ.Z.DE7 ValueSet for HPV vaccines,"ValueSet for HPV vaccines for IMMZ.Z.DE7",,"SCT,Internal,hl7.terminology.r4"
http://smart.who.int/immunizations/ValueSet/IMMZ.Z.DE8,0.2.0,active,,IMMZ_Z_DE8,IMMZ.Z.DE8 ValueSet for JE vaccines,"ValueSet for JE vaccines for IMMZ.Z.DE8",,"SCT,Internal,hl7.terminology.r4"
http://smart.who.int/immunizations/ValueSet/IMMZ.Z.DE9,0.2.0,active,,IMMZ_Z_DE9,IMMZ.Z.DE9 ValueSet for Measles-containing vaccines,"ValueSet for Measles-containing vaccines for IMMZ.Z.DE9",,"SCT,Internal,LOINC,hl7.terminology.r4"
http://smart.who.int/immunizations/ValueSet/IMMZ.Z.LiveAttenuated,0.2.0,active,,IMMZ_Z_LiveAttenuated,IMMZ.Z.LiveAttenuated ValueSet for live attenuated vaccines,"ValueSet for live attenuated vaccine types for IMMZ.Z.LiveAttenuated",,"SCT,hl7.terminology.r4"
http://smart.who.int/immunizations/ValueSet/IMMZ.Z.VS,0.2.0,active,,IMMZ_Z_VS,IMMZ.Z.VS ValueSet for vaccine types,"ValueSet for vaccine types for IMMZ.Z",,
http://smart.who.int/immunizations/ValueSet/IMMZD18SBCGVS,0.2.0,active,,IMMZD18SBCGVS,IMMZD18SBCG ValueSet for Decision Table,"ValueSet IMMZD18SBCG for IMMZ.D18.S.BCG schedule. Business rule: Determine if the client is due for a bacille Calmette–Guérin (BCG) vaccination according to the national immunization schedule Trigger: IMMZ.D2 Determine required vaccination(s) if any Table: IMMZ.D18.S.BCG schedule",,"Internal"
http://smart.who.int/immunizations/ValueSet/IMMZD18SCholeraWCRBSVaccine2DosesVS,0.2.0,active,,IMMZD18SCholeraWCRBSVaccine2DosesVS,IMMZD18SCholeraWCRBSVaccine2Doses ValueSet for Decision Table,"ValueSet IMMZD18SCholeraWCRBSVaccine2Doses for IMMZ.D18.S.Cholera.WC-rBS vaccine 2-dose schedule. Business rule: Determine if the client is due for a cholera vaccination according to the national immunization schedule Trigger: IMMZ.D2 Determine required vaccination(s) if any Table: Whole cell-recombinant B subunit (WC-rBS) vaccine (Dukoral), 2-dose schedule for clients aged ≥ 6 years",,"Internal"
http://smart.who.int/immunizations/ValueSet/IMMZD18SCholeraWCRBSVaccine3DosesVS,0.2.0,active,,IMMZD18SCholeraWCRBSVaccine3DosesVS,IMMZD18SCholeraWCRBSVaccine3Doses ValueSet for Decision Table,"ValueSet IMMZD18SCholeraWCRBSVaccine3Doses for IMMZ.D18.S.Cholera.WC-rBS vaccine 3-dose schedule. Business rule: Determine if the client is due for a cholera vaccination according to the national immunization schedule Trigger: IMMZ.D2 Determine required vaccination(s) if any Table: Whole cell-recombinant B subunit (WC-rBS) vaccine (Dukoral), 3-dose schedule for clients aged 2–5 years",,"Internal"
http://smart.who.int/immunizations/ValueSet/IMMZD18SCholeraWCVaccinesVS,0.2.0,active,,IMMZD18SCholeraWCVaccinesVS,IMMZD18SCholeraWCVaccines ValueSet for Decision Table,"ValueSet IMMZD18SCholeraWCVaccines for IMMZ.D18.S.Cholera.WC vaccines schedule. Business rule: Determine if the client is due for a cholera vaccination according to the national immunization schedule Trigger: IMMZ.D2 Determine required vaccination(s) if any Table: Whole-cell (WC) vaccines (Shanchol, Euvchol and mORCVAX), 2-dose schedule",,"Internal"
http://smart.who.int/immunizations/ValueSet/IMMZD18SDTPDelayedOrInterruptedSeriesVS,0.2.0,active,,IMMZD18SDTPDelayedOrInterruptedSeriesVS,IMMZD18SDTPDelayedOrInterruptedSeries ValueSet for Decision Table,"ValueSet IMMZD18SDTPDelayedOrInterruptedSeries for IMMZ.D18.S.DTP.Delayed or interrupted schedule. Business rule: Determine if the client is due for a diphtheria–tetanus–pertussis (DTP) vaccination according to the national immunization schedule Trigger: IMMZ.D2 Determine required vaccination(s) if any Table: Diphtheria–tetanus–pertussis (DTP) vaccination schedule for the following groups: children ≥ 1 year of age with no previous immunization, adolescents and adults with no previous immunization (including pregnant women) and supplementary immunization activities in high-risk areas, for women of reproductive age",,"Internal"
http://smart.who.int/immunizations/ValueSet/IMMZD18SDTPOnTimeStartVS,0.2.0,active,,IMMZD18SDTPOnTimeStartVS,IMMZD18SDTPOnTimeStart ValueSet for Decision Table,"ValueSet IMMZD18SDTPOnTimeStart for IMMZ.D18.S.DTP.On-time start schedule. Business rule: Determine if the client is due for a diphtheria–tetanus–pertussis (DTP) vaccination according to the national immunization schedule Trigger: IMMZ.D2 Determine required vaccination(s) if any Table: Diphtheria–tetanus–pertussis (DTP) vaccination schedule, on-time start (at ≤ 12 months of age)",,"Internal"
http://smart.who.int/immunizations/ValueSet/IMMZD18SDTPPregnancyStartingWith3DosesVS,0.2.0,active,,IMMZD18SDTPPregnancyStartingWith3DosesVS,IMMZD18SDTPPregnancyStartingWith3Doses ValueSet for Decision Table,"ValueSet IMMZD18SDTPPregnancyStartingWith3Doses for IMMZ.D18.S.DTP.Pregnancy starting with 3 doses schedule. Business rule: Determine if the client is due for a diphtheria–tetanus–pertussis (DTP) vaccination according to the national immunization schedule Trigger: IMMZ.D2 Determine required vaccination(s) if any Table: Diphtheria and tetanus vaccination schedule in pregnant women who received 3 childhood diphtheria–tetanus–pertussis (DTP) doses",,"Internal"
http://smart.who.int/immunizations/ValueSet/IMMZD18SDTPPregnancyStartingWith4DosesVS,0.2.0,active,,IMMZD18SDTPPregnancyStartingWith4DosesVS,IMMZD18SDTPPregnancyStartingWith4Doses ValueSet for Decision Table,"ValueSet IMMZD18SDTPPregnancyStartingWith4Doses for IMMZ.D18.S.DTP.Pregnancy starting with 4 doses schedule. Business rule: Determine if the client is due for a diphtheria–tetanus–pertussis (DTP) vaccination according to the national immunization schedule Trigger: IMMZ.D2 Determine required vaccination(s) if any Table: Diphtheria and tetanus vaccination schedule in pregnant women who received 4 childhood diphtheria–tetanus–pertussis (DTP) doses",,"Internal"
http://smart.who.int/immunizations/ValueSet/IMMZD18SDengue3DosesWithPreVaccinationScreeningVS,0.2.0,active,,IMMZD18SDengue3DosesWithPreVaccinationScreeningVS,IMMZD18SDengue3DosesWithPreVaccinationScreening ValueSet for Decision Table,"ValueSet IMMZD18SDengue3DosesWithPreVaccinationScreening for IMMZ.D18.S.Dengue schedule. Business rule: Determine if the client is due for a dengue vaccination according to the national immunization schedule Trigger: IMMZ.D2 Determine required vaccination(s) if any Table: CYD-TDV (Dengvaxia), 3-dose schedule",,"Internal"
http://smart.who.int/immunizations/ValueSet/IMMZD18SHPV2DosesVS,0.2.0,active,,IMMZD18SHPV2DosesVS,IMMZD18SHPV2Doses ValueSet for Decision Table,"ValueSet IMMZD18SHPV2Doses for IMMZ.D18.S.HPV.2-dose schedule. Business rule: Determine if the client is due for a human papillomavirus (HPV) vaccination according to the national immunization schedule Trigger: IMMZ.D2 Determine required vaccination(s) if any Table: 2-dose schedule",,"Internal"
http://smart.who.int/immunizations/ValueSet/IMMZD18SHPVSingleDoseVS,0.2.0,active,,IMMZD18SHPVSingleDoseVS,IMMZD18SHPVSingleDose ValueSet for Decision Table,"ValueSet IMMZD18SHPVSingleDose for IMMZ.D18.S.Single-dose schedule. Business rule: Determine if the client is due for a human papillomavirus (HPV) vaccination according to the national immunization schedule Trigger: IMMZ.D2 Determine required vaccination(s) if any Table: Alternative single-dose schedule",,"Internal"
http://smart.who.int/immunizations/ValueSet/IMMZD18SHepatitisAInactivatedHAV1DoseVS,0.2.0,active,,IMMZD18SHepatitisAInactivatedHAV1DoseVS,IMMZD18SHepatitisAInactivatedHAV1Dose ValueSet for Decision Table,"ValueSet IMMZD18SHepatitisAInactivatedHAV1Dose for IMMZ.D18.S.Hepatitis A.Inactivated HAV 1-dose schedule. Business rule: Determine if the client is due for a hepatitis A vaccination according to the national immunization schedule Trigger: IMMZ.D2 Determine required vaccination(s) if any Table: Inactivated hepatitis A virus (HAV), 1-dose schedule",,"Internal"
http://smart.who.int/immunizations/ValueSet/IMMZD18SHepatitisAInactivatedHAV2DosesVS,0.2.0,active,,IMMZD18SHepatitisAInactivatedHAV2DosesVS,IMMZD18SHepatitisAInactivatedHAV2Doses ValueSet for Decision Table,"ValueSet IMMZD18SHepatitisAInactivatedHAV2Doses for IMMZ.D18.S.Hepatitis A.Inactivated HAV 2-dose schedule. Business rule: Determine if the client is due for a hepatitis A vaccination according to the national immunization schedule Trigger: IMMZ.D2 Determine required vaccination(s) if any Table: Inactivated hepatitis A virus (HAV), 2-dose schedule",,"Internal"
http://smart.who.int/immunizations/ValueSet/IMMZD18SHepatitisALiveAttenuatedHAV1DoseVS,0.2.0,active,,IMMZD18SHepatitisALiveAttenuatedHAV1DoseVS,IMMZD18SHepatitisALiveAttenuatedHAV1Dose ValueSet for Decision Table,"ValueSet IMMZD18SHepatitisALiveAttenuatedHAV1Dose for IMMZ.D18.S.Hepatitis A.Live attenuated HAV 1-dose schedule. Business rule: Determine if the client is due for a hepatitis A vaccination according to the national immunization schedule Trigger: IMMZ.D2 Determine required vaccination(s) if any Table: Live attenuated hepatitis A virus (HAV), 1 dose schedule",,"Internal"
http://smart.who.int/immunizations/ValueSet/IMMZD18SHib2DosesWithBoosterDoseVS,0.2.0,active,,IMMZD18SHib2DosesWithBoosterDoseVS,IMMZD18SHib2DosesWithBoosterDose ValueSet for Decision Table,"ValueSet IMMZD18SHib2DosesWithBoosterDose for IMMZ.D18.S.Hib.2 doses with booster dose schedule. Business rule: Determine if the client is due for a Haemophilus influenzae type b (Hib) vaccination according to the national immunization schedule Trigger: IMMZ.D2 Determine required vaccination(s) if any Table: 2 primary doses with a booster dose (2p+1) schedule",,"Internal"
http://smart.who.int/immunizations/ValueSet/IMMZD18SHib3DosesVS,0.2.0,active,,IMMZD18SHib3DosesVS,IMMZD18SHib3Doses ValueSet for Decision Table,"ValueSet IMMZD18SHib3Doses for IMMZ.D18.S.Hib.3 doses schedule. Business rule: Determine if the client is due for a Haemophilus influenzae type b (Hib) vaccination according to the national immunization schedule Trigger: IMMZ.D2 Determine required vaccination(s) if any Table: 3 primary doses without a booster dose (3p) schedule",,"Internal"
http://smart.who.int/immunizations/ValueSet/IMMZD18SHib3DosesWithBoosterDoseVS,0.2.0,active,,IMMZD18SHib3DosesWithBoosterDoseVS,IMMZD18SHib3DosesWithBoosterDose ValueSet for Decision Table,"ValueSet IMMZD18SHib3DosesWithBoosterDose for IMMZ.D18.S.Hib.3 doses with booster dose schedule. Business rule: Determine if the client is due for a Haemophilus influenzae type b (Hib) vaccination according to the national immunization schedule Trigger: IMMZ.D2 Determine required vaccination(s) if any Table: 3 primary doses with a booster dose (3p+1) schedule",,"Internal"
http://smart.who.int/immunizations/ValueSet/IMMZD18SJEInactivatedVeroCellDerivedVaccineVS,0.2.0,active,,IMMZD18SJEInactivatedVeroCellDerivedVaccineVS,IMMZD18SJEInactivatedVeroCellDerivedVaccine ValueSet for Decision Table,"ValueSet IMMZD18SJEInactivatedVeroCellDerivedVaccine for IMMZ.D18.S.JE.Inactivated Vero cell-derived vaccination schedule. Business rule: Determine if the client is due for a Japanese encephalitis (JE) vaccination according to the national immunization schedule Trigger: IMMZ.D2 Determine required vaccination(s) if any Table: Inactivated Vero cell-derived vaccination schedule (2-dose scheme)",,"Internal"
http://smart.who.int/immunizations/ValueSet/IMMZD18SJELiveAttenuatedVaccineVS,0.2.0,active,,IMMZD18SJELiveAttenuatedVaccineVS,IMMZD18SJELiveAttenuatedVaccine ValueSet for Decision Table,"ValueSet IMMZD18SJELiveAttenuatedVaccine for IMMZ.D18.S.JE.Live attenuated vaccination schedule. Business rule: Determine if the client is due for a Japanese encephalitis (JE) vaccination according to the national immunization schedule Trigger: IMMZ.D2 Determine required vaccination(s) if any Table: Live attenuated vaccination schedule (1-dose scheme)",,"Internal"
http://smart.who.int/immunizations/ValueSet/IMMZD18SJELiveRecombinantVaccineVS,0.2.0,active,,IMMZD18SJELiveRecombinantVaccineVS,IMMZD18SJELiveRecombinantVaccine ValueSet for Decision Table,"ValueSet IMMZD18SJELiveRecombinantVaccine for IMMZ.D18.S.JE.Live recombinant vaccination schedule. Business rule: Determine if the client is due for a Japanese encephalitis (JE) vaccination according to the national immunization schedule Trigger: IMMZ.D2 Determine required vaccination(s) if any Table: Live recombinant vaccination schedule (1-dose scheme)",,"Internal"
http://smart.who.int/immunizations/ValueSet/IMMZD18SMalariaVS,0.2.0,active,,IMMZD18SMalariaVS,IMMZD18SMalaria ValueSet for Decision Table,"ValueSet IMMZD18SMalaria for IMMZ.D18.S.Malaria schedule. Business rule: Determine if the client is due for a malaria vaccination according to the national immunization schedule Trigger: IMMZ.D2 Determine required vaccination(s) if any Table: 4-dose schedule",,"Internal"
http://smart.who.int/immunizations/ValueSet/IMMZD18SMeaslesLowTransmissionVS,0.2.0,active,,IMMZD18SMeaslesLowTransmissionVS,IMMZD18SMeaslesLowTransmission ValueSet for Decision Table,"ValueSet IMMZD18SMeaslesLowTransmission for IMMZ.D18.S.Measles.Low transmission schedule. Business rule: Determine if the client is due for a measles vaccination according to the national immunization schedule Trigger: IMMZ.D2 Determine required vaccination(s) if any Table: Schedule for countries with low levels of measles transmission (countries that provide first dose of measles-containing vaccine (MCV) at 12 months and second dose of MCV at 15 months)",,"Internal"
http://smart.who.int/immunizations/ValueSet/IMMZD18SMeaslesMCVDose0VS,0.2.0,active,,IMMZD18SMeaslesMCVDose0VS,IMMZD18SMeaslesMCVDose0 ValueSet for Decision Table,"ValueSet IMMZD18SMeaslesMCVDose0 for IMMZ.D18.S.Measles.MCV dose 0 schedule. Business rule: Determine if the client is due for a measles vaccination according to the national immunization schedule Trigger: IMMZ.D2 Determine required vaccination(s) if any Table: Measles-containing vaccine dose 0 (MCV0) schedule",,"Internal"
http://smart.who.int/immunizations/ValueSet/IMMZD18SMeaslesOngoingTransmissionVS,0.2.0,active,,IMMZD18SMeaslesOngoingTransmissionVS,IMMZD18SMeaslesOngoingTransmission ValueSet for Decision Table,"ValueSet IMMZD18SMeaslesOngoingTransmission for IMMZ.D18.S.Measles.Ongoing transmission schedule. Business rule: Determine if the client is due for a measles vaccination according to the national immunization schedule Trigger: IMMZ.D2 Determine required vaccination(s) if any Table: Countries with ongoing transmission in which the risk of measles mortality remains high (countries that provide first dose of measles-containing vaccine (MCV) at 9 months and second dose of MCV at 15 months)",,"Internal"
http://smart.who.int/immunizations/ValueSet/IMMZD18SMeaslesSupplementaryDoseVS,0.2.0,active,,IMMZD18SMeaslesSupplementaryDoseVS,IMMZD18SMeaslesSupplementaryDose ValueSet for Decision Table,"ValueSet IMMZD18SMeaslesSupplementaryDose for IMMZ.D18.S.Measles.Supplementary dose schedule. Business rule: Check for contraindications before administering the vaccine(s) due Trigger: IMMZ.D5 Determine vaccine(s) to be administered based on contraindications Table: Measles supplementary dose schedule",,"Internal"
http://smart.who.int/immunizations/ValueSet/IMMZD18SMeningococcalMenAConjugateVaccine1DoseVS,0.2.0,active,,IMMZD18SMeningococcalMenAConjugateVaccine1DoseVS,IMMZD18SMeningococcalMenAConjugateVaccine1Dose ValueSet for Decision Table,"ValueSet IMMZD18SMeningococcalMenAConjugateVaccine1Dose for IMMZ.D18.S.Meningococcal.MenA conjugate vaccine 1-dose schedule. Business rule: Determine if the client is due for a meningococcal vaccination according to the national immunization schedule Trigger: IMMZ.D2 Determine required vaccination(s) if any Table: MenA conjugate vaccine, 1-dose schedule",,"Internal"
http://smart.who.int/immunizations/ValueSet/IMMZD18SMeningococcalMenAConjugateVaccine2DosesVS,0.2.0,active,,IMMZD18SMeningococcalMenAConjugateVaccine2DosesVS,IMMZD18SMeningococcalMenAConjugateVaccine2Doses ValueSet for Decision Table,"ValueSet IMMZD18SMeningococcalMenAConjugateVaccine2Doses for IMMZ.D18.S.Meningococcal.MenA conjugate vaccine 2-dose schedule. Business rule: Determine if the client is due for a meningococcal vaccination according to the national immunization schedule Trigger: IMMZ.D2 Determine required vaccination(s) if any Table: MenA conjugate vaccine, 2-dose schedule (specific context where there is a compelling reason to vaccinate infants aged under 9 months)",,"Internal"
http://smart.who.int/immunizations/ValueSet/IMMZD18SMeningococcalMonovalentMenCConjugateVaccineVS,0.2.0,active,,IMMZD18SMeningococcalMonovalentMenCConjugateVaccineVS,IMMZD18SMeningococcalMonovalentMenCConjugateVaccine ValueSet for Decision Table,"ValueSet IMMZD18SMeningococcalMonovalentMenCConjugateVaccine for IMMZ.D18.S.Meningococcal.Monovalent MenC conjugate vaccine schedule. Business rule: Determine if the client is due for a meningococcal vaccination according to the national immunization schedule Trigger: IMMZ.D2 Determine required vaccination(s) if any Table: Monovalent MenC conjugate schedule",,"Internal"
http://smart.who.int/immunizations/ValueSet/IMMZD18SMeningococcalPolysaccharideVaccinesVS,0.2.0,active,,IMMZD18SMeningococcalPolysaccharideVaccinesVS,IMMZD18SMeningococcalPolysaccharideVaccines ValueSet for Decision Table,"ValueSet IMMZD18SMeningococcalPolysaccharideVaccines for IMMZ.D18.S.Meningococcal.Polysaccharide vaccines schedule. Business rule: Determine if the client is due for a meningococcal vaccination according to the national immunization schedule Trigger: IMMZ.D2 Determine required vaccination(s) if any Table: Polysaccharide vaccines, 1-dose and booster dose schedule",,"Internal"
http://smart.who.int/immunizations/ValueSet/IMMZD18SMeningococcalQuadrivalentConjugateVaccines1DoseVS,0.2.0,active,,IMMZD18SMeningococcalQuadrivalentConjugateVaccines1DoseVS,IMMZD18SMeningococcalQuadrivalentConjugateVaccines1Dose ValueSet for Decision Table,"ValueSet IMMZD18SMeningococcalQuadrivalentConjugateVaccines1Dose for IMMZ.D18.S.Meningococcal.Quadrivalent conjugate vaccines 1-dose schedule. Business rule: Determine if the client is due for a meningococcal vaccination according to the national immunization schedule Trigger: IMMZ.D2 Determine required vaccination(s) if any Table: Quadrivalent conjugate vaccines (A,C,W135,Y-D and A,C,W135,Y-CRM), 1-dose schedule",,"Internal"
http://smart.who.int/immunizations/ValueSet/IMMZD18SMeningococcalQuadrivalentConjugateVaccines2DosesVS,0.2.0,active,,IMMZD18SMeningococcalQuadrivalentConjugateVaccines2DosesVS,IMMZD18SMeningococcalQuadrivalentConjugateVaccines2Doses ValueSet for Decision Table,"ValueSet IMMZD18SMeningococcalQuadrivalentConjugateVaccines2Doses for IMMZ.D18.S.Meningococcal.Quadrivalent conjugate vaccines 2-dose schedule. Business rule: Determine if the client is due for a meningococcal vaccination according to the national immunization schedule Trigger: IMMZ.D2 Determine required vaccination(s) if any Table: Quadrivalent conjugate vaccine (A,C,W135,Y-D), 2-dose schedule",,"Internal"
http://smart.who.int/immunizations/ValueSet/IMMZD18SMumpsVS,0.2.0,active,,IMMZD18SMumpsVS,IMMZD18SMumps ValueSet for Decision Table,"ValueSet IMMZD18SMumps for IMMZ.D18.S.Mumps schedule. Business rule: Determine if the client is due for a mumps vaccination according to the national immunization schedule Trigger: IMMZ.D2 Determine required vaccination(s) if any Table: 2-dose schedule",,"Internal"
http://smart.who.int/immunizations/ValueSet/IMMZD18SPneumococcal2DosesWithBoosterDoseVS,0.2.0,active,,IMMZD18SPneumococcal2DosesWithBoosterDoseVS,IMMZD18SPneumococcal2DosesWithBoosterDose ValueSet for Decision Table,"ValueSet IMMZD18SPneumococcal2DosesWithBoosterDose for IMMZ.D18.S.Pneumococcal.2 doses with booster dose schedule. Business rule: Determine if the client is due for a pneumococcal vaccination according to the national immunization schedule Trigger: IMMZ.D2 Determine required vaccination(s) if any Table: 2 primary doses with a booster dose (2p+1) schedule",,"Internal"
http://smart.who.int/immunizations/ValueSet/IMMZD18SPneumococcal3DosesVS,0.2.0,active,,IMMZD18SPneumococcal3DosesVS,IMMZD18SPneumococcal3Doses ValueSet for Decision Table,"ValueSet IMMZD18SPneumococcal3Doses for IMMZ.D18.S.Pneumococcal.3 doses schedule. Business rule: Determine if the client is due for a pneumococcal vaccination according to the national immunization schedule Trigger: IMMZ.D2 Determine required vaccination(s) if any Table: 3 primary doses (3p+0) schedule",,"Internal"
http://smart.who.int/immunizations/ValueSet/IMMZD18SPolioBOPVPlusIPVVS,0.2.0,active,,IMMZD18SPolioBOPVPlusIPVVS,IMMZD18SPolioBOPVPlusIPV ValueSet for Decision Table,"ValueSet IMMZD18SPolioBOPVPlusIPV for IMMZ.D18.S.Polio.bOPV plus IPV schedule. Business rule: Determine if the client is due for a poliovirus vaccination according to the national immunization schedule Trigger: IMMZ.D2 Determine required vaccination(s) if any Table: Bivalent oral polio vaccine (bOPV) plus inactivated polio vaccine (IPV) schedule",,"Internal"
http://smart.who.int/immunizations/ValueSet/IMMZD18SPolioBirthDoseVS,0.2.0,active,,IMMZD18SPolioBirthDoseVS,IMMZD18SPolioBirthDose ValueSet for Decision Table,"ValueSet IMMZD18SPolioBirthDose for IMMZ.D18.S.Polio.Birth dose schedule. Business rule: Determine if the client is due for a poliovirus vaccination according to the national immunization schedule Trigger: IMMZ.D2 Determine required vaccination(s) if any Table: Birth dose schedule (in countries that are poliomyelitis (polio)-endemic countries or countries at high risk for importation and subsequent spread of polio that follow the combined bivalent oral polio vaccine [bOPV]–inactivated polio vaccine [IPV] schedule)",,"Internal"
http://smart.who.int/immunizations/ValueSet/IMMZD18SPolioIPVOnlyVS,0.2.0,active,,IMMZD18SPolioIPVOnlyVS,IMMZD18SPolioIPVOnly ValueSet for Decision Table,"ValueSet IMMZD18SPolioIPVOnly for IMMZ.D18.S.Polio.IPV-only schedule. Business rule: Determine if the client is due for a poliovirus vaccination according to the national immunization schedule Trigger: IMMZ.D2 Determine required vaccination(s) if any Table: Inactivated polio vaccine (IPV)-only schedule",,"Internal"
http://smart.who.int/immunizations/ValueSet/IMMZD18SPolioSequentialIPVbOPVVS,0.2.0,active,,IMMZD18SPolioSequentialIPVbOPVVS,IMMZD18SPolioSequentialIPVbOPV ValueSet for Decision Table,"ValueSet IMMZD18SPolioSequentialIPVbOPV for IMMZ.D18.S.Polio.Sequential IPV–bOPV schedule. Business rule: Determine if the client is due for a poliovirus vaccination according to the national immunization schedule Trigger: IMMZ.D2 Determine required vaccination(s) if any Table: Sequential bivalent oral polio vaccine (bOPV)–inactivated polio vaccine (IPV) schedule",,"Internal"
http://smart.who.int/immunizations/ValueSet/IMMZD18SRabiesVS,0.2.0,active,,IMMZD18SRabiesVS,IMMZD18SRabies ValueSet for Decision Table,"ValueSet IMMZD18SRabies for IMMZ.D18.S.Rabies schedule. Business rule: Determine if the client is due for a rabies vaccination according to the national immunization schedule Trigger: IMMZ.D2 Determine required vaccination(s) if any Table: Rabies schedule (2-dose scheme)",,"Internal"
http://smart.who.int/immunizations/ValueSet/IMMZD18SRotavirusVS,0.2.0,active,,IMMZD18SRotavirusVS,IMMZD18SRotavirus ValueSet for Decision Table,"ValueSet IMMZD18SRotavirus for IMMZ.D18.S.Rotavirus schedule. Business rule: Determine if the client is due for a rotavirus vaccination according to the national immunization schedule Trigger: IMMZ.D2 Determine required vaccination(s) if any Table: IMMZ.D18.S.Rotavirus schedule",,"Internal"
http://smart.who.int/immunizations/ValueSet/IMMZD18SRubellaHighIncidenceVS,0.2.0,active,,IMMZD18SRubellaHighIncidenceVS,IMMZD18SRubellaHighIncidence ValueSet for Decision Table,"ValueSet IMMZD18SRubellaHighIncidence for IMMZ.D18.S.Rubella.High incidence schedule. Business rule: Determine if the client is due for a rubella vaccination according to the national immunization schedule Trigger: IMMZ.D2 Determine required vaccination(s) if any Table: Schedule for countries with high incidence and mortality from rubella",,"Internal"
http://smart.who.int/immunizations/ValueSet/IMMZD18SRubellaLowIncidenceVS,0.2.0,active,,IMMZD18SRubellaLowIncidenceVS,IMMZD18SRubellaLowIncidence ValueSet for Decision Table,"ValueSet IMMZD18SRubellaLowIncidence for IMMZ.D18.S.Rubella.Low incidence schedule. Business rule: Determine if the client is due for a rubella vaccination according to the national immunization schedule Trigger: IMMZ.D2 Determine required vaccination(s) if any Table: Schedule for countries with low incidence of rubella",,"Internal"
http://smart.who.int/immunizations/ValueSet/IMMZD18STBEEnceVirVS,0.2.0,active,,IMMZD18STBEEnceVirVS,IMMZD18STBEEnceVir ValueSet for Decision Table,"ValueSet IMMZD18STBEEnceVir for IMMZ.D18.S.TBE.EnceVir schedule. Business rule: Determine if the client is due for a tick-borne encephalitis (TBE) vaccination according to the national immunization schedule Trigger: IMMZ.D2 Determine required vaccination(s) if any Table: EnceVir, 3-dose schedule",,"Internal"
http://smart.who.int/immunizations/ValueSet/IMMZD18STBEEncepurVS,0.2.0,active,,IMMZD18STBEEncepurVS,IMMZD18STBEEncepur ValueSet for Decision Table,"ValueSet IMMZD18STBEEncepur for IMMZ.D18.S.TBE.Encepur schedule. Business rule: Determine if the client is due for a tick-borne encephalitis (TBE) vaccination according to the national immunization schedule Trigger: IMMZ.D2 Determine required vaccination(s) if any Table: Encepur, 3-dose schedule",,"Internal"
http://smart.who.int/immunizations/ValueSet/IMMZD18STBEFSMEImmunVS,0.2.0,active,,IMMZD18STBEFSMEImmunVS,IMMZD18STBEFSMEImmun ValueSet for Decision Table,"ValueSet IMMZD18STBEFSMEImmun for IMMZ.D18.S.TBE.FSME-Immun schedule. Business rule: Determine if the client is due for a tick-borne encephalitis (TBE) vaccination according to the national immunization schedule Trigger: IMMZ.D2 Determine required vaccination(s) if any Table: FSME-Immun, 3-dose schedule",,"Internal"
http://smart.who.int/immunizations/ValueSet/IMMZD18STBETBEMoscowVS,0.2.0,active,,IMMZD18STBETBEMoscowVS,IMMZD18STBETBEMoscow ValueSet for Decision Table,"ValueSet IMMZD18STBETBEMoscow for IMMZ.D18.S.TBE.TBE-Moscow schedule. Business rule: Determine if the client is due for a tick-borne encephalitis (TBE) vaccination according to the national immunization schedule Trigger: IMMZ.D2 Determine required vaccination(s) if any Table: TBE-Moscow, 3-dose schedule",,"Internal"
http://smart.who.int/immunizations/ValueSet/IMMZD18STyphoidTCVVS,0.2.0,active,,IMMZD18STyphoidTCVVS,IMMZD18STyphoidTCV ValueSet for Decision Table,"ValueSet IMMZD18STyphoidTCV for IMMZ.D18.S.Typhoid.TCV schedule. Business rule: Determine if the client is due for a typhoid vaccination according to the national immunization schedule Trigger: IMMZ.D2 Determine required vaccination(s) if any Table: Typhoid conjugate vaccine (TCV), 1 dose schedule",,"Internal"
http://smart.who.int/immunizations/ValueSet/IMMZD18STyphoidTy21aVS,0.2.0,active,,IMMZD18STyphoidTy21aVS,IMMZD18STyphoidTy21a ValueSet for Decision Table,"ValueSet IMMZD18STyphoidTy21a for IMMZ.D18.S.Typhoid.Ty21a schedule. Business rule: Determine if the client is due for a typhoid vaccination according to the national immunization schedule Trigger: IMMZ.D2 Determine required vaccination(s) if any Table: Live attenuated Ty21a vaccine, 3-dose schedule",,"Internal"
http://smart.who.int/immunizations/ValueSet/IMMZD18STyphoidViPSVS,0.2.0,active,,IMMZD18STyphoidViPSVS,IMMZD18STyphoidViPS ValueSet for Decision Table,"ValueSet IMMZD18STyphoidViPS for IMMZ.D18.S.Typhoid.ViPS schedule. Business rule: Determine if the client is due for a typhoid vaccination according to the national immunization schedule Trigger: IMMZ.D2 Determine required vaccination(s) if any Table: Unconjugated Vi polysaccharide (ViPS), 1 dose schedule",,"Internal"
http://smart.who.int/immunizations/ValueSet/IMMZD18SVaricella1DoseVS,0.2.0,active,,IMMZD18SVaricella1DoseVS,IMMZD18SVaricella1Dose ValueSet for Decision Table,"ValueSet IMMZD18SVaricella1Dose for IMMZ.D18.S.Varicella.1-dose schedule. Business rule: Determine if the client is due for a varicella vaccination according to the national immunization schedule Trigger: IMMZ.D2 Determine required vaccination(s) if any Table: 1-dose schedule",,"Internal"
http://smart.who.int/immunizations/ValueSet/IMMZD18SVaricella2DosesVS,0.2.0,active,,IMMZD18SVaricella2DosesVS,IMMZD18SVaricella2Doses ValueSet for Decision Table,"ValueSet IMMZD18SVaricella2Doses for IMMZ.D18.S.Varicella.2-dose schedule. Business rule: Determine if the client is due for a varicella vaccination according to the national immunization schedule Trigger: IMMZ.D2 Determine required vaccination(s) if any Table: 2-dose schedule",,"Internal"
http://smart.who.int/immunizations/ValueSet/IMMZD18SYellowfeverYellowFeverVS,0.2.0,active,,IMMZD18SYellowfeverYellowFeverVS,IMMZD18SYellowfeverYellowFever ValueSet for Decision Table,"ValueSet IMMZD18SYellowfeverYellowFever for IMMZ.D18.S.Yellow fever schedule. Business rule: Determine if the client is due for a yellow fever vaccination according to the national immunization schedule Trigger: IMMZ.D2 Determine required vaccination(s) in any Table: IMMZ.D18.S.Yellow fever schedule",,"Internal"
http://smart.who.int/immunizations/ValueSet/IMMZD2DTBCGVS,0.2.0,active,,IMMZD2DTBCGVS,IMMZD2DTBCG ValueSet for Decision Table,"ValueSet IMMZD2DTBCG for IMMZ.D2.DT.BCG. Business rule: Determine if the client is due for a bacille Calmette–Guérin (BCG) vaccination according to the national immunization schedule Trigger: IMMZ.D2 Determine required vaccination(s) if any Table: IMMZ.D2.DT.BCG",,"Internal"
http://smart.who.int/immunizations/ValueSet/IMMZD2DTCholeraWCRBSVaccine2DosesVS,0.2.0,active,,IMMZD2DTCholeraWCRBSVaccine2DosesVS,IMMZD2DTCholeraWCRBSVaccine2Doses ValueSet for Decision Table,"ValueSet IMMZD2DTCholeraWCRBSVaccine2Doses for IMMZ.D2.DT.Cholera.WC-rBS vaccine 2 doses. Business rule: Determine if the client is due for a cholera vaccination according to the national immunization schedule Trigger: IMMZ.D2 Determine required vaccination(s) if any Table: Whole cell-recombinant B subunit (WC-rBS) vaccine, 2-dose schedule for clients aged over 5 years",,"Internal"
http://smart.who.int/immunizations/ValueSet/IMMZD2DTCholeraWCRBSVaccine3DosesVS,0.2.0,active,,IMMZD2DTCholeraWCRBSVaccine3DosesVS,IMMZD2DTCholeraWCRBSVaccine3Doses ValueSet for Decision Table,"ValueSet IMMZD2DTCholeraWCRBSVaccine3Doses for IMMZ.D2.DT.Cholera.WC-rBS vaccine 3 doses. Business rule: Determine if the client is due for a cholera vaccination according to the national immunization schedule Trigger: IMMZ.D2 Determine required vaccination(s) if any Table: Whole cell-recombinant B subunit (WC-rBS) vaccine, 3-dose schedule for clients aged 2–5 years",,"Internal"
http://smart.who.int/immunizations/ValueSet/IMMZD2DTCholeraWCVaccinesVS,0.2.0,active,,IMMZD2DTCholeraWCVaccinesVS,IMMZD2DTCholeraWCVaccines ValueSet for Decision Table,"ValueSet IMMZD2DTCholeraWCVaccines for IMMZ.D2.DT.Cholera.WC vaccines. Business rule: Determine if the client is due for a cholera vaccination according to the national immunization schedule Trigger: IMMZ.D2 Determine required vaccination(s) if any Table: Whole-cell (WC) vaccines schedule",,"Internal"
http://smart.who.int/immunizations/ValueSet/IMMZD2DTDTPDelayedOrInterruptedSeriesVS,0.2.0,active,,IMMZD2DTDTPDelayedOrInterruptedSeriesVS,IMMZD2DTDTPDelayedOrInterruptedSeries ValueSet for Decision Table,"ValueSet IMMZD2DTDTPDelayedOrInterruptedSeries for IMMZ.D2.DT.DTP.Delayed or interrupted series. Business rule: Determine if the client is due for a diphtheria–tetanus–pertussis (DTP) vaccination according to the national immunization schedule Trigger: IMMZ.D2 Determine required vaccination(s) if any Table: DTP vaccination schedule for the following groups: children ≥ 1 year of age with no previous immunization, adolescents and adults with no previous immunization (including pregnant women) and supplementary immunization activities in high-risk areas, for women of reproductive age",,"Internal"
http://smart.who.int/immunizations/ValueSet/IMMZD2DTDTPOnTimeStartVS,0.2.0,active,,IMMZD2DTDTPOnTimeStartVS,IMMZD2DTDTPOnTimeStart ValueSet for Decision Table,"ValueSet IMMZD2DTDTPOnTimeStart for IMMZ.D2.DT.DTP.On-time start. Business rule: Determine if the client is due for a diphtheria–tetanus–pertussis (DTP) vaccination according to the national immunization schedule Trigger: IMMZ.D2 Determine required vaccination(s) if any Table: DTP vaccination schedule, on-time start (at ≤ 12 months of age)",,"Internal"
http://smart.who.int/immunizations/ValueSet/IMMZD2DTDTPPregnancyStartingWith3DosesVS,0.2.0,active,,IMMZD2DTDTPPregnancyStartingWith3DosesVS,IMMZD2DTDTPPregnancyStartingWith3Doses ValueSet for Decision Table,"ValueSet IMMZD2DTDTPPregnancyStartingWith3Doses for IMMZ.D2.DT.DTP.Pregnancy starting with 3 doses. Business rule: Determine if the client is due for a diphtheria–tetanus–pertussis (DTP) vaccination according to the national immunization schedule Trigger: IMMZ.D2 Determine required vaccination(s) if any Table: Diphtheria and tetanus vaccination schedule in pregnant women who received 3 childhood DTP doses",,"Internal"
http://smart.who.int/immunizations/ValueSet/IMMZD2DTDTPPregnancyStartingWith4DosesVS,0.2.0,active,,IMMZD2DTDTPPregnancyStartingWith4DosesVS,IMMZD2DTDTPPregnancyStartingWith4Doses ValueSet for Decision Table,"ValueSet IMMZD2DTDTPPregnancyStartingWith4Doses for IMMZ.D2.DT.DTP.Pregnancy starting with 4 doses. Business rule: Determine if the client is due for a diphtheria–tetanus–pertussis (DTP) vaccination according to the national immunization schedule Trigger: IMMZ.D2 Determine required vaccination(s) if any Table: Diphtheria and tetanus vaccination schedule in pregnant women who received 4 childhood DTP doses",,"Internal"
http://smart.who.int/immunizations/ValueSet/IMMZD2DTDTPPregnancyVS,0.2.0,active,,IMMZD2DTDTPPregnancyVS,IMMZD2DTDTPPregnancy ValueSet for Decision Table,"ValueSet IMMZD2DTDTPPregnancy for IMMZ.D2.DT.DTP.Pregnancy. Business rule: Determine if the client is due for a diphtheria–tetanus–pertussis (DTP) vaccination according to the national immunization schedule Trigger: IMMZ.D2 Determine required vaccination(s) if any Table: Determine whether DTP-containing vaccines are needed for pregnant women",,"Internal"
http://smart.who.int/immunizations/ValueSet/IMMZD2DTDengue3DosesWithPreVaccinationScreeningVS,0.2.0,active,,IMMZD2DTDengue3DosesWithPreVaccinationScreeningVS,IMMZD2DTDengue3DosesWithPreVaccinationScreening ValueSet for Decision Table,"ValueSet IMMZD2DTDengue3DosesWithPreVaccinationScreening for IMMZ.D2.DT.Dengue.3 doses with pre-vaccination screening. Business rule: Determine if the client is due for a dengue vaccination according to the national immunization schedule Trigger: IMMZ.D2 Determine required vaccination(s) if any Table: CYD-TDV (Dengvaxia), 3-dose schedule with pre-vaccination screening, the recommended strategy where feasible (pre-vaccination screening whereby only those tested seropositive would be vaccinated)",,"Internal"
http://smart.who.int/immunizations/ValueSet/IMMZD2DTDengue3DosesWithoutPreVaccinationScreeningVS,0.2.0,active,,IMMZD2DTDengue3DosesWithoutPreVaccinationScreeningVS,IMMZD2DTDengue3DosesWithoutPreVaccinationScreening ValueSet for Decision Table,"ValueSet IMMZD2DTDengue3DosesWithoutPreVaccinationScreening for IMMZ.D2.DT.Dengue.3 doses without pre-vaccination screening. Business rule: Determine if the client is due for a dengue vaccination according to the national immunization schedule Trigger: IMMZ.D2 Determine required vaccination(s) if any Table: CYD-TDV (Dengvaxia), 3-dose schedule without pre-vaccination screening [when pre-vaccination screening is not feasible and in areas with recent documentation of seroprevalence rates of at least 80% by age 9 years]",,"Internal"
http://smart.who.int/immunizations/ValueSet/IMMZD2DTHPV2DosesVS,0.2.0,active,,IMMZD2DTHPV2DosesVS,IMMZD2DTHPV2Doses ValueSet for Decision Table,"ValueSet IMMZD2DTHPV2Doses for IMMZ.D2.DT.HPV.2 doses. Business rule: Determine if the client is due for a human papillomavirus (HPV) vaccination according to the national immunization schedule Trigger: IMMZ.D2 Determine required vaccination(s) if any Table: 2-dose schedule",,"Internal"
http://smart.who.int/immunizations/ValueSet/IMMZD2DTHPVSingleDoseVS,0.2.0,active,,IMMZD2DTHPVSingleDoseVS,IMMZD2DTHPVSingleDose ValueSet for Decision Table,"ValueSet IMMZD2DTHPVSingleDose for IMMZ.D2.DT.HPV.Single dose. Business rule: Determine if the client is due for a human papillomavirus (HPV) vaccination according to the national immunization schedule Trigger: IMMZ.D2 Determine required vaccination(s) if any Table: Alternative single-dose schedule",,"Internal"
http://smart.who.int/immunizations/ValueSet/IMMZD2DTHepatitisAInactivatedHAV1DoseVS,0.2.0,active,,IMMZD2DTHepatitisAInactivatedHAV1DoseVS,IMMZD2DTHepatitisAInactivatedHAV1Dose ValueSet for Decision Table,"ValueSet IMMZD2DTHepatitisAInactivatedHAV1Dose for IMMZ.D2.DT.Hepatitis A.Inactivated HAV 1 dose. Business rule: Determine if the client is due for a hepatitis A vaccination according to the national immunization schedule Trigger: IMMZ.D2 Determine required vaccination(s) if any Table: Inactivated hepatitis A virus (HAV), 1-dose schedule",,"Internal"
http://smart.who.int/immunizations/ValueSet/IMMZD2DTHepatitisAInactivatedHAV2DosesVS,0.2.0,active,,IMMZD2DTHepatitisAInactivatedHAV2DosesVS,IMMZD2DTHepatitisAInactivatedHAV2Doses ValueSet for Decision Table,"ValueSet IMMZD2DTHepatitisAInactivatedHAV2Doses for IMMZ.D2.DT.Hepatitis A.Inactivated HAV 2 doses. Business rule: Determine if the client is due for a hepatitis A vaccination according to the national immunization schedule Trigger: IMMZ.D2 Determine required vaccination(s) if any Table: Inactivated hepatitis A virus (HAV), 2-dose schedule",,"Internal"
http://smart.who.int/immunizations/ValueSet/IMMZD2DTHepatitisALiveAttenuatedHAV1DoseVS,0.2.0,active,,IMMZD2DTHepatitisALiveAttenuatedHAV1DoseVS,IMMZD2DTHepatitisALiveAttenuatedHAV1Dose ValueSet for Decision Table,"ValueSet IMMZD2DTHepatitisALiveAttenuatedHAV1Dose for IMMZ.D2.DT.Hepatitis A.Live attenuated HAV 1 dose. Business rule: Determine if the client is due for a hepatitis A vaccination according to the national immunization schedule Trigger: IMMZ.D2 Determine required vaccination(s) if any Table: Live attenuated hepatitis A virus (HAV), 1 dose schedule",,"Internal"
http://smart.who.int/immunizations/ValueSet/IMMZD2DTHib2DosesWithBoosterDoseVS,0.2.0,active,,IMMZD2DTHib2DosesWithBoosterDoseVS,IMMZD2DTHib2DosesWithBoosterDose ValueSet for Decision Table,"ValueSet IMMZD2DTHib2DosesWithBoosterDose for IMMZ.D2.DT.Hib.2 doses with booster dose. Business rule: Determine if the client is due for a Haemophilus influenzae type b (Hib) vaccination according to the national immunization schedule Trigger: IMMZ.D2 Determine required vaccination(s) if any Table: 2 primary doses with a booster dose (2p+1)",,"Internal"
http://smart.who.int/immunizations/ValueSet/IMMZD2DTHib3DosesVS,0.2.0,active,,IMMZD2DTHib3DosesVS,IMMZD2DTHib3Doses ValueSet for Decision Table,"ValueSet IMMZD2DTHib3Doses for IMMZ.D2.DT.Hib.3 doses. Business rule: Determine if the client is due for a Haemophilus influenzae type b (Hib) vaccination according to the national immunization schedule Trigger: IMMZ.D2 Determine required vaccination(s) if any Table: 3 primary doses without a booster dose (3p)",,"Internal"
http://smart.who.int/immunizations/ValueSet/IMMZD2DTHib3DosesWithBoosterDoseVS,0.2.0,active,,IMMZD2DTHib3DosesWithBoosterDoseVS,IMMZD2DTHib3DosesWithBoosterDose ValueSet for Decision Table,"ValueSet IMMZD2DTHib3DosesWithBoosterDose for IMMZ.D2.DT.Hib.3 doses with booster dose. Business rule: Determine if the client is due for a Haemophilus influenzae type b (Hib) vaccination according to the national immunization schedule Trigger: IMMZ.D2 Determine required vaccination(s) if any Table: 3 primary doses with a booster dose (3p+1)",,"Internal"
http://smart.who.int/immunizations/ValueSet/IMMZD2DTJEInactivatedVeroCellDerivedVaccineVS,0.2.0,active,,IMMZD2DTJEInactivatedVeroCellDerivedVaccineVS,IMMZD2DTJEInactivatedVeroCellDerivedVaccine ValueSet for Decision Table,"ValueSet IMMZD2DTJEInactivatedVeroCellDerivedVaccine for IMMZ.D2.DT.JE.Inactivated Vero cell-derived vaccine. Business rule: Determine if the client is due for a Japanese encephalitis (JE) vaccination according to the national immunization schedule Trigger: IMMZ.D2 Determine required vaccination(s) if any Table: Inactivated Vero cell-derived vaccination schedule (2-dose scheme) JE vaccination should be integrated into national immunization schedules in all areas where JE is recognized as a public health priority",,"Internal"
http://smart.who.int/immunizations/ValueSet/IMMZD2DTJELiveAttenuatedVaccineVS,0.2.0,active,,IMMZD2DTJELiveAttenuatedVaccineVS,IMMZD2DTJELiveAttenuatedVaccine ValueSet for Decision Table,"ValueSet IMMZD2DTJELiveAttenuatedVaccine for IMMZ.D2.DT.JE.Live attenuated vaccine. Business rule: Determine if the client is due for a Japanese encephalitis (JE) vaccination according to the national immunization schedule Trigger: IMMZ.D2 Determine required vaccination(s) if any Table: Live attenuated vaccination schedule (1-dose scheme) JE vaccination should be integrated into national immunization schedules in all areas where JE is recognized as a public health priority",,"Internal"
http://smart.who.int/immunizations/ValueSet/IMMZD2DTJELiveRecombinantVaccineVS,0.2.0,active,,IMMZD2DTJELiveRecombinantVaccineVS,IMMZD2DTJELiveRecombinantVaccine ValueSet for Decision Table,"ValueSet IMMZD2DTJELiveRecombinantVaccine for IMMZ.D2.DT.JE.Live recombinant vaccine. Business rule: Determine if the client is due for a Japanese encephalitis (JE) vaccination according to the national immunization schedule Trigger: IMMZ.D2 Determine required vaccination(s) if any Table: Live recombinant vaccination schedule (1-dose scheme) JE vaccination should be integrated into national immunization schedules in all areas where JE is recognized as a public health priority",,"Internal"
http://smart.who.int/immunizations/ValueSet/IMMZD2DTMalariaVS,0.2.0,active,,IMMZD2DTMalariaVS,IMMZD2DTMalaria ValueSet for Decision Table,"ValueSet IMMZD2DTMalaria for IMMZ.D2.DT.Malaria. Business rule: Determine if the client is due for a malaria vaccination according to the national immunization schedule Trigger: IMMZ.D2 Determine required vaccination(s) if any Table: 4-dose schedule (The RTS,S/AS01 malaria vaccine should be used for the prevention of Plasmodium falciparum malaria in children living in regions with moderate to high malaria transmission, as defined by WHO)",,"Internal"
http://smart.who.int/immunizations/ValueSet/IMMZD2DTMeaslesLowTransmissionVS,0.2.0,active,,IMMZD2DTMeaslesLowTransmissionVS,IMMZD2DTMeaslesLowTransmission ValueSet for Decision Table,"ValueSet IMMZD2DTMeaslesLowTransmission for IMMZ.D2.DT.Measles.Low transmission. Business rule: Determine if the client is due for a measles vaccination according to the national immunization schedule Trigger: IMMZ.D2 Determine required vaccination(s) if any Table: Countries with low levels of measles transmission (countries that provide first dose of measles-containing vaccine (MCV) at 12 months and second dose of MCV at 15 months)",,"Internal"
http://smart.who.int/immunizations/ValueSet/IMMZD2DTMeaslesMCVDose0VS,0.2.0,active,,IMMZD2DTMeaslesMCVDose0VS,IMMZD2DTMeaslesMCVDose0 ValueSet for Decision Table,"ValueSet IMMZD2DTMeaslesMCVDose0 for IMMZ.D2.DT.Measles.MCV dose 0. Business rule: Determine if the client is due for a measles vaccination according to the national immunization schedule Trigger: IMMZ.D2 Determine required vaccination(s) if any Table: Measles-containing vaccine dose 0 (MCV0) administration",,"Internal"
http://smart.who.int/immunizations/ValueSet/IMMZD2DTMeaslesOngoingTransmissionVS,0.2.0,active,,IMMZD2DTMeaslesOngoingTransmissionVS,IMMZD2DTMeaslesOngoingTransmission ValueSet for Decision Table,"ValueSet IMMZD2DTMeaslesOngoingTransmission for IMMZ.D2.DT.Measles.Ongoing transmission. Business rule: Determine if the client is due for a measles vaccination according to the national immunization schedule Trigger: IMMZ.D2 Determine required vaccination(s) if any Table: Countries with ongoing transmission in which the risk of measles mortality remains high (countries that provide first dose of measles-containing vaccine (MCV) at 9 months and second dose of MCV at 15 months)",,"Internal"
http://smart.who.int/immunizations/ValueSet/IMMZD2DTMeaslesSupplementaryDoseVS,0.2.0,active,,IMMZD2DTMeaslesSupplementaryDoseVS,IMMZD2DTMeaslesSupplementaryDose ValueSet for Decision Table,"ValueSet IMMZD2DTMeaslesSupplementaryDose for IMMZ.D2.DT.Measles.Supplementary dose. Business rule: Check for contraindications before administering the vaccine(s) due Trigger: IMMZ.D5 Determine vaccine(s) to be administered based on contraindications Table: IMMZ.D2.DT.Measles.Supplementary dose",,"Internal"
http://smart.who.int/immunizations/ValueSet/IMMZD2DTMeningococcalMenAConjugateVaccine1DoseVS,0.2.0,active,,IMMZD2DTMeningococcalMenAConjugateVaccine1DoseVS,IMMZD2DTMeningococcalMenAConjugateVaccine1Dose ValueSet for Decision Table,"ValueSet IMMZD2DTMeningococcalMenAConjugateVaccine1Dose for IMMZ.D2.DT.Meningococcal.MenA conjugate vaccine 1 dose. Business rule: Determine if the client is due for a meningococcal vaccination according to the national immunization schedule Trigger: IMMZ.D2 Determine required vaccination(s) if any Table: MenA conjugate vaccine, 1-dose schedule",,"Internal"
http://smart.who.int/immunizations/ValueSet/IMMZD2DTMeningococcalMenAConjugateVaccine2DosesVS,0.2.0,active,,IMMZD2DTMeningococcalMenAConjugateVaccine2DosesVS,IMMZD2DTMeningococcalMenAConjugateVaccine2Doses ValueSet for Decision Table,"ValueSet IMMZD2DTMeningococcalMenAConjugateVaccine2Doses for IMMZ.D2.DT.Meningococcal.MenA conjugate vaccine 2 doses. Business rule: Determine if the client is due for a meningococcal vaccination according to the national immunization schedule Trigger: IMMZ.D2 Determine required vaccination(s) if any Table: MenA conjugate vaccine, 2-dose schedule (specific context where there is a compelling reason to vaccinate infants aged under 9 months)",,"Internal"
http://smart.who.int/immunizations/ValueSet/IMMZD2DTMeningococcalMonovalentMenCConjugateVaccineVS,0.2.0,active,,IMMZD2DTMeningococcalMonovalentMenCConjugateVaccineVS,IMMZD2DTMeningococcalMonovalentMenCConjugateVaccine ValueSet for Decision Table,"ValueSet IMMZD2DTMeningococcalMonovalentMenCConjugateVaccine for IMMZ.D2.DT.Meningococcal.Monovalent MenC conjugate vaccine. Business rule: Determine if the client is due for a meningococcal vaccination according to the national immunization schedule Trigger: IMMZ.D2 Determine required vaccination(s) if any Table: Monovalent MenC conjugate vaccine schedule",,"Internal"
http://smart.who.int/immunizations/ValueSet/IMMZD2DTMeningococcalPolysaccharideVaccinesVS,0.2.0,active,,IMMZD2DTMeningococcalPolysaccharideVaccinesVS,IMMZD2DTMeningococcalPolysaccharideVaccines ValueSet for Decision Table,"ValueSet IMMZD2DTMeningococcalPolysaccharideVaccines for IMMZ.D2.DT.Meningococcal.Polysaccharide vaccines. Business rule: Determine if the client is due for a meningococcal vaccination according to the national immunization schedule Trigger: IMMZ.D2 Determine required vaccination(s) if any Table: Polysaccharide vaccines schedule (Polysaccharide vaccines can be used to control outbreaks in countries where limited economic resources or insufficient supply restrict the use of meningococcal conjugate vaccines)",,"Internal"
http://smart.who.int/immunizations/ValueSet/IMMZD2DTMeningococcalQuadrivalentConjugateVaccines1DoseVS,0.2.0,active,,IMMZD2DTMeningococcalQuadrivalentConjugateVaccines1DoseVS,IMMZD2DTMeningococcalQuadrivalentConjugateVaccines1Dose ValueSet for Decision Table,"ValueSet IMMZD2DTMeningococcalQuadrivalentConjugateVaccines1Dose for IMMZ.D2.DT.Meningococcal.Quadrivalent conjugate vaccines 1 dose. Business rule: Determine if the client is due for a meningococcal vaccination according to the national immunization schedule Trigger: IMMZ.D2 Determine required vaccination(s) if any Table: Quadrivalent conjugate vaccines (A,C,W135,Y-CRM), 1-dose schedule",,"Internal"
http://smart.who.int/immunizations/ValueSet/IMMZD2DTMeningococcalQuadrivalentConjugateVaccines2DosesVS,0.2.0,active,,IMMZD2DTMeningococcalQuadrivalentConjugateVaccines2DosesVS,IMMZD2DTMeningococcalQuadrivalentConjugateVaccines2Doses ValueSet for Decision Table,"ValueSet IMMZD2DTMeningococcalQuadrivalentConjugateVaccines2Doses for IMMZ.D2.DT.Meningococcal.Quadrivalent conjugate vaccines 2 doses. Business rule: Determine if the client is due for a meningococcal vaccination according to the national immunization schedule Trigger: IMMZ.D2 Determine required vaccination(s) if any Table: Quadrivalent conjugate vaccines (A,C,W135,Y-D), 2-dose schedule",,"Internal"
http://smart.who.int/immunizations/ValueSet/IMMZD2DTMumpsVS,0.2.0,active,,IMMZD2DTMumpsVS,IMMZD2DTMumps ValueSet for Decision Table,"ValueSet IMMZD2DTMumps for IMMZ.D2.DT.Mumps. Business rule: Determine if the client is due for a mumps vaccination according to the national immunization schedule Trigger: IMMZ.D2 Determine required vaccination(s) if any Table: 2-dose schedule (countries with mumps in schedule and low transmission of measles)",,"Internal"
http://smart.who.int/immunizations/ValueSet/IMMZD2DTPneumococcal2DosesWithBoosterDoseVS,0.2.0,active,,IMMZD2DTPneumococcal2DosesWithBoosterDoseVS,IMMZD2DTPneumococcal2DosesWithBoosterDose ValueSet for Decision Table,"ValueSet IMMZD2DTPneumococcal2DosesWithBoosterDose for IMMZ.D2.DT.Pneumococcal.2 doses with booster dose. Business rule: Determine if the client is due for a pneumococcal vaccination according to the national immunization schedule Trigger: IMMZ.D2 Determine required vaccination(s) if any Table: 2 primary doses with a booster dose (2p+1)",,"Internal"
http://smart.who.int/immunizations/ValueSet/IMMZD2DTPneumococcal3DosesVS,0.2.0,active,,IMMZD2DTPneumococcal3DosesVS,IMMZD2DTPneumococcal3Doses ValueSet for Decision Table,"ValueSet IMMZD2DTPneumococcal3Doses for IMMZ.D2.DT.Pneumococcal.3 doses. Business rule: Determine if the client is due for a pneumococcal vaccination according to the national immunization schedule Trigger: IMMZ.D2 Determine required vaccination(s) if any Table: 3 primary doses (3p+0)",,"Internal"
http://smart.who.int/immunizations/ValueSet/IMMZD2DTPolioBOPVPlusIPVVS,0.2.0,active,,IMMZD2DTPolioBOPVPlusIPVVS,IMMZD2DTPolioBOPVPlusIPV ValueSet for Decision Table,"ValueSet IMMZD2DTPolioBOPVPlusIPV for IMMZ.D2.DT.Polio.bOPV plus IPV. Business rule: Determine if the client is due for a poliovirus vaccination according to the national immunization schedule Trigger: IMMZ.D2 Determine required vaccination(s) if any Table: ""Bivalent oral polio vaccine (bOPV) plus inactivated polio vaccine (IPV)"" schedule (applicable for all countries)",,"Internal"
http://smart.who.int/immunizations/ValueSet/IMMZD2DTPolioBirthDoseVS,0.2.0,active,,IMMZD2DTPolioBirthDoseVS,IMMZD2DTPolioBirthDose ValueSet for Decision Table,"ValueSet IMMZD2DTPolioBirthDose for IMMZ.D2.DT.Polio.Birth dose. Business rule: Determine if the client is due for a poliovirus vaccination according to the national immunization schedule Trigger: IMMZ.D2 Determine required vaccination(s) if any Table: Birth dose administration as part of ""bivalent oral polio vaccine (bOPV) plus inactivated polio vaccine (IPV)"" schedule (in countries that are poliomyelitis (polio)-endemic countries or at high risk of importation and subsequent spread of polio that follow the combined bOPV–IPV schedule)",,"Internal"
http://smart.who.int/immunizations/ValueSet/IMMZD2DTPolioIPVOnlyVS,0.2.0,active,,IMMZD2DTPolioIPVOnlyVS,IMMZD2DTPolioIPVOnly ValueSet for Decision Table,"ValueSet IMMZD2DTPolioIPVOnly for IMMZ.D2.DT.Polio.IPV-only. Business rule: Determine if the client is due for a poliovirus vaccination according to the national immunization schedule Trigger: IMMZ.D2 Determine required vaccination(s) if any Table: Inactivated polio vaccine (IPV)-only (in countries, in polio-free regions, with a very low risk of importation and sustained high routine immunization coverage (third dose of the diphtheria–tetanus–pertussis vaccine [DTP3] > 90%)",,"Internal"
http://smart.who.int/immunizations/ValueSet/IMMZD2DTPolioSequentialIPVbOPVVS,0.2.0,active,,IMMZD2DTPolioSequentialIPVbOPVVS,IMMZD2DTPolioSequentialIPVbOPV ValueSet for Decision Table,"ValueSet IMMZD2DTPolioSequentialIPVbOPV for IMMZ.D2.DT.Polio.Sequential IPV–bOPV. Business rule: Determine if the client is due for a poliovirus vaccination according to the national immunization schedule Trigger: IMMZ.D2 Determine required vaccination(s) if any Table: Sequential ""Bivalent oral polio vaccine (bOPV)–inactivated polio vaccine (IPV)"" schedule (in countries with high vaccination coverage [e.g. 90–95%] and low importation risk [where neighbouring countries and/or countries that share substantial population movement have a similarly high coverage])",,"Internal"
http://smart.who.int/immunizations/ValueSet/IMMZD2DTRabiesVS,0.2.0,active,,IMMZD2DTRabiesVS,IMMZD2DTRabies ValueSet for Decision Table,"ValueSet IMMZD2DTRabies for IMMZ.D2.DT.Rabies. Business rule: Determine if the client is due for a rabies vaccination according to the national immunization schedule Trigger: IMMZ.D2 Determine required vaccination(s) if any Table: Pre-exposure prophylaxis (PrEP), 2-dose scheme; high risk of rabies virus exposure",,"Internal"
http://smart.who.int/immunizations/ValueSet/IMMZD2DTRotavirusVS,0.2.0,active,,IMMZD2DTRotavirusVS,IMMZD2DTRotavirus ValueSet for Decision Table,"ValueSet IMMZD2DTRotavirus for IMMZ.D2.DT.Rotavirus. Business rule: Determine if the client is due for a rotavirus vaccination according to the national immunization schedule Trigger: IMMZ.D2 Determine required vaccination(s) if any Table: IMMZ.D2.DT.Rotavirus",,"Internal"
http://smart.who.int/immunizations/ValueSet/IMMZD2DTRubellaHighIncidenceVS,0.2.0,active,,IMMZD2DTRubellaHighIncidenceVS,IMMZD2DTRubellaHighIncidence ValueSet for Decision Table,"ValueSet IMMZD2DTRubellaHighIncidence for IMMZ.D2.DT.Rubella.High incidence. Business rule: Determine if the client is due for a rubella vaccination according to the national immunization schedule Trigger: IMMZ.D2 Determine required vaccination(s) if any Table: Countries with high incidence and mortality from rubella",,"Internal"
http://smart.who.int/immunizations/ValueSet/IMMZD2DTRubellaLowIncidenceVS,0.2.0,active,,IMMZD2DTRubellaLowIncidenceVS,IMMZD2DTRubellaLowIncidence ValueSet for Decision Table,"ValueSet IMMZD2DTRubellaLowIncidence for IMMZ.D2.DT.Rubella.Low incidence. Business rule: Determine if the client is due for a rubella vaccination according to the national immunization schedule Trigger: IMMZ.D2 Determine required vaccination(s) if any Table: Countries with low incidence of rubella",,"Internal"
http://smart.who.int/immunizations/ValueSet/IMMZD2DTTBEEnceVirVS,0.2.0,active,,IMMZD2DTTBEEnceVirVS,IMMZD2DTTBEEnceVir ValueSet for Decision Table,"ValueSet IMMZD2DTTBEEnceVir for IMMZ.D2.DT.TBE.EnceVir. Business rule: Determine if the client is due for a tick-borne encephalitis (TBE) vaccination according to the national immunization schedule Trigger: IMMZ.D2 Determine required vaccination(s) if any Table: EnceVir schedule (In areas where the disease is highly endemic, implying that there is a high individual risk of infection, WHO recommends that vaccination be offered to all age groups, including children     )",,"Internal"
http://smart.who.int/immunizations/ValueSet/IMMZD2DTTBEEncepurVS,0.2.0,active,,IMMZD2DTTBEEncepurVS,IMMZD2DTTBEEncepur ValueSet for Decision Table,"ValueSet IMMZD2DTTBEEncepur for IMMZ.D2.DT.TBE.Encepur. Business rule: Determine if the client is due for a tick-borne encephalitis (TBE) vaccination according to the national immunization schedule Trigger: IMMZ.D2 Determine required vaccination(s) if any Table: Encepur schedule (In areas where the disease is highly endemic, implying that there is a high individual risk of infection, WHO recommends that vaccination be offered to all age groups, including children  )",,"Internal"
http://smart.who.int/immunizations/ValueSet/IMMZD2DTTBEFSMEImmunVS,0.2.0,active,,IMMZD2DTTBEFSMEImmunVS,IMMZD2DTTBEFSMEImmun ValueSet for Decision Table,"ValueSet IMMZD2DTTBEFSMEImmun for IMMZ.D2.DT.TBE.FSME-Immun. Business rule: Determine if the client is due for a tick-borne encephalitis (TBE) vaccination according to the national immunization schedule Trigger: IMMZ.D2 Determine required vaccination(s) if any Table: FSME-Immun schedule (In areas where the disease is highly endemic, implying that there is a high individual risk of infection, WHO recommends that vaccination be offered to all age groups, including children)",,"Internal"
http://smart.who.int/immunizations/ValueSet/IMMZD2DTTBETBEMoscowVS,0.2.0,active,,IMMZD2DTTBETBEMoscowVS,IMMZD2DTTBETBEMoscow ValueSet for Decision Table,"ValueSet IMMZD2DTTBETBEMoscow for IMMZ.D2.DT.TBE.TBE-Moscow. Business rule: Determine if the client is due for a tick-borne encephalitis (TBE) vaccination according to the national immunization schedule Trigger: IMMZ.D2 Determine required vaccination(s) if any Table: TBE-Moscow schedule (In areas where the disease is highly endemic, implying that there is a high individual risk of infection, WHO recommends that vaccination be offered to all age groups, including children )",,"Internal"
http://smart.who.int/immunizations/ValueSet/IMMZD2DTTyphoidTCVVS,0.2.0,active,,IMMZD2DTTyphoidTCVVS,IMMZD2DTTyphoidTCV ValueSet for Decision Table,"ValueSet IMMZD2DTTyphoidTCV for IMMZ.D2.DT.Typhoid.TCV. Business rule: Determine if the client is due for a typhoid vaccination according to the national immunization schedule Trigger: IMMZ.D2 Determine required vaccination(s) if any Table: Typhoid conjugate vaccine (TCV) schedule",,"Internal"
http://smart.who.int/immunizations/ValueSet/IMMZD2DTTyphoidTy21aVS,0.2.0,active,,IMMZD2DTTyphoidTy21aVS,IMMZD2DTTyphoidTy21a ValueSet for Decision Table,"ValueSet IMMZD2DTTyphoidTy21a for IMMZ.D2.DT.Typhoid.Ty21a. Business rule: Determine if the client is due for a typhoid vaccination according to the national immunization schedule Trigger: IMMZ.D2 Determine required vaccination(s) if any Table: Live attenuated Ty21a vaccine schedule",,"Internal"
http://smart.who.int/immunizations/ValueSet/IMMZD2DTTyphoidViPSVS,0.2.0,active,,IMMZD2DTTyphoidViPSVS,IMMZD2DTTyphoidViPS ValueSet for Decision Table,"ValueSet IMMZD2DTTyphoidViPS for IMMZ.D2.DT.Typhoid.ViPS. Business rule: Determine if the client is due for a typhoid vaccination according to the national immunization schedule Trigger: IMMZ.D2 Determine required vaccination(s) if any Table: Unconjugated Vi polysaccharide (ViPS) schedule",,"Internal"
http://smart.who.int/immunizations/ValueSet/IMMZD2DTVaricella1DoseVS,0.2.0,active,,IMMZD2DTVaricella1DoseVS,IMMZD2DTVaricella1Dose ValueSet for Decision Table,"ValueSet IMMZD2DTVaricella1Dose for IMMZ.D2.DT.Varicella.1 dose. Business rule: Determine if the client is due for a varicella vaccination according to the national immunization schedule Trigger: IMMZ.D2 Determine required vaccination(s) if any Table: Countries where varicella is an important public health burden could consider introducing varicella vaccination in the routine childhood immunization programme. However, resources should be sufficient to ensure reaching and sustaining vaccine coverage ≥ 80%. Decision-making on childhood varicella vaccination should also include consideration of the possible impact on herpes zoster. The number of doses recommended is dependent on the goal of the vaccination programme. One dose is sufficient to reduce mortality and severe morbidity from varicella but not to prevent limited virus circulation and outbreaks. Two doses have higher effectiveness and should therefore be recommended in countries where the programmatic goal is, in addition to decreasing mortality and severe morbidity, to further reduce the number of cases and outbreaks.",,
http://smart.who.int/immunizations/ValueSet/IMMZD2DTVaricella2DosesVS,0.2.0,active,,IMMZD2DTVaricella2DosesVS,IMMZD2DTVaricella2Doses ValueSet for Decision Table,"ValueSet IMMZD2DTVaricella2Doses for IMMZ.D2.DT.Varicella.2 doses. Business rule: Determine if the client is due for a varicella vaccination according to the national immunization schedule Trigger: IMMZ.D2 Determine required vaccination(s) if any Table: Countries where varicella is an important public health burden could consider introducing varicella vaccination in the routine childhood immunization programme. However, resources should be sufficient to ensure reaching and sustaining vaccine coverage ≥ 80%. Decision-making on childhood varicella vaccination should also include consideration of the possible impact on herpes zoster. The number of doses recommended is dependent on the goal of the vaccination programme. One dose is sufficient to reduce mortality and severe morbidity from varicella but not to prevent limited virus circulation and outbreaks. Two doses have higher effectiveness and should therefore be recommended in countries where the programmatic goal is, in addition to decreasing mortality and severe morbidity, to further reduce the number of cases and outbreaks.",,
http://smart.who.int/immunizations/ValueSet/IMMZD2DTYellowfeverYellowFeverVS,0.2.0,active,,IMMZD2DTYellowfeverYellowFeverVS,IMMZD2DTYellowfeverYellowFever ValueSet for Decision Table,"ValueSet IMMZD2DTYellowfeverYellowFever for IMMZ.D2.DT.Yellow fever. Business rule: Determine if the client is due for a yellow fever vaccination according to the national immunization schedule Trigger: IMMZ.D2 Determine required vaccination(s) in any Table: IMMZ.D2.DT.Yellow fever",,"Internal"
http://smart.who.int/immunizations/ValueSet/IMMZD5DTBCGContraindicationsVS,0.2.0,active,,IMMZD5DTBCGContraindicationsVS,IMMZD5DTBCGContraindications ValueSet for Decision Table,"ValueSet IMMZD5DTBCGContraindications for IMMZ.D5.DT.BCG contraindications. Business rule: Check for contraindications before administering the vaccine(s) due Trigger: IMMZ.D5 Determine vaccine(s) to be administered based on contraindications Table: IMMZ.D5.DT.BCG contraindications",,"Internal"
http://smart.who.int/immunizations/ValueSet/IMMZD5DTDTPContraindicationsVS,0.2.0,active,,IMMZD5DTDTPContraindicationsVS,IMMZD5DTDTPContraindications ValueSet for Decision Table,"ValueSet IMMZD5DTDTPContraindications for IMMZ.D5.DT.DTP contraindications. Business rule: Check for contraindications before administering the vaccine(s) due Trigger: IMMZ.D5 Determine vaccine(s) to be administered based on contraindications Table: IMMZ.D5.DT.DTP contraindications",,"Internal"
http://smart.who.int/immunizations/ValueSet/IMMZD5DTDengueContraindicationsVS,0.2.0,active,,IMMZD5DTDengueContraindicationsVS,IMMZD5DTDengueContraindications ValueSet for Decision Table,"ValueSet IMMZD5DTDengueContraindications for IMMZ.D5.DT.Dengue contraindications. Business rule: Check for contraindications before administering the vaccine(s) due Trigger: IMMZ.D5 Determine vaccine(s) to be administered based on contraindications Table: IMMZ.D5.DT.Dengue contraindications",,"Internal"
http://smart.who.int/immunizations/ValueSet/IMMZD5DTHPVContraindicationsVS,0.2.0,active,,IMMZD5DTHPVContraindicationsVS,IMMZD5DTHPVContraindications ValueSet for Decision Table,"ValueSet IMMZD5DTHPVContraindications for IMMZ.D5.DT.HPV contraindications. Business rule: Check for contraindications before administering the vaccine(s) due Trigger: IMMZ.D5 Determine vaccine(s) to be administered based on contraindications Table: IMMZ.D5.DT.HPV contraindications",,"Internal"
http://smart.who.int/immunizations/ValueSet/IMMZD5DTHepatitisAContraindicationsVS,0.2.0,active,,IMMZD5DTHepatitisAContraindicationsVS,IMMZD5DTHepatitisAContraindications ValueSet for Decision Table,"ValueSet IMMZD5DTHepatitisAContraindications for IMMZ.D5.DT.Hepatitis A contraindications. Business rule: Check for contraindications before administering the vaccine(s) due Trigger: IMMZ.D5 Determine vaccine(s) to be administered based on contraindications Table: IMMZ.D5.DT.Hepatitis A contraindications",,"Internal"
http://smart.who.int/immunizations/ValueSet/IMMZD5DTHibContraindicationsVS,0.2.0,active,,IMMZD5DTHibContraindicationsVS,IMMZD5DTHibContraindications ValueSet for Decision Table,"ValueSet IMMZD5DTHibContraindications for IMMZ.D5.DT.Hib contraindications. Business rule: Check for contraindications before administering the vaccine(s) due Trigger: IMMZ.D5 Determine vaccine(s) to be administered based on contraindications (9) Table: IMMZ.D5.DT.Hib contraindications",,"Internal"
http://smart.who.int/immunizations/ValueSet/IMMZD5DTJEContraindicationsVS,0.2.0,active,,IMMZD5DTJEContraindicationsVS,IMMZD5DTJEContraindications ValueSet for Decision Table,"ValueSet IMMZD5DTJEContraindications for IMMZ.D5.DT.JE contraindications. Business rule: Check for contraindications before administering the vaccine(s) due Trigger: IMMZ.D5 Determine vaccine(s) to be administered based on contraindications Table: IMMZ.D5.DT.JE contraindications",,"Internal"
http://smart.who.int/immunizations/ValueSet/IMMZD5DTMalariaContraindicationsVS,0.2.0,active,,IMMZD5DTMalariaContraindicationsVS,IMMZD5DTMalariaContraindications ValueSet for Decision Table,"ValueSet IMMZD5DTMalariaContraindications for IMMZ.D5.DT.Malaria contraindications. Business rule: Check for contraindications before administering the vaccine(s) due Trigger: IMMZ.D5 Determine vaccine(s) to be administered based on contraindications Table: IMMZ.D5.DT.Malaria contraindications",,"Internal"
http://smart.who.int/immunizations/ValueSet/IMMZD5DTMeaslesContraindicationsVS,0.2.0,active,,IMMZD5DTMeaslesContraindicationsVS,IMMZD5DTMeaslesContraindications ValueSet for Decision Table,"ValueSet IMMZD5DTMeaslesContraindications for IMMZ.D5.DT.Measles contraindications. Business rule: Check for contraindications before administering the vaccine(s) due Trigger: IMMZ.D5 Determine vaccine(s) to be administered based on contraindications Table: IMMZ.D5.DT.Measles contraindications",,"Internal"
http://smart.who.int/immunizations/ValueSet/IMMZD5DTMeningococcalContraindicationsVS,0.2.0,active,,IMMZD5DTMeningococcalContraindicationsVS,IMMZD5DTMeningococcalContraindications ValueSet for Decision Table,"ValueSet IMMZD5DTMeningococcalContraindications for IMMZ.D5.DT.Meningococcal contraindications. Business rule: Check for contraindications before administering the vaccine(s) due Trigger: IMMZ.D5 Determine vaccine(s) to be administered based on contraindications Table: IMMZ.D5.DT.Meningococcal contraindications",,"Internal"
http://smart.who.int/immunizations/ValueSet/IMMZD5DTMumpsContraindicationsVS,0.2.0,active,,IMMZD5DTMumpsContraindicationsVS,IMMZD5DTMumpsContraindications ValueSet for Decision Table,"ValueSet IMMZD5DTMumpsContraindications for IMMZ.D5.DT.Mumps contraindications. Business rule: Check for contraindications before administering the vaccine(s) due Trigger: IMMZ.D5 Determine vaccine(s) to be administered based on contraindications Table: IMMZ.D5.DT.Mumps contraindications",,"Internal"
http://smart.who.int/immunizations/ValueSet/IMMZD5DTPneumococcalContraindicationsVS,0.2.0,active,,IMMZD5DTPneumococcalContraindicationsVS,IMMZD5DTPneumococcalContraindications ValueSet for Decision Table,"ValueSet IMMZD5DTPneumococcalContraindications for IMMZ.D5.DT.Pneumococcal contraindications. Business rule: Check for contraindications before administering the vaccine(s) due Trigger: IMMZ.D5 Determine vaccine(s) to be administered based on contraindications Table: IMMZ.D5.DT.Pneumococcal contraindications",,"Internal"
http://smart.who.int/immunizations/ValueSet/IMMZD5DTPolioContraindicationsVS,0.2.0,active,,IMMZD5DTPolioContraindicationsVS,IMMZD5DTPolioContraindications ValueSet for Decision Table,"ValueSet IMMZD5DTPolioContraindications for IMMZ.D5.DT.Polio contraindications. Business rule: Check for contraindications before administering the vaccine(s) due Trigger: IMMZ.D5 Determine vaccine(s) to be administered based on contraindications Table: IMMZ.D5.DT.Polio contraindications",,"Internal"
http://smart.who.int/immunizations/ValueSet/IMMZD5DTRabiesContraindicationsVS,0.2.0,active,,IMMZD5DTRabiesContraindicationsVS,IMMZD5DTRabiesContraindications ValueSet for Decision Table,"ValueSet IMMZD5DTRabiesContraindications for IMMZ.D5.DT.Rabies contraindications. Business rule: Check for contraindications before administering the vaccine(s) due Trigger: IMMZ.D5 Determine vaccine(s) to be administered based on contraindications Table: IMMZ.D5.DT.Rabies contraindications",,"Internal"
http://smart.who.int/immunizations/ValueSet/IMMZD5DTRotavirusContraindicationsVS,0.2.0,active,,IMMZD5DTRotavirusContraindicationsVS,IMMZD5DTRotavirusContraindications ValueSet for Decision Table,"ValueSet IMMZD5DTRotavirusContraindications for IMMZ.D5.DT.Rotavirus contraindications. Business rule: Check for contraindications before administering the vaccine(s) due Trigger: IMMZ.D5 Determine vaccine(s) to be administered based on contraindications Table: IMMZ.D5.DT.Rotavirus contraindications",,"Internal"
http://smart.who.int/immunizations/ValueSet/IMMZD5DTRubellaContraindicationsVS,0.2.0,active,,IMMZD5DTRubellaContraindicationsVS,IMMZD5DTRubellaContraindications ValueSet for Decision Table,"ValueSet IMMZD5DTRubellaContraindications for IMMZ.D5.DT.Rubella contraindications. Business rule: Check for contraindications before administering the vaccine(s) due Trigger: IMMZ.D5 Determine vaccine(s) to be administered based on contraindications Table: IMMZ.D5.DT.Rubella contraindications",,"Internal"
http://smart.who.int/immunizations/ValueSet/IMMZD5DTTBEContraindicationsVS,0.2.0,active,,IMMZD5DTTBEContraindicationsVS,IMMZD5DTTBEContraindications ValueSet for Decision Table,"ValueSet IMMZD5DTTBEContraindications for IMMZ.D5.DT.TBE contraindications. Business rule: Check for contraindications before administering the vaccine(s) due Trigger: IMMZ.D5 Determine vaccine(s) to be administered based on contraindications Table: IMMZ.D5.DT.TBE contraindications",,"Internal"
http://smart.who.int/immunizations/ValueSet/IMMZD5DTTyphoidContraindicationsVS,0.2.0,active,,IMMZD5DTTyphoidContraindicationsVS,IMMZD5DTTyphoidContraindications ValueSet for Decision Table,"ValueSet IMMZD5DTTyphoidContraindications for IMMZ.D5.DT.Typhoid contraindications. Business rule: Check for contraindications before administering the vaccine(s) due Trigger: IMMZ.D5 Determine vaccine(s) to be administered based on contraindications Table: IMMZ.D5.DT.Typhoid contraindications",,"Internal"
http://smart.who.int/immunizations/ValueSet/IMMZD5DTVaricellaContraindicationsVS,0.2.0,active,,IMMZD5DTVaricellaContraindicationsVS,IMMZD5DTVaricellaContraindications ValueSet for Decision Table,"ValueSet IMMZD5DTVaricellaContraindications for IMMZ.D5.DT.Varicella contraindications. Business rule: Check for contraindications before administering the vaccine(s) due Trigger: IMMZ.D5 Determine vaccine(s) to be administered based on contraindications Table: IMMZ.D5.DT.Varicella contraindications",,"Internal"
http://smart.who.int/immunizations/ValueSet/IMMZD5DTYellowFeverContraindicationsVS,0.2.0,active,,IMMZD5DTYellowFeverContraindicationsVS,IMMZD5DTYellowFeverContraindications ValueSet for Decision Table,"ValueSet IMMZD5DTYellowFeverContraindications for IMMZ.D5.DT.Yellow fever contraindications. Business rule: Check for contraindications before administering the vaccine(s) due Trigger: IMMZ.D5 Determine vaccine(s) to be administered based on contraindications Table: IMMZ.D5.DT.Yellow fever contraindications",,"Internal"
