<?xml version="1.0" encoding="UTF-8"?>
<library xmlns="urn:hl7-org:elm:r1" xmlns:t="urn:hl7-org:elm-types:r1" xmlns:xsi="http://www.w3.org/2001/XMLSchema-instance" xmlns:xsd="http://www.w3.org/2001/XMLSchema" xmlns:fhir="http://hl7.org/fhir" xmlns:qdm43="urn:healthit-gov:qdm:v4_3" xmlns:qdm53="urn:healthit-gov:qdm:v5_3" xmlns:a="urn:hl7-org:cql-annotations:r1">
   <annotation translatorVersion="2.7.0" translatorOptions="EnableAnnotations,EnableLocators,DisableListDemotion,DisableListPromotion" xsi:type="a:CqlToElmInfo"/>
   <annotation xsi:type="a:Annotation">
      <a:s r="42">
         <a:s>/*
 * Library: IMMZD2DTPolioBirth (IMMZ.D2.DT.Polio.Birth dose)
 * Rule: Determine if the client is due for a polio vaccination according to the national immunization protocol
 * Decision Table: Birth dose administration as part of &quot;bOPV plus IPV&quot; schedule (In countries that are polio-endemic countries or countries at high risk for importation and subsequent spread of poliovirus, that follow the combined bOPV-IPV schedule)
 * Trigger: IMMZ.D2  Determine required vaccination(s) if any
 */
library IMMZD2DTPolioBirth</a:s>
      </a:s>
   </annotation>
   <identifier id="IMMZD2DTPolioBirth" system="http://smart.who.int/ig/smart-immunizations"/>
   <schemaIdentifier id="urn:hl7-org:elm" version="r1"/>
   <usings>
      <def localIdentifier="System" uri="urn:hl7-org:elm-types:r1"/>
      <def localId="1" locator="9:1-9:26" localIdentifier="FHIR" uri="http://hl7.org/fhir" version="4.0.1">
         <annotation xsi:type="a:Annotation">
            <a:s r="1">
               <a:s>// Start Skeleton CQL
using </a:s>
               <a:s>
                  <a:s>FHIR</a:s>
               </a:s>
               <a:s> version '4.0.1'</a:s>
            </a:s>
         </annotation>
      </def>
   </usings>
   <includes>
      <def localId="2" locator="10:1-10:35" localIdentifier="FHIRHelpers" path="http://smart.who.int/ig/smart-immunizations/FHIRHelpers" version="4.0.1">
         <annotation xsi:type="a:Annotation">
            <a:s r="2">
               <a:s>include </a:s>
               <a:s>
                  <a:s>FHIRHelpers</a:s>
               </a:s>
               <a:s> version '4.0.1'</a:s>
            </a:s>
         </annotation>
      </def>
      <def localId="3" locator="11:1-11:33" localIdentifier="IMMZCom" path="http://smart.who.int/ig/smart-immunizations/IMMZCommon">
         <annotation xsi:type="a:Annotation">
            <a:s r="3">
               <a:s>include </a:s>
               <a:s>
                  <a:s>IMMZCommon</a:s>
               </a:s>
               <a:s> called IMMZCom</a:s>
            </a:s>
         </annotation>
      </def>
      <def localId="4" locator="12:1-12:33" localIdentifier="IMMZc" path="http://smart.who.int/ig/smart-immunizations/IMMZConcepts">
         <annotation xsi:type="a:Annotation">
            <a:s r="4">
               <a:s>include </a:s>
               <a:s>
                  <a:s>IMMZConcepts</a:s>
               </a:s>
               <a:s> called IMMZc</a:s>
            </a:s>
         </annotation>
      </def>
      <def localId="5" locator="13:1-13:33" localIdentifier="IMMZCon" path="http://smart.who.int/ig/smart-immunizations/IMMZConfig">
         <annotation xsi:type="a:Annotation">
            <a:s r="5">
               <a:s>include </a:s>
               <a:s>
                  <a:s>IMMZConfig</a:s>
               </a:s>
               <a:s> called IMMZCon</a:s>
            </a:s>
         </annotation>
      </def>
      <def localId="6" locator="14:1-14:40" localIdentifier="IMMZvl" path="http://smart.who.int/ig/smart-immunizations/IMMZVaccineLibrary">
         <annotation xsi:type="a:Annotation">
            <a:s r="6">
               <a:s>include </a:s>
               <a:s>
                  <a:s>IMMZVaccineLibrary</a:s>
               </a:s>
               <a:s> called IMMZvl</a:s>
            </a:s>
         </annotation>
      </def>
      <def localId="7" locator="15:1-15:28" localIdentifier="FC" path="http://smart.who.int/ig/smart-immunizations/FHIRCommon">
         <annotation xsi:type="a:Annotation">
            <a:s r="7">
               <a:s>include </a:s>
               <a:s>
                  <a:s>FHIRCommon</a:s>
               </a:s>
               <a:s> called FC</a:s>
            </a:s>
         </annotation>
      </def>
      <def localId="8" locator="16:1-16:39" localIdentifier="input" path="http://smart.who.int/ig/smart-immunizations/IMMZD2DTPolioInput">
         <annotation xsi:type="a:Annotation">
            <a:s r="8">
               <a:s>include </a:s>
               <a:s>
                  <a:s>IMMZD2DTPolioInput</a:s>
               </a:s>
               <a:s> called input</a:s>
            </a:s>
         </annotation>
      </def>
   </includes>
   <statements>
      <def locator="19:1-19:15" name="Patient" context="Patient">
         <expression xsi:type="SingletonFrom">
            <operand locator="19:1-19:15" dataType="fhir:Patient" templateId="http://hl7.org/fhir/StructureDefinition/Patient" xsi:type="Retrieve"/>
         </expression>
      </def>
      <def localId="14" locator="35:1-37:48" name="Client is due for the bOPV birth dose" context="Patient" accessLevel="Public">
         <annotation xsi:type="a:Annotation">
            <a:s r="14">
               <a:s>/*
@output: Client is due for the bOPV birth dose
@pseudocode: &quot;Immunization recommendation status&quot; = 'Due' (where &quot;Type of polio dose&quot; = 'bOPV')
*/
define &quot;Client is due for the bOPV birth dose&quot;:
  </a:s>
               <a:s r="13">
                  <a:s r="10">
                     <a:s r="9">
                        <a:s>input</a:s>
                     </a:s>
                     <a:s>.</a:s>
                     <a:s r="10">
                        <a:s>&quot;bOPV birth dose (a zero dose) was not administered&quot;</a:s>
                     </a:s>
                  </a:s>
                  <a:s>
    and </a:s>
                  <a:s r="12">
                     <a:s r="11">
                        <a:s>input</a:s>
                     </a:s>
                     <a:s>.</a:s>
                     <a:s r="12">
                        <a:s>&quot;Client's age is less than 1 week&quot;</a:s>
                     </a:s>
                  </a:s>
               </a:s>
            </a:s>
         </annotation>
         <expression localId="13" locator="36:3-37:48" xsi:type="And">
            <signature name="t:Boolean" xsi:type="NamedTypeSpecifier"/>
            <signature name="t:Boolean" xsi:type="NamedTypeSpecifier"/>
            <operand localId="10" locator="36:3-36:60" name="bOPV birth dose (a zero dose) was not administered" libraryName="input" xsi:type="ExpressionRef"/>
            <operand localId="12" locator="37:9-37:48" name="Client's age is less than 1 week" libraryName="input" xsi:type="ExpressionRef"/>
         </expression>
      </def>
      <def localId="17" locator="43:1-44:170" name="Client is due for the bOPV birth dose Guidance" context="Patient" accessLevel="Public">
         <annotation xsi:type="a:Annotation">
            <a:s r="17">
               <a:s>/*
@output: Client is due for the bOPV birth dose Guidance
@guidance: Should vaccinate client for bOPV birth dose (a zero dose) as polio birth dose was not administered and client's age is less than 1 week. Check for contraindications.
*/
define &quot;Client is due for the bOPV birth dose Guidance&quot;:
  </a:s>
               <a:s r="16">
                  <a:s>'Should vaccinate client for bOPV birth dose (a zero dose) as polio birth dose was not administered and client\'s age is less than 1 week. Check for contraindications.'</a:s>
               </a:s>
            </a:s>
         </annotation>
         <expression localId="16" locator="44:3-44:170" valueType="t:String" value="Should vaccinate client for bOPV birth dose (a zero dose) as polio birth dose was not administered and client's age is less than 1 week. Check for contraindications." xsi:type="Literal"/>
      </def>
      <def localId="25" locator="50:1-52:55" name="Client is not due for the bOPV birth dose Case 1" context="Patient" accessLevel="Public">
         <annotation xsi:type="a:Annotation">
            <a:s r="25">
               <a:s>/*
@output: Client is not due for the bOPV birth dose Case 1
@pseudocode: &quot;Immunization recommendation status&quot; = 'Not due'
*/
define &quot;Client is not due for the bOPV birth dose Case 1&quot;:
  </a:s>
               <a:s r="24">
                  <a:s r="21">
                     <a:s r="20">
                        <a:s>input</a:s>
                     </a:s>
                     <a:s>.</a:s>
                     <a:s r="21">
                        <a:s>&quot;bOPV birth dose (a zero dose) was not administered&quot;</a:s>
                     </a:s>
                  </a:s>
                  <a:s>
    and </a:s>
                  <a:s r="23">
                     <a:s r="22">
                        <a:s>input</a:s>
                     </a:s>
                     <a:s>.</a:s>
                     <a:s r="23">
                        <a:s>&quot;Client's age is more or equal to 1 week&quot;</a:s>
                     </a:s>
                  </a:s>
               </a:s>
            </a:s>
         </annotation>
         <expression localId="24" locator="51:3-52:55" xsi:type="And">
            <signature name="t:Boolean" xsi:type="NamedTypeSpecifier"/>
            <signature name="t:Boolean" xsi:type="NamedTypeSpecifier"/>
            <operand localId="21" locator="51:3-51:60" name="bOPV birth dose (a zero dose) was not administered" libraryName="input" xsi:type="ExpressionRef"/>
            <operand localId="23" locator="52:9-52:55" name="Client's age is more or equal to 1 week" libraryName="input" xsi:type="ExpressionRef"/>
         </expression>
      </def>
      <def localId="29" locator="58:1-59:56" name="Client is not due for the bOPV birth dose Case 2" context="Patient" accessLevel="Public">
         <annotation xsi:type="a:Annotation">
            <a:s r="29">
               <a:s>/*
@output: Client is not due for the bOPV birth dose Case 2
@pseudocode: &quot;Immunization recommendation status&quot; = 'Not due'
*/
define &quot;Client is not due for the bOPV birth dose Case 2&quot;:
  </a:s>
               <a:s r="28">
                  <a:s r="27">
                     <a:s>input</a:s>
                  </a:s>
                  <a:s>.</a:s>
                  <a:s r="28">
                     <a:s>&quot;bOPV birth dose (a zero dose) was administered&quot;</a:s>
                  </a:s>
               </a:s>
            </a:s>
         </annotation>
         <expression localId="28" locator="59:3-59:56" name="bOPV birth dose (a zero dose) was administered" libraryName="input" xsi:type="ExpressionRef"/>
      </def>
      <def localId="32" locator="65:1-67:57" name="Client is not due for the bOPV birth dose" context="Patient" accessLevel="Public">
         <annotation xsi:type="a:Annotation">
            <a:s r="32">
               <a:s>/*
@output: Client is not due for the bOPV birth dose
@pseudocode: &quot;Immunization recommendation status&quot; = 'Not due'
*/
define &quot;Client is not due for the bOPV birth dose&quot;:
  </a:s>
               <a:s r="31">
                  <a:s r="26">
                     <a:s>&quot;Client is not due for the bOPV birth dose Case 1&quot;</a:s>
                  </a:s>
                  <a:s>
    or </a:s>
                  <a:s r="30">
                     <a:s>&quot;Client is not due for the bOPV birth dose Case 2&quot;</a:s>
                  </a:s>
               </a:s>
            </a:s>
         </annotation>
         <expression localId="31" locator="66:3-67:57" xsi:type="Or">
            <signature name="t:Boolean" xsi:type="NamedTypeSpecifier"/>
            <signature name="t:Boolean" xsi:type="NamedTypeSpecifier"/>
            <operand localId="26" locator="66:3-66:52" name="Client is not due for the bOPV birth dose Case 1" xsi:type="ExpressionRef"/>
            <operand localId="30" locator="67:8-67:57" name="Client is not due for the bOPV birth dose Case 2" xsi:type="ExpressionRef"/>
         </expression>
      </def>
      <def localId="42" locator="74:1-79:5" name="Client is not due for the bOPV birth dose Guidance" context="Patient" accessLevel="Public">
         <annotation xsi:type="a:Annotation">
            <a:s r="42">
               <a:s>/*
@output: Client is not due for the bOPV birth dose Guidance
@guidance: Should not vaccinate client for bOPV birth dose (a zero dose) as client's age is more than or equal to 1 week. Check for any other vaccines due, and inform the caregiver of when to come back for the next dose.
@guidance: Polio birth dose was already administered. Check polio immunization schedule.
*/
define &quot;Client is not due for the bOPV birth dose Guidance&quot;:
  </a:s>
               <a:s r="41">
                  <a:s>case
    </a:s>
                  <a:s r="36">
                     <a:s>when </a:s>
                     <a:s r="34">
                        <a:s>&quot;Client is not due for the bOPV birth dose Case 1&quot;</a:s>
                     </a:s>
                     <a:s> then </a:s>
                     <a:s r="35">
                        <a:s>'Should not vaccinate client for bOPV birth dose (a zero dose) as client\'s age is more than or equal to 1 week. Check for any other vaccines due, and inform the caregiver of when to come back for the next dose.'</a:s>
                     </a:s>
                  </a:s>
                  <a:s>
    </a:s>
                  <a:s r="39">
                     <a:s>when </a:s>
                     <a:s r="37">
                        <a:s>&quot;Client is not due for the bOPV birth dose Case 2&quot;</a:s>
                     </a:s>
                     <a:s> then </a:s>
                     <a:s r="38">
                        <a:s>'Polio birth dose was already administered. Check polio immunization schedule.'</a:s>
                     </a:s>
                  </a:s>
                  <a:s>
    else </a:s>
                  <a:s r="40">
                     <a:s>''</a:s>
                  </a:s>
                  <a:s>
  end</a:s>
               </a:s>
            </a:s>
         </annotation>
         <expression localId="41" locator="75:3-79:5" xsi:type="Case">
            <caseItem localId="36" locator="76:5-76:277">
               <when localId="34" locator="76:10-76:59" name="Client is not due for the bOPV birth dose Case 1" xsi:type="ExpressionRef"/>
               <then localId="35" locator="76:66-76:277" valueType="t:String" value="Should not vaccinate client for bOPV birth dose (a zero dose) as client's age is more than or equal to 1 week. Check for any other vaccines due, and inform the caregiver of when to come back for the next dose." xsi:type="Literal"/>
            </caseItem>
            <caseItem localId="39" locator="77:5-77:144">
               <when localId="37" locator="77:10-77:59" name="Client is not due for the bOPV birth dose Case 2" xsi:type="ExpressionRef"/>
               <then localId="38" locator="77:66-77:144" valueType="t:String" value="Polio birth dose was already administered. Check polio immunization schedule." xsi:type="Literal"/>
            </caseItem>
            <else localId="40" locator="78:10-78:11" valueType="t:String" value="" xsi:type="Literal"/>
         </expression>
      </def>
      <def localId="47" locator="24:1-29:5" name="Guidance" context="Patient" accessLevel="Public">
         <annotation xsi:type="a:Annotation">
            <a:s r="47">
               <a:s>/*
@dynamicValue: Guidance
*/
define &quot;Guidance&quot;:
  </a:s>
               <a:s r="46">
                  <a:s>case
    </a:s>
                  <a:s r="19">
                     <a:s>when </a:s>
                     <a:s r="15">
                        <a:s>&quot;Client is due for the bOPV birth dose&quot;</a:s>
                     </a:s>
                     <a:s> then </a:s>
                     <a:s r="18">
                        <a:s>&quot;Client is due for the bOPV birth dose Guidance&quot;</a:s>
                     </a:s>
                  </a:s>
                  <a:s>
    </a:s>
                  <a:s r="44">
                     <a:s>when </a:s>
                     <a:s r="33">
                        <a:s>&quot;Client is not due for the bOPV birth dose&quot;</a:s>
                     </a:s>
                     <a:s> then </a:s>
                     <a:s r="43">
                        <a:s>&quot;Client is not due for the bOPV birth dose Guidance&quot;</a:s>
                     </a:s>
                  </a:s>
                  <a:s>
    else </a:s>
                  <a:s r="45">
                     <a:s>''</a:s>
                  </a:s>
                  <a:s>
  end</a:s>
               </a:s>
            </a:s>
         </annotation>
         <expression localId="46" locator="25:3-29:5" xsi:type="Case">
            <caseItem localId="19" locator="26:5-26:102">
               <when localId="15" locator="26:10-26:48" name="Client is due for the bOPV birth dose" xsi:type="ExpressionRef"/>
               <then localId="18" locator="26:55-26:102" name="Client is due for the bOPV birth dose Guidance" xsi:type="ExpressionRef"/>
            </caseItem>
            <caseItem localId="44" locator="27:5-27:110">
               <when localId="33" locator="27:10-27:52" name="Client is not due for the bOPV birth dose" xsi:type="ExpressionRef"/>
               <then localId="43" locator="27:59-27:110" name="Client is not due for the bOPV birth dose Guidance" xsi:type="ExpressionRef"/>
            </caseItem>
            <else localId="45" locator="28:10-28:11" valueType="t:String" value="" xsi:type="Literal"/>
         </expression>
      </def>
   </statements>
</library>
