{
  "resourceType" : "ValueSet",
  "id" : "IMMZ.Z.DE28",
  "text" : {
    "status" : "generated",
    "div" : "<div xmlns=\"http://www.w3.org/1999/xhtml\"><p>This value set includes codes based on the following rules:</p><ul><li>Include these codes as defined in <code>http://hl7.org/fhir/sid/icd-11</code><table class=\"none\"><tr><td style=\"white-space:nowrap\"><b>Code</b></td><td><b>Display</b></td></tr><tr><td>XM32Q5</td><td>Tetanus and diphtheria vaccines</td></tr><tr><td>XM4039</td><td>Vaccines diphtheria with tetanus</td></tr><tr><td>XM1G86</td><td>Tetanus toxoid, combinations with diphtheria toxoid vaccines</td></tr><tr><td>XM31Q8</td><td>Tetanus, diphtheria, acellular pertussis vaccines</td></tr><tr><td>XM1LX9</td><td>Diphtheria, hemophilus influenzae B, pertussis, poliomyelitis, tetanus vaccines</td></tr><tr><td>XM84S1</td><td>Diphtheria, hepatitis B, tetanus, acellular pertussis, inactivated polio virus, haemophilus Influenzae type B vaccines</td></tr><tr><td>XM7JP3</td><td>Diphtheria, hemophilus influenzae B, pertussis, tetanus, hepatitis B vaccines</td></tr><tr><td>XM5XP9</td><td>Diphtheria, hemophilus influenzae B, pertussis, tetanus-hepatitis B, meningococcus A + C vaccines</td></tr><tr><td>XM41N3</td><td>Diphtheria, hepatitis B, pertussis, tetanus vaccines</td></tr><tr><td>XM09Q7</td><td>Diphtheria, pertussis, poliomyelitis, tetanus vaccines</td></tr><tr><td>XM0LT9</td><td>Diphtheria, pertussis, poliomyelitis, tetanus, hepatitis B vaccines</td></tr><tr><td>XM21E6</td><td>Diphtheria tetanus, acellular pertussis, inactivated polio virus, haemophilus Influenzae type B vaccines</td></tr><tr><td>XM9JP8</td><td>Diphtheria, tetanus, acellular pertussis, inactivated polio virus vaccines</td></tr><tr><td>XM9744</td><td>Diphtheria, rubella, tetanus vaccines</td></tr><tr><td>XM8AW1</td><td>Diphtheria, poliomyelitis, tetanus vaccines</td></tr><tr><td>XM3G68</td><td>Diphtheria, hepatitis B, tetanus vaccines</td></tr></table></li><li>Include these codes as defined in <a href=\"http://www.snomed.org/\"><code>http://snomed.info/sct</code></a><table class=\"none\"><tr><td style=\"white-space:nowrap\"><b>Code</b></td><td><b>Display</b></td></tr><tr><td><a href=\"http://snomed.info/id/774618008\">774618008</a></td><td>Whole cell Bordetella pertussis and Clostridium tetani toxoid adsorbed and Corynebacterium diphtheriae toxoid antigens only vaccine product</td></tr><tr><td><a href=\"http://snomed.info/id/871875004\">871875004</a></td><td>Bordetella pertussis and Clostridium tetani and Corynebacterium diphtheriae antigens only vaccine product</td></tr></table></li></ul></div>"
  },
  "url" : "http://smart.who.int/ig/smart-immunizations/ValueSet/IMMZ.Z.DE28",
  "version" : "0.1.0",
  "name" : "IMMZ_Z_DE28",
  "title" : "IMMZ.Z.DE28 Tetanus and diphtheria containing vaccines",
  "status" : "active",
  "experimental" : false,
  "date" : "2024-04-04T07:29:23+00:00",
  "publisher" : "World Health Organization (WHO)",
  "contact" : [{
    "name" : "World Health Organization (WHO)",
    "telecom" : [{
      "system" : "url",
      "value" : "https://www.who.int"
    }]
  }],
  "description" : "Vaccine terminology codes for Tetanus and diphtheria containing vaccines.",
  "jurisdiction" : [{
    "coding" : [{
      "system" : "http://unstats.un.org/unsd/methods/m49/m49.htm",
      "code" : "001"
    }]
  }],
  "compose" : {
    "include" : [{
      "system" : "http://hl7.org/fhir/sid/icd-11",
      "concept" : [{
        "code" : "XM32Q5",
        "display" : "Tetanus and diphtheria vaccines"
      },
      {
        "code" : "XM4039",
        "display" : "Vaccines diphtheria with tetanus"
      },
      {
        "code" : "XM1G86",
        "display" : "Tetanus toxoid, combinations with diphtheria toxoid vaccines"
      },
      {
        "code" : "XM31Q8",
        "display" : "Tetanus, diphtheria, acellular pertussis vaccines"
      },
      {
        "code" : "XM1LX9",
        "display" : "Diphtheria, hemophilus influenzae B, pertussis, poliomyelitis, tetanus vaccines"
      },
      {
        "code" : "XM84S1",
        "display" : "Diphtheria, hepatitis B, tetanus, acellular pertussis, inactivated polio virus, haemophilus Influenzae type B vaccines"
      },
      {
        "code" : "XM7JP3",
        "display" : "Diphtheria, hemophilus influenzae B, pertussis, tetanus, hepatitis B vaccines"
      },
      {
        "code" : "XM5XP9",
        "display" : "Diphtheria, hemophilus influenzae B, pertussis, tetanus-hepatitis B, meningococcus A + C vaccines"
      },
      {
        "code" : "XM41N3",
        "display" : "Diphtheria, hepatitis B, pertussis, tetanus vaccines"
      },
      {
        "code" : "XM09Q7",
        "display" : "Diphtheria, pertussis, poliomyelitis, tetanus vaccines"
      },
      {
        "code" : "XM0LT9",
        "display" : "Diphtheria, pertussis, poliomyelitis, tetanus, hepatitis B vaccines"
      },
      {
        "code" : "XM21E6",
        "display" : "Diphtheria tetanus, acellular pertussis, inactivated polio virus, haemophilus Influenzae type B vaccines"
      },
      {
        "code" : "XM9JP8",
        "display" : "Diphtheria, tetanus, acellular pertussis, inactivated polio virus vaccines"
      },
      {
        "code" : "XM9744",
        "display" : "Diphtheria, rubella, tetanus vaccines"
      },
      {
        "code" : "XM8AW1",
        "display" : "Diphtheria, poliomyelitis, tetanus vaccines"
      },
      {
        "code" : "XM3G68",
        "display" : "Diphtheria, hepatitis B, tetanus vaccines"
      }]
    },
    {
      "system" : "http://snomed.info/sct",
      "concept" : [{
        "code" : "774618008",
        "display" : "Whole cell Bordetella pertussis and Clostridium tetani toxoid adsorbed and Corynebacterium diphtheriae toxoid antigens only vaccine product"
      },
      {
        "code" : "871875004",
        "display" : "Bordetella pertussis and Clostridium tetani and Corynebacterium diphtheriae antigens only vaccine product"
      }]
    }]
  }
}