<?xml version="1.0" encoding="UTF-8"?><ActivityDefinition xmlns="http://hl7.org/fhir"><id value="IMMZD2DTCR"/><meta><profile value="http://hl7.org/fhir/uv/cpg/StructureDefinition/cpg-communicationactivity"/></meta><extension url="http://hl7.org/fhir/uv/cpg/StructureDefinition/cpg-knowledgeCapability"><valueCode value="computable"/></extension><url value="http://smart.who.int/ig/smart-immunizations/ActivityDefinition/IMMZD2DTCR"/><version value="0.1.0"/><name value="IMMZD2DTCommunicationRequest"/><title value="IMMZ.D2.DT.CR"/><status value="draft"/><experimental value="false"/><date value="2023-12-03"/><publisher value="World Health Organization (WHO)"/><contact><name value="World Health Organization (WHO)"/><telecom><system value="url"/><value value="https://www.who.int"/></telecom></contact><description value="Provide measles immunization communication"/><jurisdiction><coding><system value="http://unstats.un.org/unsd/methods/m49/m49.htm"/><code value="001"/></coding></jurisdiction><kind value="CommunicationRequest"/><profile value="http://hl7.org/fhir/uv/cpg/StructureDefinition/cpg-communicationrequest"/><intent value="proposal"/><doNotPerform value="false"/></ActivityDefinition>