<?xml version="1.0" encoding="UTF-8"?><PlanDefinition xmlns="http://hl7.org/fhir"><id value="IMMZD18SMeaslesSupp"/><meta><profile value="http://hl7.org/fhir/uv/cpg/StructureDefinition/cpg-recommendationdefinition"/></meta><extension url="http://hl7.org/fhir/uv/cpg/StructureDefinition/cpg-knowledgeCapability"><valueCode value="computable"/></extension><url value="http://smart.who.int/ig/smart-immunizations/PlanDefinition/IMMZD18SMeaslesSupp"/><version value="0.1.0"/><name value="IMMZD18SMeaslesSupp"/><title value="IMMZ.D18.S.Measles.Supp"/><type><coding><system value="http://terminology.hl7.org/CodeSystem/plan-definition-type"/><code value="eca-rule"/></coding></type><status value="draft"/><experimental value="false"/><date value="2024-03-15T12:36:35+00:00"/><publisher value="World Health Organization (WHO)"/><contact><name value="World Health Organization (WHO)"/><telecom><system value="url"/><value value="https://www.who.int"/></telecom></contact><description value="Provision of a measles supplementary dose&#xA;Countries with ongoing transmission in which the risk of measles mortality remains high."/><jurisdiction><coding><system value="http://unstats.un.org/unsd/methods/m49/m49.htm"/><code value="001"/></coding></jurisdiction><library value="http://smart.who.int/ig/smart-immunizations/Library/IMMZD18SMeaslesSupp"/><action><title value="Provision of a measles supplementary dose."/><description value="Provision of a measles supplementary dose.&#xA;Countries with ongoing transmission in which the risk of measles mortality remains high."/><condition><kind value="applicability"/><expression><description value="Measles supplementary dose"/><language value="text/cql-identifier"/><expression value="Measles supplementary dose"/></expression></condition><definitionCanonical value="http://smart.who.int/ig/smart-immunizations/ActivityDefinition/IMMZD2DTCR"/><dynamicValue><path value="status"/><expression><language value="text/cql"/><expression value="'active'"/></expression></dynamicValue><dynamicValue><path value="payload.contentAttachment.title"/><expression><language value="text/cql-identifier"/><expression value="Measles supplementary dose Create"/></expression></dynamicValue><dynamicValue><path value="payload.contentAttachment.language"/><expression><language value="text/cql"/><expression value="'en-US'"/></expression></dynamicValue><dynamicValue><path value="payload.contentAttachment.contentType"/><expression><language value="text/cql"/><expression value="'text/plain'"/></expression></dynamicValue><dynamicValue><path value="category.coding"/><expression><description value="Category of communication"/><language value="text/cql"/><expression value="Code { system: 'http://terminology.hl7.org/CodeSystem/communication-category', code: 'alert' }"/></expression></dynamicValue><dynamicValue><path value="priority"/><expression><description value="Alert priority"/><language value="text/cql"/><expression value="Code { system: 'http://hl7.org/fhir/request-priority', code: 'routine' }"/></expression></dynamicValue></action></PlanDefinition>