<?xml version="1.0" encoding="UTF-8"?><ValueSet xmlns="http://hl7.org/fhir"><id value="IMMZ.D.DE95"/><text><status value="extensions"/><div xmlns="http://www.w3.org/1999/xhtml"><ul><li>Include these codes as defined in <a href="CodeSystem-IMMZ.D.html"><code>http://smart.who.int/ig/smart-immunizations/CodeSystem/IMMZ.D</code></a><table class="none"><tr><td style="white-space:nowrap"><b>Code</b></td><td><b>Display</b></td><td><b>Definition</b></td></tr><tr><td><a href="CodeSystem-IMMZ.D.html#IMMZ.D-DE96">DE96</a></td><td>Severe local reaction</td><td>The client's reaction manifested in severe local reaction</td></tr><tr><td><a href="CodeSystem-IMMZ.D.html#IMMZ.D-DE98">DE98</a></td><td>Seizures</td><td>The client's reaction manifested in seizures</td></tr><tr><td><a href="CodeSystem-IMMZ.D.html#IMMZ.D-DE99">DE99</a></td><td>Abscess</td><td>The client's reaction manifested in an abscess</td></tr><tr><td><a href="CodeSystem-IMMZ.D.html#IMMZ.D-DE100">DE100</a></td><td>Sepsis</td><td>The client's reaction manifested in sepsis</td></tr><tr><td><a href="CodeSystem-IMMZ.D.html#IMMZ.D-DE101">DE101</a></td><td>Encephalopathy</td><td>The client's reaction manifested in encephalopathy</td></tr><tr><td><a href="CodeSystem-IMMZ.D.html#IMMZ.D-DE102">DE102</a></td><td>Toxic shock syndrome</td><td>The client's reaction manifested in toxic shock syndrome</td></tr><tr><td><a href="CodeSystem-IMMZ.D.html#IMMZ.D-DE103">DE103</a></td><td>Anaphylaxis</td><td>The client's reaction manifested in anaphylaxis</td></tr><tr><td><a href="CodeSystem-IMMZ.D.html#IMMZ.D-DE104">DE104</a></td><td>Fever</td><td>The client's reaction manifested as a fever</td></tr><tr><td><a href="CodeSystem-IMMZ.D.html#IMMZ.D-DE105">DE105</a></td><td>Other</td><td>The client's reaction manifested in another way</td></tr></table></li></ul></div></text><url value="http://smart.who.int/ig/smart-immunizations/ValueSet/IMMZ.D.DE95"/><version value="0.1.0"/><name value="IMMZ_D_DE95"/><title value="IMMZ.D.DE95 ValueSet for Reaction manifestation"/><status value="active"/><experimental value="false"/><date value="2024-03-15T12:36:35+00:00"/><publisher value="World Health Organization (WHO)"/><contact><name value="World Health Organization (WHO)"/><telecom><system value="url"/><value value="https://www.who.int"/></telecom></contact><description value="ValueSet for Reaction manifestation for IMMZ.D.DE95"/><jurisdiction><coding><system value="http://unstats.un.org/unsd/methods/m49/m49.htm"/><code value="001"/></coding></jurisdiction><compose><include><system value="http://smart.who.int/ig/smart-immunizations/CodeSystem/IMMZ.D"/><concept><code value="DE96"/><display value="Severe local reaction"/></concept><concept><code value="DE98"/><display value="Seizures"/></concept><concept><code value="DE99"/><display value="Abscess"/></concept><concept><code value="DE100"/><display value="Sepsis"/></concept><concept><code value="DE101"/><display value="Encephalopathy"/></concept><concept><code value="DE102"/><display value="Toxic shock syndrome"/></concept><concept><code value="DE103"/><display value="Anaphylaxis"/></concept><concept><code value="DE104"/><display value="Fever"/></concept><concept><code value="DE105"/><display value="Other"/></concept></include></compose></ValueSet>