<?xml version="1.0" encoding="UTF-8"?><ValueSet xmlns="http://hl7.org/fhir"><id value="IMMZ.Z.DE6"/><text><status value="generated"/><div xmlns="http://www.w3.org/1999/xhtml"><p>This value set includes codes based on the following rules:</p><ul><li>Include these codes as defined in <code>http://hl7.org/fhir/sid/icd-11</code><table class="none"><tr><td style="white-space:nowrap"><b>Code</b></td><td><b>Display</b></td></tr><tr><td>XM9V38</td><td>Hepatitis B, purified antigen</td></tr><tr><td>XM3G68</td><td>Diphtheria, hepatitis B, tetanus vaccines</td></tr><tr><td>XM32L7</td><td>Hemophilus influenzae B and hepatitis B vaccines</td></tr><tr><td>XM7JP3</td><td>Diphtheria, hemophilus influenzae B, pertussis, tetanus, hepatitis B vaccines</td></tr><tr><td>XM0LT9</td><td>Diphtheria, pertussis, poliomyelitis, tetanus, hepatitis B vaccines</td></tr><tr><td>XM5XP9</td><td>Diphtheria, hemophilus influenzae B, pertussis, tetanus-hepatitis B, meningococcus A + C vaccines</td></tr><tr><td>XM84S1</td><td>Diphtheria, hepatitis B, tetanus, acellular pertussis, inactivated polio virus, haemophilus Influenzae type B vaccines</td></tr></table></li><li>Include these codes as defined in <a href="http://loinc.org"><code>http://loinc.org</code></a><table class="none"><tr><td style="white-space:nowrap"><b>Code</b></td><td><b>Display</b></td></tr><tr><td><a href="https://loinc.org/30937-7/">30937-7</a></td><td>Hepatitis B virus dose count in combination vaccine</td></tr></table></li><li>Include these codes as defined in <a href="http://www.snomed.org/"><code>http://snomed.info/sct</code></a><table class="none"><tr><td style="white-space:nowrap"><b>Code</b></td><td><b>Display</b></td></tr><tr><td><a href="http://snomed.info/id/836374004">836374004</a></td><td>Hepatitis B virus antigen-containing vaccine product</td></tr><tr><td><a href="http://snomed.info/id/871806004">871806004</a></td><td>Haemophilus influenzae type b and Hepatitis B virus antigens only vaccine product</td></tr></table></li></ul></div></text><url value="http://smart.who.int/ig/smart-immunizations/ValueSet/IMMZ.Z.DE6"/><version value="0.1.0"/><name value="IMMZ_Z_DE6"/><title value="IMMZ.Z.DE6 Hepatitis B containing vaccines"/><status value="active"/><experimental value="false"/><date value="2024-03-15T12:36:35+00:00"/><publisher value="World Health Organization (WHO)"/><contact><name value="World Health Organization (WHO)"/><telecom><system value="url"/><value value="https://www.who.int"/></telecom></contact><description value="Vaccine terminology codes for hepatitis B."/><jurisdiction><coding><system value="http://unstats.un.org/unsd/methods/m49/m49.htm"/><code value="001"/></coding></jurisdiction><compose><include><system value="http://hl7.org/fhir/sid/icd-11"/><concept><code value="XM9V38"/><display value="Hepatitis B, purified antigen"/></concept><concept><code value="XM3G68"/><display value="Diphtheria, hepatitis B, tetanus vaccines"/></concept><concept><code value="XM32L7"/><display value="Hemophilus influenzae B and hepatitis B vaccines"/></concept><concept><code value="XM7JP3"/><display value="Diphtheria, hemophilus influenzae B, pertussis, tetanus, hepatitis B vaccines"/></concept><concept><code value="XM0LT9"/><display value="Diphtheria, pertussis, poliomyelitis, tetanus, hepatitis B vaccines"/></concept><concept><code value="XM5XP9"/><display value="Diphtheria, hemophilus influenzae B, pertussis, tetanus-hepatitis B, meningococcus A + C vaccines"/></concept><concept><code value="XM84S1"/><display value="Diphtheria, hepatitis B, tetanus, acellular pertussis, inactivated polio virus, haemophilus Influenzae type B vaccines"/></concept></include><include><system value="http://loinc.org"/><concept><code value="30937-7"/><display value="Hepatitis B virus dose count in combination vaccine"/></concept></include><include><system value="http://snomed.info/sct"/><concept><code value="836374004"/><display value="Hepatitis B virus antigen-containing vaccine product"/></concept><concept><code value="871806004"/><display value="Haemophilus influenzae type b and Hepatitis B virus antigens only vaccine product"/></concept></include></compose></ValueSet>