"Id","Path","Slice Name","Alias(s)","Label","Min","Max","Must Support?","Is Modifier?","Is Summary?","Type(s)","Short","Definition","Comments","Requirements","Default Value","Meaning When Missing","Fixed Value","Pattern","Example","Minimum Value","Maximum Value","Maximum Length","Binding Strength","Binding Description","Binding Value Set","Code","Slicing Discriminator","Slicing Description","Slicing Ordered","Slicing Rules","Base Path","Base Min","Base Max","Condition(s)","Constraint(s)"
"IMMZD7","IMMZD7","","","",0,*,"","","","null {[]} {[]}
","IMMZ.D7.Counsel client","Data elements for the IMMZ.D7.Counsel client Data Dictionary Activity.","","","","","","","","","",,,,,"",,,,"Base",0,*,"",""
"IMMZD7.patient","IMMZD7.patient","","","",1,1,"","","","Reference {[]} {[]}
","Patient","The patient.","","","","","","","","","",,,,,"",,,,"IMMZD7.patient",1,1,"",""
"IMMZD7.clientEducationAndCounsellingOnImmunization","IMMZD7.clientEducationAndCounsellingOnImmunization","","","",0,1,"","","","Coding {[]} {[]}
","Client education and counselling on immunization","Providing information, guidance and support to client or caretakers (such as parents or legal guardians) regarding immunization practices","","","","","","","","","",,"required","","http://smart.who.int/immunizations/ValueSet/IMMZ.D.DE86","http://smart.who.int/immunizations/CodeSystem/IMMZ.D#DE86
http://id.who.int/icd/release/11/mms#QA1Y (Contact with health services for other specified counselling)",,,,"IMMZD7.clientEducationAndCounsellingOnImmunization",0,1,"",""
