"Id","Path","Slice Name","Alias(s)","Label","Min","Max","Must Support?","Is Modifier?","Is Summary?","Type(s)","Short","Definition","Comments","Requirements","Default Value","Meaning When Missing","Fixed Value","Pattern","Example","Minimum Value","Maximum Value","Maximum Length","Binding Strength","Binding Description","Binding Value Set","Code","Slicing Discriminator","Slicing Description","Slicing Ordered","Slicing Rules","Base Path","Base Min","Base Max","Condition(s)","Constraint(s)"
"IMMZD2","IMMZD2","","","",0,*,"","","","null {[]} {[]}
","IMMZ.D2.Determine required vaccination(s)","Data elements for the IMMZ.D2.Determine required vaccination(s) Data Dictionary Activity.","","","","","","","","","",,,,,"",,,,"Base",0,*,"",""
"IMMZD2.patient","IMMZD2.patient","","","",1,1,"","","","Reference {[]} {[]}
","Patient","The patient.","","","","","","","","","",,,,,"",,,,"IMMZD2.patient",1,1,"",""
"IMMZD2.immunizationRecommendationStatus","IMMZD2.immunizationRecommendationStatus","","","",1,1,"","","","Coding {[]} {[]}
","Immunization recommendation status","The current status or recommendation for a specific immunization for an client","","","","","","","","","",,"required","","http://smart.who.int/immunizations/ValueSet/IMMZ.D.DE156","http://smart.who.int/immunizations/CodeSystem/IMMZ.D#DE156
",,,,"IMMZD2.immunizationRecommendationStatus",1,1,"",""
