<?xml version="1.0" encoding="UTF-8"?>

<PlanDefinition xmlns="http://hl7.org/fhir">
  <id value="IMMZD2DTJELR"/>
  <meta>
    <profile value="http://hl7.org/fhir/uv/cpg/StructureDefinition/cpg-recommendationdefinition"/>
    <profile value="http://hl7.org/fhir/uv/crmi/StructureDefinition/crmi-shareableplandefinition"/>
    <profile value="http://hl7.org/fhir/uv/crmi/StructureDefinition/crmi-publishableplandefinition"/>
  </meta>
  <text>
    <status value="extensions"/><div xmlns="http://www.w3.org/1999/xhtml">
<div>
    <table class="grid dict">
        
        <tr>
            <th scope="row"><b>Id: </b></th>
            <td style="padding-left: 4px;">IMMZD2DTJELR</td>
        </tr>
        

        
        <tr>
            <th scope="row"><b>Url: </b></th>
            <td style="padding-left: 4px;"><a href="PlanDefinition-IMMZD2DTJELR.html">IMMZ.D2.DT.JE.Live recombinant vaccine</a></td>
        </tr>
        

        
        <tr>
            <th scope="row"><b>Version: </b></th>
            <td style="padding-left: 4px;">0.2.0</td>
        </tr>
        

        

        
        <tr>
            <th scope="row"><b>Title: </b></th>
            <td style="padding-left: 4px;">IMMZ.D2.DT.JE.Live recombinant vaccine</td>
        </tr>
        

        

        
        <tr>
            <th scope="row"><b>Status: </b></th>
            <td style="padding-left: 4px;">draft</td>
        </tr>
        

        

        
        <tr>
            <th scope="row"><b>Type: </b></th>
            <td style="padding-left: 4px;">
                
                    
                        
                        <p style="margin-bottom: 5px;">
                            <b>system: </b> <span><a href="http://terminology.hl7.org/6.4.0/CodeSystem-plan-definition-type.html">http://terminology.hl7.org/CodeSystem/plan-definition-type</a></span>
                        </p>
                        
                        
                        <p style="margin-bottom: 5px;">
                            <b>code: </b> <span>eca-rule</span>
                        </p>
                        
                        
                    
                
                
            </td>
        </tr>
        

        

        
        <tr>
            <th scope="row"><b>Date: </b></th>
            <td style="padding-left: 4px;">2025-07-02 07:25:32+0000</td>
        </tr>
        

        
        <tr>
            <th scope="row"><b>Publisher: </b></th>
            <td style="padding-left: 4px;">WHO</td>
        </tr>
        

        
        <tr>
            <th scope="row"><b>Description: </b></th>
            <td style="padding-left: 4px;"><div><p>IMMZ.D2.DT.JE.Live recombinant vaccine
Live recombinant vaccination schedule (1-dose scheme)
JE vaccination should be integrated into national immunization schedules in all areas where JE is recognized as a public health priority</p>
</div></td>
        </tr>
        

        
        <tr>
            <th scope="row"><b>Knowledge Capability: </b></th>
            <td style="padding-left: 4px;">
                
                computable 
            </td>
        </tr>
        

        

        

        

        

        

        

        

        

        

        
        <tr>
            <th scope="row"><b>Related Artifacts: </b></th>
            <td style="padding-left: 4px;">
                
                
                <p><b>References</b></p>
                <ul>
                    
                    <li><div><p>WHO recommendations for routine immunization - summary tables (January 2025)</p>
</div><br/><a href="null"/></li>
                    
                </ul>
                
                
                
                
                
                
            </td>
        </tr>
        

        
        <tr>
            <th scope="row"><b>Libraries: </b></th>
            <td style="padding-left: 4px;">
                <table class="grid-dict">
                    
                    <tr>
                        <td><a href="Library-IMMZD2DTJELRLogic.html">IMMZD2DTJELRLogic</a></td>
                    </tr>
                    
                </table>
            </td>
        </tr>
        

        
        <tr>
            <th scope="row"><b>Actions: </b></th>
            <td style="padding-left: 4px;">
                <table class="grid-dict">
                    
                    <tr>
                        <td>
                            
                            <b> Determine if the client is due for JE.:</b> Determine if the client is due for JE vaccine according to the national immunization protocol.
Live recombinant vaccination schedule (1-dose scheme) 
JE vaccination should be integrated into national immunization schedules in all areas where JE is recognized as a public health priority
                            
                            <br/>
                            
                            
                            <b>If:</b>
                            
                            <i>Applicability:</i>
                            
                            Client is due for JE vaccination
                            
                            <i>(Client is due for JE vaccination)</i>
                            <br/>
                            
                            
                            
                            
                            <b>Then:</b> <i>Definition:</i> <a href="ActivityDefinition-IMMZD2DTJEMR.html">IMMZ.D2.DT.JE.MR</a><br/>
                            
                            <i>Dynamic Values:</i><br/>
                            
                            status: <i>('draft')</i>
                            <br/>
                            
                            intent: <i>('proposal')</i>
                            <br/>
                            
                            
                            
                            
                        </td>
                    </tr>
                    
                    <tr>
                        <td>
                            
                            <b> Check for Guidance for the patient regarding IMMZ.D2.DT.JE.Live recombinant vaccine.:</b> Show Guidance for the patient regarding IMMZ.D2.DT.JE.Live recombinant vaccine.
                            
                            <br/>
                            
                            
                            <b>If:</b>
                            
                            <i>Applicability:</i>
                            
                            Has Guidance
                            
                            <i>(Has Guidance)</i>
                            <br/>
                            
                            
                            
                            
                            <b>Then:</b> <i>Definition:</i> <a href="ActivityDefinition-IMMZD2DTCR.html">IMMZ.D2.DT.CR</a><br/>
                            
                            <i>Dynamic Values:</i><br/>
                            
                            status: <i>('active')</i>
                            <br/>
                            
                            payload.contentString: <i>(Guidance)</i>
                            <br/>
                            
                            category.coding: <i>(Code { system: 'http://terminology.hl7.org/CodeSystem/communication-category', code: 'alert' })</i>
                            <br/>
                            
                            priority: <i>(Code { system: 'http://hl7.org/fhir/request-priority', code: 'routine' })</i>
                            <br/>
                            
                            
                            
                            
                        </td>
                    </tr>
                    
                </table>
            </td>
        </tr>
        
    </table>
</div>
</div>
  </text>
  <extension url="http://hl7.org/fhir/uv/cpg/StructureDefinition/cpg-knowledgeCapability">
    <valueCode value="computable"/>
  </extension>
  <url value="http://smart.who.int/immunizations/PlanDefinition/IMMZD2DTJELR"/>
  <version value="0.2.0"/>
  <name value="IMMZD2DTJELR"/>
  <title value="IMMZ.D2.DT.JE.Live recombinant vaccine"/>
  <type>
    <coding>
      <system value="http://terminology.hl7.org/CodeSystem/plan-definition-type"/>
      <code value="eca-rule"/>
    </coding>
  </type>
  <status value="draft"/>
  <experimental value="false"/>
  <date value="2025-07-02T07:25:32+00:00"/>
  <publisher value="WHO"/>
  <contact>
    <name value="WHO"/>
    <telecom>
      <system value="url"/>
      <value value="http://who.int"/>
    </telecom>
  </contact>
  <description value="IMMZ.D2.DT.JE.Live recombinant vaccine&#xA;Live recombinant vaccination schedule (1-dose scheme)&#xA;JE vaccination should be integrated into national immunization schedules in all areas where JE is recognized as a public health priority"/>
  <relatedArtifact>
    <type value="citation"/>
    <citation value="WHO recommendations for routine immunization - summary tables (January 2025)"/>
  </relatedArtifact>
  <library value="http://smart.who.int/immunizations/Library/IMMZD2DTJELRLogic"/>
  <action>
    <extension url="http://hl7.org/fhir/uv/cpg/StructureDefinition/cpg-rationale">
      <valueMarkdown value="Live recombinant vaccine: Single dose administered at ≥ 9 months of age. As a general rule, any live vaccine may be &#xA;given either simultaneously or at an interval of 4 weeks."/>
    </extension>
    <title value="Determine if the client is due for JE."/>
    <description value="Determine if the client is due for JE vaccine according to the national immunization protocol.&#xA;Live recombinant vaccination schedule (1-dose scheme) &#xA;JE vaccination should be integrated into national immunization schedules in all areas where JE is recognized as a public health priority"/>
    <condition>
      <kind value="applicability"/>
      <expression>
        <description value="Client is due for JE vaccination"/>
        <language value="text/cql-identifier"/>
        <expression value="Client is due for JE vaccination"/>
      </expression>
    </condition>
    <definitionCanonical value="http://smart.who.int/immunizations/ActivityDefinition/IMMZD2DTJEMR"/>
    <dynamicValue>
      <path value="status"/>
      <expression>
        <language value="text/cql-expression"/>
        <expression value="'draft'"/>
      </expression>
    </dynamicValue>
    <dynamicValue>
      <path value="intent"/>
      <expression>
        <language value="text/cql-expression"/>
        <expression value="'proposal'"/>
      </expression>
    </dynamicValue>
  </action>
  <action>
    <title value="Check for Guidance for the patient regarding IMMZ.D2.DT.JE.Live recombinant vaccine."/>
    <description value="Show Guidance for the patient regarding IMMZ.D2.DT.JE.Live recombinant vaccine."/>
    <condition>
      <kind value="applicability"/>
      <expression>
        <description value="Has Guidance"/>
        <language value="text/cql-identifier"/>
        <expression value="Has Guidance"/>
      </expression>
    </condition>
    <definitionCanonical value="http://smart.who.int/immunizations/ActivityDefinition/IMMZD2DTCR"/>
    <dynamicValue>
      <path value="status"/>
      <expression>
        <language value="text/cql-expression"/>
        <expression value="'active'"/>
      </expression>
    </dynamicValue>
    <dynamicValue>
      <path value="payload.contentString"/>
      <expression>
        <language value="text/cql-identifier"/>
        <expression value="Guidance"/>
      </expression>
    </dynamicValue>
    <dynamicValue>
      <path value="category.coding"/>
      <expression>
        <description value="Category of communication"/>
        <language value="text/cql-expression"/>
        <expression value="Code { system: 'http://terminology.hl7.org/CodeSystem/communication-category', code: 'alert' }"/>
      </expression>
    </dynamicValue>
    <dynamicValue>
      <path value="priority"/>
      <expression>
        <description value="Alert priority"/>
        <language value="text/cql-expression"/>
        <expression value="Code { system: 'http://hl7.org/fhir/request-priority', code: 'routine' }"/>
      </expression>
    </dynamicValue>
  </action>
</PlanDefinition>