{
  "resourceType" : "PlanDefinition",
  "id" : "IMMZD2DTPolioSequential",
  "meta" : {
    "profile" : ["http://hl7.org/fhir/uv/cpg/StructureDefinition/cpg-recommendationdefinition"]
  },
  "text" : {
    "status" : "extensions",
    "div" : "<div xmlns=\"http://www.w3.org/1999/xhtml\"><p><b>Generated Narrative: PlanDefinition</b><a name=\"IMMZD2DTPolioSequential\"> </a><a name=\"hcIMMZD2DTPolioSequential\"> </a></p><div style=\"display: inline-block; background-color: #d9e0e7; padding: 6px; margin: 4px; border: 1px solid #8da1b4; border-radius: 5px; line-height: 60%\"><p style=\"margin-bottom: 0px\">Resource PlanDefinition &quot;IMMZD2DTPolioSequential&quot; </p><p style=\"margin-bottom: 0px\">Profile: <a href=\"https://build.fhir.org/ig/HL7/cqf-recommendations/StructureDefinition-cpg-recommendationdefinition.html\">CPG Recommendation Definition</a></p></div><p><b>knowledgeCapability</b>: computable</p><p><b>url</b>: <code>http://smart.who.int/ig/smart-immunizations/PlanDefinition/IMMZD2DTPolioSequential</code></p><p><b>version</b>: 0.1.0</p><p><b>name</b>: IMMZD2DTPolioSequential</p><p><b>title</b>: IMMZ.D2.DT.Polio.Sequential</p><p><b>type</b>: ECA Rule <span style=\"background: LightGoldenRodYellow; margin: 4px; border: 1px solid khaki\"> (<a href=\"http://terminology.hl7.org/5.5.0/CodeSystem-plan-definition-type.html\">PlanDefinitionType</a>#eca-rule)</span></p><p><b>status</b>: draft</p><p><b>experimental</b>: false</p><p><b>date</b>: 2024-04-04 07:29:23+0000</p><p><b>publisher</b>: World Health Organization (WHO)</p><p><b>contact</b>: World Health Organization (WHO): <a href=\"https://www.who.int\">https://www.who.int</a></p><p><b>description</b>: Determine if the client is due for a polio vaccination according to the national immunization protocol.\nSequential IPV–bOPV schedule (in countries with high vaccination coverage (e.g. 90–95%) and low importation risk (where neighbouring countries and/or countries that share substantial population movement have a similarly high coverage))</p><p><b>jurisdiction</b>: Global (Whole world) <span style=\"background: LightGoldenRodYellow; margin: 4px; border: 1px solid khaki\"> (m49.htm#001)</span></p><p><b>library</b>: <a href=\"Library-IMMZD2DTPolioSequential.html\">IMMZD2DTPolioSequential</a></p><blockquote><p><b>action</b></p><p><b>title</b>: Determine if the client is due for polio bOPV dose.</p><p><b>description</b>: Determine if the client is due for a polio bOPV vaccination according to the national immunization schedule.\nSequential IPV–bOPV schedule (in countries with high vaccination coverage (e.g. 90–95%) and low importation risk (where neighbouring countries and/or countries that share substantial population movement have a similarly high coverage))</p><blockquote><p><b>condition</b></p><p><b>kind</b>: applicability</p><h3>Expressions</h3><table class=\"grid\"><tr><td style=\"display: none\">-</td><td><b>Description</b></td><td><b>Language</b></td><td><b>Expression</b></td></tr><tr><td style=\"display: none\">*</td><td>Client is due for bOPV vaccination</td><td>text/cql-identifier</td><td>Client is due for bOPV vaccination</td></tr></table></blockquote><p><b>definition</b>: <a href=\"ActivityDefinition-IMMZD2DTPoliobOPVMR.html\">IMMZ.D2.DT.Polio.bOPV.MR</a></p><blockquote><p><b>dynamicValue</b></p><p><b>path</b>: status</p><h3>Expressions</h3><table class=\"grid\"><tr><td style=\"display: none\">-</td><td><b>Language</b></td><td><b>Expression</b></td></tr><tr><td style=\"display: none\">*</td><td>text/cql-expression</td><td>'draft'</td></tr></table></blockquote><blockquote><p><b>dynamicValue</b></p><p><b>path</b>: intent</p><h3>Expressions</h3><table class=\"grid\"><tr><td style=\"display: none\">-</td><td><b>Language</b></td><td><b>Expression</b></td></tr><tr><td style=\"display: none\">*</td><td>text/cql-expression</td><td>'proposal'</td></tr></table></blockquote></blockquote><blockquote><p><b>action</b></p><p><b>title</b>: Determine if the client is due for polio IPV dose.</p><p><b>description</b>: Determine if the client is due for a polio IPV vaccination according to the national immunization schedule.\nSequential IPV–bOPV schedule (in countries with high vaccination coverage (e.g. 90–95%) and low importation risk (where neighbouring countries and/or countries that share substantial population movement have a similarly high coverage))</p><blockquote><p><b>condition</b></p><p><b>kind</b>: applicability</p><h3>Expressions</h3><table class=\"grid\"><tr><td style=\"display: none\">-</td><td><b>Description</b></td><td><b>Language</b></td><td><b>Expression</b></td></tr><tr><td style=\"display: none\">*</td><td>Client is due for IPV vaccination</td><td>text/cql-identifier</td><td>Client is due for IPV vaccination</td></tr></table></blockquote><p><b>definition</b>: <a href=\"ActivityDefinition-IMMZD2DTPolioIPVMR.html\">IMMZ.D2.DT.Polio.IPV.MR</a></p><blockquote><p><b>dynamicValue</b></p><p><b>path</b>: status</p><h3>Expressions</h3><table class=\"grid\"><tr><td style=\"display: none\">-</td><td><b>Language</b></td><td><b>Expression</b></td></tr><tr><td style=\"display: none\">*</td><td>text/cql-expression</td><td>'draft'</td></tr></table></blockquote><blockquote><p><b>dynamicValue</b></p><p><b>path</b>: intent</p><h3>Expressions</h3><table class=\"grid\"><tr><td style=\"display: none\">-</td><td><b>Language</b></td><td><b>Expression</b></td></tr><tr><td style=\"display: none\">*</td><td>text/cql-expression</td><td>'proposal'</td></tr></table></blockquote></blockquote><blockquote><p><b>action</b></p><p><b>title</b>: Send Guidance for the patient regarding polio sequential IPV-bOPV primary series.</p><p><b>description</b>: Send Guidance for the patient regarding polio sequential IPV-bOPV primary series.\nSequential IPV–bOPV schedule (in countries with high vaccination coverage (e.g. 90–95%) and low importation risk (where neighbouring countries and/or countries that share substantial population movement have a similarly high coverage))</p><blockquote><p><b>condition</b></p><p><b>kind</b>: applicability</p><h3>Expressions</h3><table class=\"grid\"><tr><td style=\"display: none\">-</td><td><b>Description</b></td><td><b>Language</b></td><td><b>Expression</b></td></tr><tr><td style=\"display: none\">*</td><td>Guidance</td><td>text/cql-identifier</td><td>Guidance</td></tr></table></blockquote><p><b>definition</b>: <a href=\"ActivityDefinition-IMMZD2DTCR.html\">IMMZ.D2.DT.CR</a></p><blockquote><p><b>dynamicValue</b></p><p><b>path</b>: status</p><h3>Expressions</h3><table class=\"grid\"><tr><td style=\"display: none\">-</td><td><b>Language</b></td><td><b>Expression</b></td></tr><tr><td style=\"display: none\">*</td><td>text/cql-expression</td><td>'active'</td></tr></table></blockquote><blockquote><p><b>dynamicValue</b></p><p><b>path</b>: payload.contentAttachment.title</p><h3>Expressions</h3><table class=\"grid\"><tr><td style=\"display: none\">-</td><td><b>Language</b></td><td><b>Expression</b></td></tr><tr><td style=\"display: none\">*</td><td>text/cql-identifier</td><td>Guidance</td></tr></table></blockquote><blockquote><p><b>dynamicValue</b></p><p><b>path</b>: payload.contentAttachment.language</p><h3>Expressions</h3><table class=\"grid\"><tr><td style=\"display: none\">-</td><td><b>Language</b></td><td><b>Expression</b></td></tr><tr><td style=\"display: none\">*</td><td>text/cql-expression</td><td>'en-US'</td></tr></table></blockquote><blockquote><p><b>dynamicValue</b></p><p><b>path</b>: payload.contentAttachment.contentType</p><h3>Expressions</h3><table class=\"grid\"><tr><td style=\"display: none\">-</td><td><b>Language</b></td><td><b>Expression</b></td></tr><tr><td style=\"display: none\">*</td><td>text/cql-expression</td><td>'text/plain'</td></tr></table></blockquote><blockquote><p><b>dynamicValue</b></p><p><b>path</b>: category.coding</p><h3>Expressions</h3><table class=\"grid\"><tr><td style=\"display: none\">-</td><td><b>Description</b></td><td><b>Language</b></td><td><b>Expression</b></td></tr><tr><td style=\"display: none\">*</td><td>Category of communication</td><td>text/cql-expression</td><td>Code { system: 'http://terminology.hl7.org/CodeSystem/communication-category', code: 'alert' }</td></tr></table></blockquote><blockquote><p><b>dynamicValue</b></p><p><b>path</b>: priority</p><h3>Expressions</h3><table class=\"grid\"><tr><td style=\"display: none\">-</td><td><b>Description</b></td><td><b>Language</b></td><td><b>Expression</b></td></tr><tr><td style=\"display: none\">*</td><td>Alert priority</td><td>text/cql-expression</td><td>Code { system: 'http://hl7.org/fhir/request-priority', code: 'routine' }</td></tr></table></blockquote></blockquote></div>"
  },
  "extension" : [{
    "url" : "http://hl7.org/fhir/uv/cpg/StructureDefinition/cpg-knowledgeCapability",
    "valueCode" : "computable"
  }],
  "url" : "http://smart.who.int/ig/smart-immunizations/PlanDefinition/IMMZD2DTPolioSequential",
  "version" : "0.1.0",
  "name" : "IMMZD2DTPolioSequential",
  "title" : "IMMZ.D2.DT.Polio.Sequential",
  "type" : {
    "coding" : [{
      "system" : "http://terminology.hl7.org/CodeSystem/plan-definition-type",
      "code" : "eca-rule"
    }]
  },
  "status" : "draft",
  "experimental" : false,
  "date" : "2024-04-04T07:29:23+00:00",
  "publisher" : "World Health Organization (WHO)",
  "contact" : [{
    "name" : "World Health Organization (WHO)",
    "telecom" : [{
      "system" : "url",
      "value" : "https://www.who.int"
    }]
  }],
  "description" : "Determine if the client is due for a polio vaccination according to the national immunization protocol.\nSequential IPV–bOPV schedule (in countries with high vaccination coverage (e.g. 90–95%) and low importation risk (where neighbouring countries and/or countries that share substantial population movement have a similarly high coverage))",
  "jurisdiction" : [{
    "coding" : [{
      "system" : "http://unstats.un.org/unsd/methods/m49/m49.htm",
      "code" : "001"
    }]
  }],
  "library" : ["http://smart.who.int/ig/smart-immunizations/Library/IMMZD2DTPolioSequential"],
  "action" : [{
    "title" : "Determine if the client is due for polio bOPV dose.",
    "description" : "Determine if the client is due for a polio bOPV vaccination according to the national immunization schedule.\nSequential IPV–bOPV schedule (in countries with high vaccination coverage (e.g. 90–95%) and low importation risk (where neighbouring countries and/or countries that share substantial population movement have a similarly high coverage))",
    "condition" : [{
      "kind" : "applicability",
      "expression" : {
        "description" : "Client is due for bOPV vaccination",
        "language" : "text/cql-identifier",
        "expression" : "Client is due for bOPV vaccination"
      }
    }],
    "definitionCanonical" : "http://smart.who.int/ig/smart-immunizations/ActivityDefinition/IMMZD2DTPoliobOPVMR",
    "dynamicValue" : [{
      "path" : "status",
      "expression" : {
        "language" : "text/cql-expression",
        "expression" : "'draft'"
      }
    },
    {
      "path" : "intent",
      "expression" : {
        "language" : "text/cql-expression",
        "expression" : "'proposal'"
      }
    }]
  },
  {
    "title" : "Determine if the client is due for polio IPV dose.",
    "description" : "Determine if the client is due for a polio IPV vaccination according to the national immunization schedule.\nSequential IPV–bOPV schedule (in countries with high vaccination coverage (e.g. 90–95%) and low importation risk (where neighbouring countries and/or countries that share substantial population movement have a similarly high coverage))",
    "condition" : [{
      "kind" : "applicability",
      "expression" : {
        "description" : "Client is due for IPV vaccination",
        "language" : "text/cql-identifier",
        "expression" : "Client is due for IPV vaccination"
      }
    }],
    "definitionCanonical" : "http://smart.who.int/ig/smart-immunizations/ActivityDefinition/IMMZD2DTPolioIPVMR",
    "dynamicValue" : [{
      "path" : "status",
      "expression" : {
        "language" : "text/cql-expression",
        "expression" : "'draft'"
      }
    },
    {
      "path" : "intent",
      "expression" : {
        "language" : "text/cql-expression",
        "expression" : "'proposal'"
      }
    }]
  },
  {
    "title" : "Send Guidance for the patient regarding polio sequential IPV-bOPV primary series.",
    "description" : "Send Guidance for the patient regarding polio sequential IPV-bOPV primary series.\nSequential IPV–bOPV schedule (in countries with high vaccination coverage (e.g. 90–95%) and low importation risk (where neighbouring countries and/or countries that share substantial population movement have a similarly high coverage))",
    "condition" : [{
      "kind" : "applicability",
      "expression" : {
        "description" : "Guidance",
        "language" : "text/cql-identifier",
        "expression" : "Guidance"
      }
    }],
    "definitionCanonical" : "http://smart.who.int/ig/smart-immunizations/ActivityDefinition/IMMZD2DTCR",
    "dynamicValue" : [{
      "path" : "status",
      "expression" : {
        "language" : "text/cql-expression",
        "expression" : "'active'"
      }
    },
    {
      "path" : "payload.contentAttachment.title",
      "expression" : {
        "language" : "text/cql-identifier",
        "expression" : "Guidance"
      }
    },
    {
      "path" : "payload.contentAttachment.language",
      "expression" : {
        "language" : "text/cql-expression",
        "expression" : "'en-US'"
      }
    },
    {
      "path" : "payload.contentAttachment.contentType",
      "expression" : {
        "language" : "text/cql-expression",
        "expression" : "'text/plain'"
      }
    },
    {
      "path" : "category.coding",
      "expression" : {
        "description" : "Category of communication",
        "language" : "text/cql-expression",
        "expression" : "Code { system: 'http://terminology.hl7.org/CodeSystem/communication-category', code: 'alert' }"
      }
    },
    {
      "path" : "priority",
      "expression" : {
        "description" : "Alert priority",
        "language" : "text/cql-expression",
        "expression" : "Code { system: 'http://hl7.org/fhir/request-priority', code: 'routine' }"
      }
    }]
  }]
}