{
  "resourceType" : "ValueSet",
  "id" : "IMMZ.D.DE86",
  "text" : {
    "status" : "extensions",
    "div" : "<div xmlns=\"http://www.w3.org/1999/xhtml\"><ul><li>Include these codes as defined in <a href=\"CodeSystem-IMMZ.D.html\"><code>http://smart.who.int/ig/smart-immunizations/CodeSystem/IMMZ.D</code></a><table class=\"none\"><tr><td style=\"white-space:nowrap\"><b>Code</b></td><td><b>Display</b></td><td><b>Definition</b></td></tr><tr><td><a href=\"CodeSystem-IMMZ.D.html#IMMZ.D-DE87\">DE87</a></td><td>Counselling on functions of the immunological system</td><td>Explaining to the client or caregiver how the vaccines work by triggering the body to produce an immune response</td></tr><tr><td><a href=\"CodeSystem-IMMZ.D.html#IMMZ.D-DE88\">DE88</a></td><td>Advising about functions of the immunological system</td><td>Explaining to the client or caregiver how the vaccines work by triggering the body to produce an immune response</td></tr><tr><td><a href=\"CodeSystem-IMMZ.D.html#IMMZ.D-DE89\">DE89</a></td><td>Education to influence immunization behaviours</td><td>Public health interventions to improve general and accurate understanding and impacts of vaccines, and their role in preventing various diseases</td></tr><tr><td><a href=\"CodeSystem-IMMZ.D.html#IMMZ.D-DE90\">DE90</a></td><td>Advising about immunization behaviours</td><td>Public health interventions to improve general and accurate understanding and impacts of vaccines, and their role in preventing various diseases</td></tr><tr><td><a href=\"CodeSystem-IMMZ.D.html#IMMZ.D-DE91\">DE91</a></td><td>Awareness raising to influence immunization behaviours</td><td>Public health interventions to improve general and accurate understanding and impacts of vaccines, and their role in preventing various diseases</td></tr></table></li></ul></div>"
  },
  "url" : "http://smart.who.int/ig/smart-immunizations/ValueSet/IMMZ.D.DE86",
  "version" : "0.1.0",
  "name" : "IMMZ_D_DE86",
  "title" : "IMMZ.D.DE86 ValueSet for Client education and counselling on immunization",
  "status" : "active",
  "experimental" : false,
  "date" : "2024-04-04T07:29:23+00:00",
  "publisher" : "World Health Organization (WHO)",
  "contact" : [{
    "name" : "World Health Organization (WHO)",
    "telecom" : [{
      "system" : "url",
      "value" : "https://www.who.int"
    }]
  }],
  "description" : "ValueSet for Client education and counselling on immunization for IMMZ.D.DE86",
  "jurisdiction" : [{
    "coding" : [{
      "system" : "http://unstats.un.org/unsd/methods/m49/m49.htm",
      "code" : "001"
    }]
  }],
  "compose" : {
    "include" : [{
      "system" : "http://smart.who.int/ig/smart-immunizations/CodeSystem/IMMZ.D",
      "concept" : [{
        "code" : "DE87",
        "display" : "Counselling on functions of the immunological system"
      },
      {
        "code" : "DE88",
        "display" : "Advising about functions of the immunological system"
      },
      {
        "code" : "DE89",
        "display" : "Education to influence immunization behaviours"
      },
      {
        "code" : "DE90",
        "display" : "Advising about immunization behaviours"
      },
      {
        "code" : "DE91",
        "display" : "Awareness raising to influence immunization behaviours"
      }]
    }]
  }
}