{
  "resourceType" : "ValueSet",
  "id" : "IMMZ.D.DE5",
  "text" : {
    "status" : "extensions",
    "div" : "<div xmlns=\"http://www.w3.org/1999/xhtml\"><ul><li>Include these codes as defined in <a href=\"CodeSystem-IMMZ.D.html\"><code>http://smart.who.int/ig/smart-immunizations/CodeSystem/IMMZ.D</code></a><table class=\"none\"><tr><td style=\"white-space:nowrap\"><b>Code</b></td><td><b>Display</b></td><td><b>Definition</b></td></tr><tr><td><a href=\"CodeSystem-IMMZ.D.html#IMMZ.D-DE6\">DE6</a></td><td>Immunity</td><td>Testing has shown that the client already has immunity to the agent targeted by the immunization</td></tr><tr><td><a href=\"CodeSystem-IMMZ.D.html#IMMZ.D-DE7\">DE7</a></td><td>Medical precaution</td><td>The client currently has a medical condition for which the vaccine is contraindicated or for which precaution is warranted</td></tr><tr><td><a href=\"CodeSystem-IMMZ.D.html#IMMZ.D-DE8\">DE8</a></td><td>Product out of stock</td><td>There was no supply of the product on hand to perform the service</td></tr><tr><td><a href=\"CodeSystem-IMMZ.D.html#IMMZ.D-DE9\">DE9</a></td><td>Client objection</td><td>The client or their guardian objects to receiving the vaccine</td></tr><tr><td><a href=\"CodeSystem-IMMZ.D.html#IMMZ.D-DE10\">DE10</a></td><td>Caregiver refusal</td><td>The client's caregiver refused the vaccine</td></tr><tr><td><a href=\"CodeSystem-IMMZ.D.html#IMMZ.D-DE11\">DE11</a></td><td>Unspecified reason</td><td>The immunization event was not carried out for an unspecified reason</td></tr><tr><td><a href=\"CodeSystem-IMMZ.D.html#IMMZ.D-DE12\">DE12</a></td><td>Client allergy to vaccine or component</td><td>The immunization event was not carried out because of client allergy to vaccine or component</td></tr><tr><td><a href=\"CodeSystem-IMMZ.D.html#IMMZ.D-DE13\">DE13</a></td><td>Immunocompromised</td><td>The immunization event was not carried out because the client is immunocompromised</td></tr><tr><td><a href=\"CodeSystem-IMMZ.D.html#IMMZ.D-DE14\">DE14</a></td><td>Chronic illness or condition</td><td>The immunization event was not carried out due a chronic illness or condition of the client</td></tr><tr><td><a href=\"CodeSystem-IMMZ.D.html#IMMZ.D-DE15\">DE15</a></td><td>Acute illness</td><td>The immunization event was not carried out due to an acute illness present in the client</td></tr><tr><td><a href=\"CodeSystem-IMMZ.D.html#IMMZ.D-DE16\">DE16</a></td><td>Had the disease</td><td>The immunization event was not carried out due to the client having had the disease</td></tr><tr><td><a href=\"CodeSystem-IMMZ.D.html#IMMZ.D-DE17\">DE17</a></td><td>Immunization not carried out for other reasons</td><td>The immunization event was not carried out for other reasons</td></tr></table></li></ul></div>"
  },
  "url" : "http://smart.who.int/ig/smart-immunizations/ValueSet/IMMZ.D.DE5",
  "version" : "0.1.0",
  "name" : "IMMZ_D_DE5",
  "title" : "IMMZ.D.DE5 ValueSet for Reason vaccine was not administered",
  "status" : "active",
  "experimental" : false,
  "date" : "2024-04-04T07:29:23+00:00",
  "publisher" : "World Health Organization (WHO)",
  "contact" : [{
    "name" : "World Health Organization (WHO)",
    "telecom" : [{
      "system" : "url",
      "value" : "https://www.who.int"
    }]
  }],
  "description" : "ValueSet for Reason vaccine was not administered for IMMZ.D.DE5",
  "jurisdiction" : [{
    "coding" : [{
      "system" : "http://unstats.un.org/unsd/methods/m49/m49.htm",
      "code" : "001"
    }]
  }],
  "compose" : {
    "include" : [{
      "system" : "http://smart.who.int/ig/smart-immunizations/CodeSystem/IMMZ.D",
      "concept" : [{
        "code" : "DE6",
        "display" : "Immunity"
      },
      {
        "code" : "DE7",
        "display" : "Medical precaution"
      },
      {
        "code" : "DE8",
        "display" : "Product out of stock"
      },
      {
        "code" : "DE9",
        "display" : "Client objection"
      },
      {
        "code" : "DE10",
        "display" : "Caregiver refusal"
      },
      {
        "code" : "DE11",
        "display" : "Unspecified reason"
      },
      {
        "code" : "DE12",
        "display" : "Client allergy to vaccine or component"
      },
      {
        "code" : "DE13",
        "display" : "Immunocompromised"
      },
      {
        "code" : "DE14",
        "display" : "Chronic illness or condition"
      },
      {
        "code" : "DE15",
        "display" : "Acute illness"
      },
      {
        "code" : "DE16",
        "display" : "Had the disease"
      },
      {
        "code" : "DE17",
        "display" : "Immunization not carried out for other reasons"
      }]
    }]
  }
}