<?xml version="1.0" encoding="UTF-8"?><PlanDefinition xmlns="http://hl7.org/fhir"><id value="IMMZD2DTTBEFSME"/><meta><profile value="http://hl7.org/fhir/uv/cpg/StructureDefinition/cpg-recommendationdefinition"/><profile value="http://hl7.org/fhir/uv/crmi/StructureDefinition/crmi-shareableplandefinition"/><profile value="http://hl7.org/fhir/uv/crmi/StructureDefinition/crmi-publishableplandefinition"/></meta><extension url="http://hl7.org/fhir/uv/cpg/StructureDefinition/cpg-knowledgeCapability"><valueCode value="computable"/></extension><url value="http://smart.who.int/immunizations/PlanDefinition/IMMZD2DTTBEFSME"/><version value="0.2.0"/><name value="IMMZD2DTTBEFSME"/><title value="IMMZ.D2.DT.TBE.FSME-Immun"/><type><coding><system value="http://terminology.hl7.org/CodeSystem/plan-definition-type"/><code value="eca-rule"/></coding></type><status value="draft"/><experimental value="false"/><date value="2025-06-25T20:08:00+00:00"/><publisher value="WHO"/><contact><name value="WHO"/><telecom><system value="url"/><value value="http://who.int"/></telecom></contact><description value="IMMZ.D2.DT.TBE.FSME-Immun&#xA;FSME-Immun schedule&#xA;(In areas where the disease is highly endemic, implying that there is a high individual risk of infection, WHO recommends that vaccination be offered to all age groups, including children)"/><relatedArtifact><type value="citation"/><citation value="WHO recommendations for routine immunization - summary tables (January 2025)"/></relatedArtifact><library value="http://smart.who.int/immunizations/Library/IMMZD2DTTBEFSMELogic"/><action><extension url="http://hl7.org/fhir/uv/cpg/StructureDefinition/cpg-rationale"><valueMarkdown value="The vaccines manufactured in Austria and Germany (FSME-Immun and Encepur) can be given from &gt; 1 year of age.&#xA;For the vaccines manufactured in Austria and Germany (FSME-Immun and Encepur), an interval of 1–3 months is recommended between the first 2 doses."/></extension><title value="Determine if the client is due for TBE."/><description value="Determine if the client is due for TBE vaccine according to the national immunization protocol.&#xA;FSME-Immun schedule &#xA;(In areas where the disease is highly endemic, implying that there is a high &#xA;individual risk of infection, WHO recommends that vaccination be offered to all age groups, including children)"/><condition><kind value="applicability"/><expression><description value="Client is due for TBE vaccination"/><language value="text/cql-identifier"/><expression value="Client is due for TBE vaccination"/></expression></condition><definitionCanonical value="http://smart.who.int/immunizations/ActivityDefinition/IMMZD2DTTBEMR"/><dynamicValue><path value="status"/><expression><language value="text/cql-expression"/><expression value="'draft'"/></expression></dynamicValue><dynamicValue><path value="intent"/><expression><language value="text/cql-expression"/><expression value="'proposal'"/></expression></dynamicValue></action><action><extension url="http://hl7.org/fhir/uv/cpg/StructureDefinition/cpg-rationale"><valueMarkdown value="For both vaccines (FSME-Immun and Encepur), the manufacturers recommend a booster dose to be administered &#xA;3 years after completion of the primary series. Although there is a strong indication that the spacing of boosters could &#xA;be expanded considerably from the intervals currently recommended by the manufacturers (every 3–5 years), the evidence &#xA;is still insufficient for a definitive recommendation on the optimal frequency and number of booster doses."/></extension><title value="Determine if the client is due for TBE."/><description value="Determine if the client is due for TBE vaccine according to the national immunization protocol.&#xA;FSME-Immun schedule &#xA;(In areas where the disease is highly endemic, implying that there is a high &#xA;individual risk of infection, WHO recommends that vaccination be offered to all age groups, including children)"/><condition><kind value="applicability"/><expression><description value="Primary series is complete. Client is due for TBE booster dose"/><language value="text/cql-identifier"/><expression value="Primary series is complete. Client is due for TBE booster dose"/></expression></condition><definitionCanonical value="http://smart.who.int/immunizations/ActivityDefinition/IMMZD2DTTBEMR"/><dynamicValue><path value="status"/><expression><language value="text/cql-expression"/><expression value="'draft'"/></expression></dynamicValue><dynamicValue><path value="intent"/><expression><language value="text/cql-expression"/><expression value="'proposal'"/></expression></dynamicValue></action><action><title value="Check for Guidance for the patient regarding IMMZ.D2.DT.TBE.FSME-Immun."/><description value="Show Guidance for the patient regarding IMMZ.D2.DT.TBE.FSME-Immun."/><condition><kind value="applicability"/><expression><description value="Has Guidance"/><language value="text/cql-identifier"/><expression value="Has Guidance"/></expression></condition><definitionCanonical value="http://smart.who.int/immunizations/ActivityDefinition/IMMZD2DTCR"/><dynamicValue><path value="status"/><expression><language value="text/cql-expression"/><expression value="'active'"/></expression></dynamicValue><dynamicValue><path value="payload.contentString"/><expression><language value="text/cql-identifier"/><expression value="Guidance"/></expression></dynamicValue><dynamicValue><path value="category.coding"/><expression><description value="Category of communication"/><language value="text/cql-expression"/><expression value="Code { system: 'http://terminology.hl7.org/CodeSystem/communication-category', code: 'alert' }"/></expression></dynamicValue><dynamicValue><path value="priority"/><expression><description value="Alert priority"/><language value="text/cql-expression"/><expression value="Code { system: 'http://hl7.org/fhir/request-priority', code: 'routine' }"/></expression></dynamicValue></action></PlanDefinition>