<?xml version="1.0" encoding="UTF-8"?><PlanDefinition xmlns="http://hl7.org/fhir"><id value="IMMZD5DTHepatitisACI"/><meta><profile value="http://hl7.org/fhir/uv/cpg/StructureDefinition/cpg-recommendationdefinition"/><profile value="http://hl7.org/fhir/uv/crmi/StructureDefinition/crmi-shareableplandefinition"/><profile value="http://hl7.org/fhir/uv/crmi/StructureDefinition/crmi-publishableplandefinition"/></meta><extension url="http://hl7.org/fhir/uv/cpg/StructureDefinition/cpg-knowledgeCapability"><valueCode value="computable"/></extension><url value="http://smart.who.int/immunizations/PlanDefinition/IMMZD5DTHepatitisACI"/><version value="0.2.0"/><name value="IMMZD5DTHepatitisACI"/><title value="IMMZ.D5.DT.Hepatitis A contraindications"/><type><coding><system value="http://terminology.hl7.org/CodeSystem/plan-definition-type"/><code value="eca-rule"/></coding></type><status value="draft"/><experimental value="false"/><date value="2025-06-25T20:08:00+00:00"/><publisher value="WHO"/><contact><name value="WHO"/><telecom><system value="url"/><value value="http://who.int"/></telecom></contact><description value="IMMZ.D5.DT.Hepatitis A contraindications&#xA;Potential contraindications"/><relatedArtifact><type value="citation"/><citation value="WHO recommendations for routine immunization - summary tables (January 2025)"/></relatedArtifact><library value="http://smart.who.int/immunizations/Library/IMMZD5DTHepatitisACILogic"/><action><title value="Check for contraindications before administering the vaccine(s) due"/><description value="Contraindication for HepatitisA immunization"/><condition><kind value="applicability"/><expression><description value="Live attentuated Hepatitis A-containing vaccine is contraindicated"/><language value="text/cql-identifier"/><expression value="Live attentuated Hepatitis A-containing vaccine is contraindicated"/></expression></condition><type><coding><system value="http://terminology.hl7.org/CodeSystem/action-type"/><code value="update"/></coding></type><definitionCanonical value="http://smart.who.int/immunizations/ActivityDefinition/IMMZD5DTHepatitisAMR"/><dynamicValue><path value="id"/><expression><description value="Draft Medication Request ID for HepatitisA dose"/><language value="text/cql-identifier"/><expression value="Draft Medication Request ID for HepatitisA dose"/></expression></dynamicValue></action><action><title value="Check for Guidance for the patient regarding IMMZ.D5.DT.Hepatitis A contraindications."/><description value="Show Guidance for the patient regarding IMMZ.D5.DT.Hepatitis A contraindications."/><condition><kind value="applicability"/><expression><description value="Has Guidance"/><language value="text/cql-identifier"/><expression value="Has Guidance"/></expression></condition><definitionCanonical value="http://smart.who.int/immunizations/ActivityDefinition/IMMZD2DTCR"/><dynamicValue><path value="status"/><expression><language value="text/cql-expression"/><expression value="'active'"/></expression></dynamicValue><dynamicValue><path value="payload.contentString"/><expression><language value="text/cql-identifier"/><expression value="Guidance"/></expression></dynamicValue><dynamicValue><path value="category.coding"/><expression><description value="Category of communication"/><language value="text/cql-expression"/><expression value="Code { system: 'http://terminology.hl7.org/CodeSystem/communication-category', code: 'alert' }"/></expression></dynamicValue><dynamicValue><path value="priority"/><expression><description value="Alert priority"/><language value="text/cql-expression"/><expression value="Code { system: 'http://hl7.org/fhir/request-priority', code: 'routine' }"/></expression></dynamicValue></action></PlanDefinition>