<?xml version="1.0" encoding="UTF-8"?><PlanDefinition xmlns="http://hl7.org/fhir"><id value="IMMZD18SDTPDelayed"/><meta><profile value="http://hl7.org/fhir/uv/cpg/StructureDefinition/cpg-recommendationdefinition"/><profile value="http://hl7.org/fhir/uv/crmi/StructureDefinition/crmi-shareableplandefinition"/><profile value="http://hl7.org/fhir/uv/crmi/StructureDefinition/crmi-publishableplandefinition"/></meta><extension url="http://hl7.org/fhir/uv/cpg/StructureDefinition/cpg-knowledgeCapability"><valueCode value="computable"/></extension><url value="http://smart.who.int/immunizations/PlanDefinition/IMMZD18SDTPDelayed"/><version value="0.2.0"/><name value="IMMZD18SDTPDelayed"/><title value="IMMZ.D18.S.DTP.Delayed or interrupted schedule"/><type><coding><system value="http://terminology.hl7.org/CodeSystem/plan-definition-type"/><code value="eca-rule"/></coding></type><status value="draft"/><experimental value="false"/><date value="2025-06-25T20:08:00+00:00"/><publisher value="WHO"/><contact><name value="WHO"/><telecom><system value="url"/><value value="http://who.int"/></telecom></contact><description value="IMMZ.D18.S.DTP.Delayed or interrupted schedule&#xA;Diphtheria–tetanus–pertussis (DTP) vaccination schedule for the following groups: children ≥ 1 year of age with no previous immunization, adolescents and adults with no previous immunization (including pregnant women) and supplementary immunization activities in high-risk areas, for women of reproductive age"/><relatedArtifact><type value="citation"/><citation value="WHO recommendations for routine immunization - summary tables (January 2025)"/></relatedArtifact><library value="http://smart.who.int/immunizations/Library/IMMZD18SDTPDelayedLogic"/><action><title value="DTP dose 1 (delayed start)"/><description value="Provision of DTP dose 1 with a delayed start&#xA;Trigger event: No DTP doses were administered and client's age is more than 1 year &#xA;Count of vaccines administered (where &quot;Vaccine type&quot; = &quot;DTP-containing vaccines&quot;) = 0 AND Today's date − &quot;Date of birth&quot; &gt; 1 year&#xA;Trigger date: Date of birth&#xA;Create condition: For children whose vaccination series has been interrupted, the series should be resumed without repeating previous doses. Children aged 1 year to under 7 years who have not previously been vaccinated should receive 3 doses of vaccine following a 0, 1, 6 month schedule.&#xA;&#xA;If tetanus vaccination is started during adolescence or adulthood, a total of only 5 appropriately spaced doses are required to obtain lifelong protection.&#xA;&#xA;Pregnant women and their newborn infants are protected from birth-associated tetanus if the mother received 5 doses if first vaccinated during adolescence/adulthood."/><condition><kind value="applicability"/><expression><description value="DTP dose 1 (delayed start)"/><language value="text/cql-identifier"/><expression value="DTP dose 1 (delayed start)"/></expression></condition><definitionCanonical value="http://smart.who.int/immunizations/ActivityDefinition/IMMZD2DTCR"/><dynamicValue><path value="status"/><expression><language value="text/cql-expression"/><expression value="'active'"/></expression></dynamicValue><dynamicValue><path value="payload.contentString"/><expression><language value="text/cql-identifier"/><expression value="DTP dose 1 (delayed start) Create"/></expression></dynamicValue><dynamicValue><path value="category.coding"/><expression><description value="Category of communication"/><language value="text/cql-expression"/><expression value="Code { system: 'http://terminology.hl7.org/CodeSystem/communication-category', code: 'alert' }"/></expression></dynamicValue><dynamicValue><path value="priority"/><expression><description value="Alert priority"/><language value="text/cql-expression"/><expression value="Code { system: 'http://hl7.org/fhir/request-priority', code: 'routine' }"/></expression></dynamicValue></action><action><title value="DTP dose 2 (delayed start)"/><description value="Provision of DTP dose 2 with a delayed start&#xA;Trigger event: First DTP dose from the primary series was administered &#xA;Count of vaccines administered (where &quot;Vaccine type&quot; = &quot;DTP-containing vaccines&quot; and &quot;Type of dose&quot; = &quot;Primary series&quot;) = 1&#xA;Trigger date: Latest &quot;Date and time of vaccination&quot; (where &quot;Vaccine type&quot; = &quot;DTP-containing vaccines&quot;&#xA;Create condition: For children whose vaccination series has been interrupted, the series should be resumed without repeating previous doses. Children aged 1 year to under 7 years who have not previously been vaccinated should receive 3 doses of vaccine following a 0, 1, 6 month schedule.&#xA;&#xA;If tetanus vaccination is started during adolescence or adulthood, a total of only 5 appropriately spaced doses are required to obtain lifelong protection.&#xA;&#xA;Pregnant women and their newborn infants are protected from birth-associated tetanus if the mother received 5 doses if first vaccinated during adolescence/adulthood."/><condition><kind value="applicability"/><expression><description value="DTP dose 2 (delayed start)"/><language value="text/cql-identifier"/><expression value="DTP dose 2 (delayed start)"/></expression></condition><definitionCanonical value="http://smart.who.int/immunizations/ActivityDefinition/IMMZD2DTCR"/><dynamicValue><path value="status"/><expression><language value="text/cql-expression"/><expression value="'active'"/></expression></dynamicValue><dynamicValue><path value="payload.contentString"/><expression><language value="text/cql-identifier"/><expression value="DTP dose 2 (delayed start) Create"/></expression></dynamicValue><dynamicValue><path value="category.coding"/><expression><description value="Category of communication"/><language value="text/cql-expression"/><expression value="Code { system: 'http://terminology.hl7.org/CodeSystem/communication-category', code: 'alert' }"/></expression></dynamicValue><dynamicValue><path value="priority"/><expression><description value="Alert priority"/><language value="text/cql-expression"/><expression value="Code { system: 'http://hl7.org/fhir/request-priority', code: 'routine' }"/></expression></dynamicValue></action><action><title value="DTP dose 3 (delayed start)"/><description value="Provision of DTP dose 3 with a delayed start&#xA;Trigger event: Second DTP dose from the primary series was administered &#xA;Count of vaccines administered (where &quot;Vaccine type&quot; = &quot;DTP-containing vaccines&quot; and &quot;Type of dose&quot; = &quot;Primary series&quot;) = 2&#xA;Trigger date: Latest &quot;Date and time of vaccination&quot; (where &quot;Vaccine type&quot; = &quot;DTP-containing vaccines&quot;&#xA;Create condition: For children whose vaccination series has been interrupted, the series should be resumed without repeating previous doses. Children aged 1 year to under 7 years who have not previously been vaccinated should receive 3 doses of vaccine following a 0, 1, 6 month schedule.&#xA;&#xA;If tetanus vaccination is started during adolescence or adulthood, a total of only 5 appropriately spaced doses are required to obtain lifelong protection.&#xA;&#xA;Pregnant women and their newborn infants are protected from birth-associated tetanus if the mother received 5 doses if first vaccinated during adolescence/adulthood."/><condition><kind value="applicability"/><expression><description value="DTP dose 3 (delayed start)"/><language value="text/cql-identifier"/><expression value="DTP dose 3 (delayed start)"/></expression></condition><definitionCanonical value="http://smart.who.int/immunizations/ActivityDefinition/IMMZD2DTCR"/><dynamicValue><path value="status"/><expression><language value="text/cql-expression"/><expression value="'active'"/></expression></dynamicValue><dynamicValue><path value="payload.contentString"/><expression><language value="text/cql-identifier"/><expression value="DTP dose 3 (delayed start) Create"/></expression></dynamicValue><dynamicValue><path value="category.coding"/><expression><description value="Category of communication"/><language value="text/cql-expression"/><expression value="Code { system: 'http://terminology.hl7.org/CodeSystem/communication-category', code: 'alert' }"/></expression></dynamicValue><dynamicValue><path value="priority"/><expression><description value="Alert priority"/><language value="text/cql-expression"/><expression value="Code { system: 'http://hl7.org/fhir/request-priority', code: 'routine' }"/></expression></dynamicValue></action><action><title value="Tetanus and diphtheria-containing vaccine booster dose 1 (delayed start)"/><description value="Provision of tetanus and diphtheria booster dose 1&#xA;Trigger event: The primary DTP series has been completed&#xA;&quot;Completed the primary vaccination series&quot; = TRUE (where &quot;Vaccine type&quot; = &quot;DTP-containing vaccines&quot;)&#xA;Trigger date: Latest &quot;Date and time of vaccination&quot; (where &quot;Vaccine type&quot; = &quot;DTP-containing vaccines&quot;&#xA;Create condition: Two subsequent booster doses using tetanus toxoid with reduced diphteria toxoid (Td) or Td with acellular pertussis (TdaP) combination vaccines are needed with an interval of at least 1 year between doses."/><condition><kind value="applicability"/><expression><description value="Tetanus and diphtheria-containing vaccine booster dose 1 (delayed start)"/><language value="text/cql-identifier"/><expression value="Tetanus and diphtheria-containing vaccine booster dose 1 (delayed start)"/></expression></condition><definitionCanonical value="http://smart.who.int/immunizations/ActivityDefinition/IMMZD2DTCR"/><dynamicValue><path value="status"/><expression><language value="text/cql-expression"/><expression value="'active'"/></expression></dynamicValue><dynamicValue><path value="payload.contentString"/><expression><language value="text/cql-identifier"/><expression value="Tetanus and diphtheria-containing vaccine booster dose 1 (delayed start) Create"/></expression></dynamicValue><dynamicValue><path value="category.coding"/><expression><description value="Category of communication"/><language value="text/cql-expression"/><expression value="Code { system: 'http://terminology.hl7.org/CodeSystem/communication-category', code: 'alert' }"/></expression></dynamicValue><dynamicValue><path value="priority"/><expression><description value="Alert priority"/><language value="text/cql-expression"/><expression value="Code { system: 'http://hl7.org/fhir/request-priority', code: 'routine' }"/></expression></dynamicValue></action><action><title value="Tetanus and diphtheria-containing vaccine booster dose 2 (delayed start)"/><description value="Provision of tetanus and diphtheria booster dose 2&#xA;Trigger event: First tetanus and diphtheria booster dose was administered &#xA;Count of vaccines administered (where &quot;Vaccine type&quot; = &quot;Tetanus and diphtheria-containing vaccines&quot; and &quot;Type of dose&quot; = &quot;Booster dose&quot;) = 1&#xA;Trigger date: Latest &quot;Date and time of vaccination&quot; (where &quot;Vaccine type&quot; = &quot;Tetanus and diphtheria-containing vaccines&quot;)&#xA;Create condition: Two subsequent booster doses using tetanus toxoid with reduced diphteria toxoid (Td) or Td with acellular pertussis (TdaP) combination vaccines are needed with an interval of at least 1 year between doses."/><condition><kind value="applicability"/><expression><description value="Tetanus and diphtheria-containing vaccine booster dose 2 (delayed start)"/><language value="text/cql-identifier"/><expression value="Tetanus and diphtheria-containing vaccine booster dose 2 (delayed start)"/></expression></condition><definitionCanonical value="http://smart.who.int/immunizations/ActivityDefinition/IMMZD2DTCR"/><dynamicValue><path value="status"/><expression><language value="text/cql-expression"/><expression value="'active'"/></expression></dynamicValue><dynamicValue><path value="payload.contentString"/><expression><language value="text/cql-identifier"/><expression value="Tetanus and diphtheria-containing vaccine booster dose 2 (delayed start) Create"/></expression></dynamicValue><dynamicValue><path value="category.coding"/><expression><description value="Category of communication"/><language value="text/cql-expression"/><expression value="Code { system: 'http://terminology.hl7.org/CodeSystem/communication-category', code: 'alert' }"/></expression></dynamicValue><dynamicValue><path value="priority"/><expression><description value="Alert priority"/><language value="text/cql-expression"/><expression value="Code { system: 'http://hl7.org/fhir/request-priority', code: 'routine' }"/></expression></dynamicValue></action><action><title value="Pertussis-containing vaccine booster dose 1 (delayed start)"/><description value="Provision of the pertussis-containing booster dose 1&#xA;Trigger event: The primary DTP series has been completed and client's age is between 1 year and 6 years&#xA;&quot;Completed the primary vaccination series&quot; = TRUE (where &quot;Vaccine type&quot; = &quot;DTP-containing vaccines&quot;) AND 1 year ≤  Today's date − &quot;Date of birth&quot; ≤  6 years&#xA;Trigger date: Latest &quot;Date and time of vaccination&quot; (where &quot;Vaccine type&quot; = &quot;DTP-containing vaccines&quot;)&#xA;Create condition: A booster dose is recommended for children aged 1–6 years, preferably during the second year of life (≥ 6 months after last primary dose)."/><condition><kind value="applicability"/><expression><description value="Pertussis-containing vaccine booster dose 1 (delayed start)"/><language value="text/cql-identifier"/><expression value="Pertussis-containing vaccine booster dose 1 (delayed start)"/></expression></condition><definitionCanonical value="http://smart.who.int/immunizations/ActivityDefinition/IMMZD2DTCR"/><dynamicValue><path value="status"/><expression><language value="text/cql-expression"/><expression value="'active'"/></expression></dynamicValue><dynamicValue><path value="payload.contentString"/><expression><language value="text/cql-identifier"/><expression value="Pertussis-containing vaccine booster dose 1 (delayed start) Create"/></expression></dynamicValue><dynamicValue><path value="category.coding"/><expression><description value="Category of communication"/><language value="text/cql-expression"/><expression value="Code { system: 'http://terminology.hl7.org/CodeSystem/communication-category', code: 'alert' }"/></expression></dynamicValue><dynamicValue><path value="priority"/><expression><description value="Alert priority"/><language value="text/cql-expression"/><expression value="Code { system: 'http://hl7.org/fhir/request-priority', code: 'routine' }"/></expression></dynamicValue></action></PlanDefinition>