<?xml version="1.0" encoding="UTF-8"?><PlanDefinition xmlns="http://hl7.org/fhir"><id value="IMMZD2DTPolioBirth"/><meta><profile value="http://hl7.org/fhir/uv/cpg/StructureDefinition/cpg-recommendationdefinition"/><profile value="http://hl7.org/fhir/uv/crmi/StructureDefinition/crmi-shareableplandefinition"/><profile value="http://hl7.org/fhir/uv/crmi/StructureDefinition/crmi-publishableplandefinition"/></meta><extension url="http://hl7.org/fhir/uv/cpg/StructureDefinition/cpg-knowledgeCapability"><valueCode value="computable"/></extension><url value="http://smart.who.int/immunizations/PlanDefinition/IMMZD2DTPolioBirth"/><version value="0.2.0"/><name value="IMMZD2DTPolioBirth"/><title value="IMMZ.D2.DT.Polio.Birth dose"/><type><coding><system value="http://terminology.hl7.org/CodeSystem/plan-definition-type"/><code value="eca-rule"/></coding></type><status value="draft"/><experimental value="false"/><date value="2025-06-25T20:08:00+00:00"/><publisher value="WHO"/><contact><name value="WHO"/><telecom><system value="url"/><value value="http://who.int"/></telecom></contact><description value="IMMZ.D2.DT.Polio.Birth dose&#xA;Birth dose administration as part of &quot;bivalent oral polio vaccine (bOPV) plus inactivated polio vaccine (IPV)&quot; schedule (in countries that are poliomyelitis (polio)-endemic countries or at high risk of importation and subsequent spread of polio that follow the combined bOPV–IPV schedule)"/><relatedArtifact><type value="citation"/><citation value="WHO recommendations for routine immunization - summary tables (January 2025)"/></relatedArtifact><library value="http://smart.who.int/immunizations/Library/IMMZD2DTPolioBirthLogic"/><action><extension url="http://hl7.org/fhir/uv/cpg/StructureDefinition/cpg-rationale"><valueMarkdown value="In polio-endemic countries and in countries at high risk of importation and subsequent spread of polio, WHO &#xA;  recommends a bOPV birth dose (zero dose) followed by the primary series of 3 bOPV doses and 2 IPV doses. The zero dose of &#xA;  bOPV should be administered at birth, or within the first week of life, to maximize seroconversion rates following subsequent &#xA;  doses and to induce mucosal protection before enteric pathogens may interfere with the immune response.  Additionally, a birth &#xA;  dose of bOPV administered while infants are still protected by maternally-derived antibodies (up to 6 months) may prevent &#xA;  vaccine-associated paralytic polio (VAPP)."/></extension><title value="Determine if the client is due for a poliovirus vaccination according to the national immunization schedule"/><description value="Determine if the client is due for a poliovirus vaccination according to the national immunization schedule&#xA;Birth dose administration as part of &quot;bivalent oral polio vaccine (bOPV) plus inactivated polio vaccine (IPV)&quot; schedule &#xA;(in countries that are poliomyelitis (polio)-endemic countries or at high risk of importation and subsequent spread of &#xA;polio that follow the combined bOPV–IPV schedule)"/><condition><kind value="applicability"/><expression><description value="Client is due for the bOPV birth dose"/><language value="text/cql-identifier"/><expression value="Client is due for the bOPV birth dose"/></expression></condition><definitionCanonical value="http://smart.who.int/immunizations/ActivityDefinition/IMMZD2DTPolioOPVMR"/><dynamicValue><path value="status"/><expression><language value="text/cql-expression"/><expression value="'draft'"/></expression></dynamicValue><dynamicValue><path value="intent"/><expression><language value="text/cql-expression"/><expression value="'proposal'"/></expression></dynamicValue></action><action><title value="Check for Guidance for the patient regarding IMMZ.D2.DT.Polio.Birth dose."/><description value="Show Guidance for the patient regarding IMMZ.D2.DT.Polio.Birth dose."/><condition><kind value="applicability"/><expression><description value="Has Guidance"/><language value="text/cql-identifier"/><expression value="Has Guidance"/></expression></condition><definitionCanonical value="http://smart.who.int/immunizations/ActivityDefinition/IMMZD2DTCR"/><dynamicValue><path value="status"/><expression><language value="text/cql-expression"/><expression value="'active'"/></expression></dynamicValue><dynamicValue><path value="payload.contentString"/><expression><language value="text/cql-identifier"/><expression value="Guidance"/></expression></dynamicValue><dynamicValue><path value="category.coding"/><expression><description value="Category of communication"/><language value="text/cql-expression"/><expression value="Code { system: 'http://terminology.hl7.org/CodeSystem/communication-category', code: 'alert' }"/></expression></dynamicValue><dynamicValue><path value="priority"/><expression><description value="Alert priority"/><language value="text/cql-expression"/><expression value="Code { system: 'http://hl7.org/fhir/request-priority', code: 'routine' }"/></expression></dynamicValue></action></PlanDefinition>