<?xml version="1.0" encoding="UTF-8"?><PlanDefinition xmlns="http://hl7.org/fhir"><id value="IMMZD2DTHepatitisB3Delayed"/><meta><profile value="http://hl7.org/fhir/uv/cpg/StructureDefinition/cpg-recommendationdefinition"/><profile value="http://hl7.org/fhir/uv/crmi/StructureDefinition/crmi-shareableplandefinition"/><profile value="http://hl7.org/fhir/uv/crmi/StructureDefinition/crmi-publishableplandefinition"/></meta><extension url="http://hl7.org/fhir/uv/cpg/StructureDefinition/cpg-knowledgeCapability"><valueCode value="computable"/></extension><url value="http://smart.who.int/immunizations/PlanDefinition/IMMZD2DTHepatitisB3Delayed"/><version value="0.2.0"/><name value="IMMZD2DTHepatitisB3Delayed"/><title value="IMMZ.D2.DT.Hepatitis B.Delayed start"/><type><coding><system value="http://terminology.hl7.org/CodeSystem/plan-definition-type"/><code value="eca-rule"/></coding></type><status value="draft"/><experimental value="false"/><date value="2025-06-25T20:08:00+00:00"/><publisher value="WHO"/><contact><name value="WHO"/><telecom><system value="url"/><value value="http://who.int"/></telecom></contact><description value="IMMZ.D2.DT.Hepatitis B.Delayed start&#xA;3-dose schedule (no birth dose + 3 doses), delayed start"/><relatedArtifact><type value="citation"/><citation value="WHO recommendations for routine immunization - summary tables (January 2025)"/></relatedArtifact><library value="http://smart.who.int/immunizations/Library/IMMZD2DTHepatitisB3DelayedLogic"/><action><extension url="http://hl7.org/fhir/uv/cpg/StructureDefinition/cpg-rationale"><valueMarkdown value="If delayed or interrupted scheduling of vaccination for children, adolescents and adults, 3 doses are recommended, &#xA;  with the second dose administered at least 1 month after the first, and the third dose 6 months after the first dose. If the &#xA;  vaccination schedule is interrupted, it is not necessary to restart the vaccine series."/></extension><title value="Determine if the client is due for a hepatitis B vaccination according to the national immunization schedule"/><description value="Determine if the client is due for a hepatitis B vaccination according to the national immunization schedule&#xA;3-dose schedule (no birth dose + 3 doses), delayed start"/><condition><kind value="applicability"/><expression><description value="Client is due for hepatitis B vaccination"/><language value="text/cql-identifier"/><expression value="Client is due for hepatitis B vaccination"/></expression></condition><definitionCanonical value="http://smart.who.int/immunizations/ActivityDefinition/IMMZD2DTHepatitisBMR"/><dynamicValue><path value="status"/><expression><language value="text/cql-expression"/><expression value="'draft'"/></expression></dynamicValue><dynamicValue><path value="intent"/><expression><language value="text/cql-expression"/><expression value="'proposal'"/></expression></dynamicValue></action><action><extension url="http://hl7.org/fhir/uv/cpg/StructureDefinition/cpg-rationale"><valueMarkdown value="If delayed or interrupted scheduling of vaccination for children, adolescents and adults, 3 doses are recommended, &#xA;  with the second dose administered at least 1 month after the first, and the third dose 6 months after the first dose. If the &#xA;  vaccination schedule is interrupted, it is not necessary to restart the vaccine series."/></extension><title value="Determine if the client is due for a hepatitis B vaccination according to the national immunization schedule"/><description value="Determine if the client is due for a hepatitis B vaccination according to the national immunization schedule&#xA;3-dose schedule (no birth dose + 3 doses), delayed start"/><condition><kind value="applicability"/><expression><description value="Client is due for a hepatitis B vaccination"/><language value="text/cql-identifier"/><expression value="Client is due for a hepatitis B vaccination"/></expression></condition><definitionCanonical value="http://smart.who.int/immunizations/ActivityDefinition/IMMZD2DTHepatitisBMR"/><dynamicValue><path value="status"/><expression><language value="text/cql-expression"/><expression value="'draft'"/></expression></dynamicValue><dynamicValue><path value="intent"/><expression><language value="text/cql-expression"/><expression value="'proposal'"/></expression></dynamicValue></action><action><title value="Check for Guidance for the patient regarding IMMZ.D2.DT.Hepatitis B.Delayed start."/><description value="Show Guidance for the patient regarding IMMZ.D2.DT.Hepatitis B.Delayed start."/><condition><kind value="applicability"/><expression><description value="Has Guidance"/><language value="text/cql-identifier"/><expression value="Has Guidance"/></expression></condition><definitionCanonical value="http://smart.who.int/immunizations/ActivityDefinition/IMMZD2DTCR"/><dynamicValue><path value="status"/><expression><language value="text/cql-expression"/><expression value="'active'"/></expression></dynamicValue><dynamicValue><path value="payload.contentString"/><expression><language value="text/cql-identifier"/><expression value="Guidance"/></expression></dynamicValue><dynamicValue><path value="category.coding"/><expression><description value="Category of communication"/><language value="text/cql-expression"/><expression value="Code { system: 'http://terminology.hl7.org/CodeSystem/communication-category', code: 'alert' }"/></expression></dynamicValue><dynamicValue><path value="priority"/><expression><description value="Alert priority"/><language value="text/cql-expression"/><expression value="Code { system: 'http://hl7.org/fhir/request-priority', code: 'routine' }"/></expression></dynamicValue></action></PlanDefinition>