<?xml version="1.0" encoding="UTF-8"?><ValueSet xmlns="http://hl7.org/fhir"><id value="IMMZ.D2.DT.Meningococcal.Poly"/><text><status value="generated"/><div xmlns="http://www.w3.org/1999/xhtml"><p class="res-header-id"><b>Generated Narrative: ValueSet IMMZ.D2.DT.Meningococcal.Poly</b></p><a name="IMMZ.D2.DT.Meningococcal.Poly"> </a><a name="hcIMMZ.D2.DT.Meningococcal.Poly"> </a><p>This value set expansion contains 13 concepts.</p><table class="codes"><tr><td style="white-space:nowrap"><b>Code</b></td><td><b>System</b></td><td><b>Display</b></td><td><b>Definition</b></td></tr><tr><td style="white-space:nowrap"><a name="IMMZ.D2.DT.Meningococcal.Poly-http://smart.who.int/immunizations/CodeSystem/IMMZ.D2.DT.Inputs-nmpsdwa-53.130"> </a>  <a href="CodeSystem-IMMZ.D2.DT.Inputs.html#IMMZ.D2.DT.Inputs-nmpsdwa-53.46130">nmpsdwa-53.130</a></td><td>http://smart.who.int/immunizations/CodeSystem/IMMZ.D2.DT.Inputs</td><td>No meningococcal primary series dose was administered</td><td>Count of vaccines administered (where &quot;Vaccine type&quot; = &quot;Meningococcal vaccines&quot; and &quot;Type of dose&quot; = &quot;Primary series&quot;) = 0</td></tr><tr><td style="white-space:nowrap"><a name="IMMZ.D2.DT.Meningococcal.Poly-http://smart.who.int/immunizations/CodeSystem/IMMZ.D2.DT.Inputs-ompsdwa-54.130"> </a>  <a href="CodeSystem-IMMZ.D2.DT.Inputs.html#IMMZ.D2.DT.Inputs-ompsdwa-54.46130">ompsdwa-54.130</a></td><td>http://smart.who.int/immunizations/CodeSystem/IMMZ.D2.DT.Inputs</td><td>One meningococcal primary series dose was administered</td><td>Count of vaccines administered (where &quot;Vaccine type&quot; = &quot;Meningococcal vaccines&quot; and &quot;Type of dose&quot; = &quot;Primary series&quot;) = 1</td></tr><tr><td style="white-space:nowrap"><a name="IMMZ.D2.DT.Meningococcal.Poly-http://smart.who.int/immunizations/CodeSystem/IMMZ.D2.DT.Inputs-nmbdwa-46.128"> </a>  <a href="CodeSystem-IMMZ.D2.DT.Inputs.html#IMMZ.D2.DT.Inputs-nmbdwa-46.46128">nmbdwa-46.128</a></td><td>http://smart.who.int/immunizations/CodeSystem/IMMZ.D2.DT.Inputs</td><td>No meningococcal booster dose was administered</td><td>Count of vaccines administered (where &quot;Vaccine type&quot; = &quot;Meningococcal vaccines&quot; and &quot;Type of dose&quot; = &quot;Booster dose&quot;) = 0</td></tr><tr><td style="white-space:nowrap"><a name="IMMZ.D2.DT.Meningococcal.Poly-http://smart.who.int/immunizations/CodeSystem/IMMZ.D2.DT.Inputs-mbdwa-43.128"> </a>  <a href="CodeSystem-IMMZ.D2.DT.Inputs.html#IMMZ.D2.DT.Inputs-mbdwa-43.46128">mbdwa-43.128</a></td><td>http://smart.who.int/immunizations/CodeSystem/IMMZ.D2.DT.Inputs</td><td>Meningococcal booster dose was administered</td><td>Count of vaccines administered (where &quot;Vaccine type&quot; = &quot;Meningococcal vaccines&quot; and &quot;Type of dose&quot; = &quot;Booster dose&quot;) = 1</td></tr><tr><td style="white-space:nowrap"><a name="IMMZ.D2.DT.Meningococcal.Poly-http://smart.who.int/immunizations/CodeSystem/IMMZ.D2.DT.Inputs-csailt2y-33.42"> </a>  <a href="CodeSystem-IMMZ.D2.DT.Inputs.html#IMMZ.D2.DT.Inputs-csailt2y-33.4642">csailt2y-33.42</a></td><td>http://smart.who.int/immunizations/CodeSystem/IMMZ.D2.DT.Inputs</td><td>Client's age is less than 2 years</td><td>Today's date − &quot;Date of birth&quot; &lt; 2 years</td></tr><tr><td style="white-space:nowrap"><a name="IMMZ.D2.DT.Meningococcal.Poly-http://smart.who.int/immunizations/CodeSystem/IMMZ.D2.DT.Inputs-csaimt2y-33.42"> </a>  <a href="CodeSystem-IMMZ.D2.DT.Inputs.html#IMMZ.D2.DT.Inputs-csaimt2y-33.4642">csaimt2y-33.42</a></td><td>http://smart.who.int/immunizations/CodeSystem/IMMZ.D2.DT.Inputs</td><td>Client's age is more than 2 years</td><td>Today's date − &quot;Date of birth&quot; ≥ 2 years</td></tr><tr><td style="white-space:nowrap"><a name="IMMZ.D2.DT.Meningococcal.Poly-http://smart.who.int/immunizations/CodeSystem/IMMZ.D2.DT.Inputs-tlmdwalt3ya-68.111"> </a>  <a href="CodeSystem-IMMZ.D2.DT.Inputs.html#IMMZ.D2.DT.Inputs-tlmdwalt3ya-68.46111">tlmdwalt3ya-68.111</a></td><td>http://smart.who.int/immunizations/CodeSystem/IMMZ.D2.DT.Inputs</td><td>The latest meningococcal dose was administered less than 3 years ago</td><td>Today's date − &quot;Date and time of vaccination&quot; (where &quot;Vaccine type&quot; = &quot;Meningococcal vaccines&quot;) &lt; 3 years</td></tr><tr><td style="white-space:nowrap"><a name="IMMZ.D2.DT.Meningococcal.Poly-http://smart.who.int/immunizations/CodeSystem/IMMZ.D2.DT.Inputs-tlmdwamt3ya-68.111"> </a>  <a href="CodeSystem-IMMZ.D2.DT.Inputs.html#IMMZ.D2.DT.Inputs-tlmdwamt3ya-68.46111">tlmdwamt3ya-68.111</a></td><td>http://smart.who.int/immunizations/CodeSystem/IMMZ.D2.DT.Inputs</td><td>The latest meningococcal dose was administered more than 3 years ago</td><td>Today's date − &quot;Date and time of vaccination&quot; (where &quot;Vaccine type&quot; = &quot;Meningococcal vaccines&quot;) ≥ 3 years</td></tr><tr><td style="white-space:nowrap"><a name="IMMZ.D2.DT.Meningococcal.Poly-http://smart.who.int/immunizations/CodeSystem/IMMZ.D2.DT.Outputs-cindfmv-47.52"> </a>  <a href="CodeSystem-IMMZ.D2.DT.Outputs.html#IMMZ.D2.DT.Outputs-cindfmv-47.4652">cindfmv-47.52</a></td><td>http://smart.who.int/immunizations/CodeSystem/IMMZ.D2.DT.Outputs</td><td>Client is not due for meningococcal vaccination</td><td>&quot;Immunization recommendation status&quot; = &quot;Not due&quot;</td></tr><tr><td style="white-space:nowrap"><a name="IMMZ.D2.DT.Meningococcal.Poly-http://smart.who.int/immunizations/CodeSystem/IMMZ.D2.DT.Outputs-cidfmv-43.48"> </a>  <a href="CodeSystem-IMMZ.D2.DT.Outputs.html#IMMZ.D2.DT.Outputs-cidfmv-43.4648">cidfmv-43.48</a></td><td>http://smart.who.int/immunizations/CodeSystem/IMMZ.D2.DT.Outputs</td><td>Client is due for meningococcal vaccination</td><td>&quot;Immunization recommendation status&quot; = &quot;Due&quot;</td></tr><tr><td style="white-space:nowrap"><a name="IMMZ.D2.DT.Meningococcal.Poly-http://smart.who.int/immunizations/CodeSystem/IMMZ.D2.DT.Outputs-misic-47.53"> </a>  <a href="CodeSystem-IMMZ.D2.DT.Outputs.html#IMMZ.D2.DT.Outputs-misic-47.4653">misic-47.53</a></td><td>http://smart.who.int/immunizations/CodeSystem/IMMZ.D2.DT.Outputs</td><td>Meningococcal immunization schedule is complete</td><td>&quot;Immunization recommendation status&quot; = &quot;Complete&quot;</td></tr><tr><td style="white-space:nowrap"><a name="IMMZ.D2.DT.Meningococcal.Poly-http://smart.who.int/immunizations/CodeSystem/IMMZ.D2.DT.Outputs-tpsiccindfmbd-81.52"> </a>  <a href="CodeSystem-IMMZ.D2.DT.Outputs.html#IMMZ.D2.DT.Outputs-tpsiccindfmbd-81.4652">tpsiccindfmbd-81.52</a></td><td>http://smart.who.int/immunizations/CodeSystem/IMMZ.D2.DT.Outputs</td><td>The primary series is complete. Client is not due for meningococcal booster dose.</td><td>&quot;Immunization recommendation status&quot; = &quot;Not due&quot;</td></tr><tr><td style="white-space:nowrap"><a name="IMMZ.D2.DT.Meningococcal.Poly-http://smart.who.int/immunizations/CodeSystem/IMMZ.D2.DT.Outputs-tpsiccjirfmbdcacn-117.70"> </a>  <a href="CodeSystem-IMMZ.D2.DT.Outputs.html#IMMZ.D2.DT.Outputs-tpsiccjirfmbdcacn-117.4670">tpsiccjirfmbdcacn-117.70</a></td><td>http://smart.who.int/immunizations/CodeSystem/IMMZ.D2.DT.Outputs</td><td>The primary series is complete. Clinical judgement is required for meningococcal booster dose. Create a clinical note</td><td>&quot;Immunization recommendation status&quot; = &quot;Further evaluation needed&quot;</td></tr></table></div></text><url value="http://smart.who.int/immunizations/ValueSet/IMMZ.D2.DT.Meningococcal.Poly"/><version value="0.2.0"/><name value="IMMZ_D2_DT_Meningococcal_Polysaccharide_vaccines"/><title value="IMMZ.D2.DT.Meningococcal.Poly ValueSet for Decision Table"/><status value="active"/><date value="2025-06-25T20:08:00+00:00"/><publisher value="WHO"/><contact><name value="WHO"/><telecom><system value="url"/><value value="http://who.int"/></telecom></contact><description value="ValueSet IMMZ.D2.DT.Meningococcal.Poly for IMMZ.D2.DT.Meningococcal.Polysaccharide vaccines.&#xA;Business rule: Determine if the client is due for a meningococcal vaccination according to the national immunization schedule&#xA;Trigger: IMMZ.D2 Determine required vaccination(s) if any  &#xA;Table: Polysaccharide vaccines schedule&#xA;(Polysaccharide vaccines can be used to control outbreaks in countries where limited economic resources or insufficient supply restrict the use of meningococcal conjugate vaccines)"/><compose><include><system value="http://smart.who.int/immunizations/CodeSystem/IMMZ.D2.DT.Inputs"/><concept><code value="nmpsdwa-53.130"/><display value="No meningococcal primary series dose was administered"/></concept><concept><code value="ompsdwa-54.130"/><display value="One meningococcal primary series dose was administered"/></concept><concept><code value="nmbdwa-46.128"/><display value="No meningococcal booster dose was administered"/></concept><concept><code value="mbdwa-43.128"/><display value="Meningococcal booster dose was administered"/></concept><concept><code value="csailt2y-33.42"/><display value="Client's age is less than 2 years"/></concept><concept><code value="csaimt2y-33.42"/><display value="Client's age is more than 2 years"/></concept><concept><code value="tlmdwalt3ya-68.111"/><display value="The latest meningococcal dose was administered less than 3 years ago"/></concept><concept><code value="tlmdwamt3ya-68.111"/><display value="The latest meningococcal dose was administered more than 3 years ago"/></concept></include><include><system value="http://smart.who.int/immunizations/CodeSystem/IMMZ.D2.DT.Outputs"/><concept><code value="cindfmv-47.52"/><display value="Client is not due for meningococcal vaccination"/></concept><concept><code value="cidfmv-43.48"/><display value="Client is due for meningococcal vaccination"/></concept><concept><code value="misic-47.53"/><display value="Meningococcal immunization schedule is complete"/></concept><concept><code value="tpsiccindfmbd-81.52"/><display value="The primary series is complete. Client is not due for meningococcal booster dose."/></concept><concept><code value="tpsiccjirfmbdcacn-117.70"/><display value="The primary series is complete. Clinical judgement is required for meningococcal booster dose. Create a clinical note"/></concept></include></compose><expansion><timestamp value="2025-06-25T16:39:07.092Z"/><contains><system value="http://smart.who.int/immunizations/CodeSystem/IMMZ.D2.DT.Inputs"/><code value="nmpsdwa-53.130"/><display value="No meningococcal primary series dose was administered"/></contains><contains><system value="http://smart.who.int/immunizations/CodeSystem/IMMZ.D2.DT.Inputs"/><code value="ompsdwa-54.130"/><display value="One meningococcal primary series dose was administered"/></contains><contains><system value="http://smart.who.int/immunizations/CodeSystem/IMMZ.D2.DT.Inputs"/><code value="nmbdwa-46.128"/><display value="No meningococcal booster dose was administered"/></contains><contains><system value="http://smart.who.int/immunizations/CodeSystem/IMMZ.D2.DT.Inputs"/><code value="mbdwa-43.128"/><display value="Meningococcal booster dose was administered"/></contains><contains><system value="http://smart.who.int/immunizations/CodeSystem/IMMZ.D2.DT.Inputs"/><code value="csailt2y-33.42"/><display value="Client's age is less than 2 years"/></contains><contains><system value="http://smart.who.int/immunizations/CodeSystem/IMMZ.D2.DT.Inputs"/><code value="csaimt2y-33.42"/><display value="Client's age is more than 2 years"/></contains><contains><system value="http://smart.who.int/immunizations/CodeSystem/IMMZ.D2.DT.Inputs"/><code value="tlmdwalt3ya-68.111"/><display value="The latest meningococcal dose was administered less than 3 years ago"/></contains><contains><system value="http://smart.who.int/immunizations/CodeSystem/IMMZ.D2.DT.Inputs"/><code value="tlmdwamt3ya-68.111"/><display value="The latest meningococcal dose was administered more than 3 years ago"/></contains><contains><system value="http://smart.who.int/immunizations/CodeSystem/IMMZ.D2.DT.Outputs"/><code value="cindfmv-47.52"/><display value="Client is not due for meningococcal vaccination"/></contains><contains><system value="http://smart.who.int/immunizations/CodeSystem/IMMZ.D2.DT.Outputs"/><code value="cidfmv-43.48"/><display value="Client is due for meningococcal vaccination"/></contains><contains><system value="http://smart.who.int/immunizations/CodeSystem/IMMZ.D2.DT.Outputs"/><code value="misic-47.53"/><display value="Meningococcal immunization schedule is complete"/></contains><contains><system value="http://smart.who.int/immunizations/CodeSystem/IMMZ.D2.DT.Outputs"/><code value="tpsiccindfmbd-81.52"/><display value="The primary series is complete. Client is not due for meningococcal booster dose."/></contains><contains><system value="http://smart.who.int/immunizations/CodeSystem/IMMZ.D2.DT.Outputs"/><code value="tpsiccjirfmbdcacn-117.70"/><display value="The primary series is complete. Clinical judgement is required for meningococcal booster dose. Create a clinical note"/></contains></expansion></ValueSet>