<?xml version="1.0" encoding="UTF-8"?><ValueSet xmlns="http://hl7.org/fhir"><id value="IMMZ.Z.DE26"/><text><status value="generated"/><div xmlns="http://www.w3.org/1999/xhtml"><p class="res-header-id"><b>Generated Narrative: ValueSet IMMZ.Z.DE26</b></p><a name="IMMZ.Z.DE26"> </a><a name="hcIMMZ.Z.DE26"> </a><p>This value set expansion contains 17 concepts.</p><table class="codes"><tr><td style="white-space:nowrap"><b>Code</b></td><td><b>System</b></td><td><b>Display</b></td><td><b>Definition</b></td></tr><tr><td style="white-space:nowrap"><a name="IMMZ.Z.DE26-http://smart.who.int/immunizations/CodeSystem/IMMZ.Z-DE26"> </a>  <a href="CodeSystem-IMMZ.Z.html#IMMZ.Z-DE26">DE26</a></td><td>http://smart.who.int/immunizations/CodeSystem/IMMZ.Z</td><td>COVID-19 vaccines</td><td>Vaccine terminology codes for coronavirus disease (COVID-19)</td></tr><tr><td style="white-space:nowrap"><a name="IMMZ.Z.DE26-http://id.who.int/icd/release/11/mms-XM68M6"> </a>  XM68M6</td><td>http://id.who.int/icd/release/11/mms</td><td>COVID-19 vaccines</td><td/></tr><tr><td style="white-space:nowrap"><a name="IMMZ.Z.DE26-http://snomed.info/sct-1119305005"> </a>  <a href="http://snomed.info/id/1119305005">1119305005</a></td><td>http://snomed.info/sct</td><td>SARS-CoV-2 antigen vaccine</td><td/></tr><tr><td style="white-space:nowrap"><a name="IMMZ.Z.DE26-http://www.whocc.no/atc-J07BX03"> </a>  J07BX03</td><td>http://www.whocc.no/atc</td><td>covid-19 vaccines</td><td/></tr><tr><td style="white-space:nowrap"><a name="IMMZ.Z.DE26-http://id.who.int/icd/release/11/mms-XM0GQ8"> </a>  XM0GQ8</td><td>http://id.who.int/icd/release/11/mms</td><td>COVID-19 vaccine, RNA based</td><td/></tr><tr><td style="white-space:nowrap"><a name="IMMZ.Z.DE26-http://snomed.info/sct-1119349007"> </a>  <a href="http://snomed.info/id/1119349007">1119349007</a></td><td>http://snomed.info/sct</td><td>SARS-CoV-2 mRNA vaccine</td><td/></tr><tr><td style="white-space:nowrap"><a name="IMMZ.Z.DE26-http://id.who.int/icd/release/11/mms-XM1NL1"> </a>  XM1NL1</td><td>http://id.who.int/icd/release/11/mms</td><td>COVID-19 vaccine, inactivated virus</td><td/></tr><tr><td style="white-space:nowrap"><a name="IMMZ.Z.DE26-http://snomed.info/sct-1157024006"> </a>  <a href="http://snomed.info/id/1157024006">1157024006</a></td><td>http://snomed.info/sct</td><td>Inactivated whole SARS-CoV-2 antigen vaccine</td><td/></tr><tr><td style="white-space:nowrap"><a name="IMMZ.Z.DE26-http://id.who.int/icd/release/11/mms-XM1J92"> </a>  XM1J92</td><td>http://id.who.int/icd/release/11/mms</td><td>COVID-19 vaccine, virus like particle</td><td/></tr><tr><td style="white-space:nowrap"><a name="IMMZ.Z.DE26-http://id.who.int/icd/release/11/mms-XM9QW8"> </a>  XM9QW8</td><td>http://id.who.int/icd/release/11/mms</td><td>COVID-19 vaccine, non-replicating viral vector</td><td/></tr><tr><td style="white-space:nowrap"><a name="IMMZ.Z.DE26-http://snomed.info/sct-29061000087103"> </a>  <a href="http://snomed.info/id/29061000087103">29061000087103</a></td><td>http://snomed.info/sct</td><td>COVID-19 non-replicating viral vector vaccine</td><td/></tr><tr><td style="white-space:nowrap"><a name="IMMZ.Z.DE26-http://id.who.int/icd/release/11/mms-XM6AT1"> </a>  XM6AT1</td><td>http://id.who.int/icd/release/11/mms</td><td>COVID-19 vaccine, DNA based</td><td/></tr><tr><td style="white-space:nowrap"><a name="IMMZ.Z.DE26-http://id.who.int/icd/release/11/mms-XM5JC5"> </a>  XM5JC5</td><td>http://id.who.int/icd/release/11/mms</td><td>COVID-19 vaccine, virus protein subunit</td><td/></tr><tr><td style="white-space:nowrap"><a name="IMMZ.Z.DE26-http://id.who.int/icd/release/11/mms-XM3CT4"> </a>  XM3CT4</td><td>http://id.who.int/icd/release/11/mms</td><td>Recombinant SARS-CoV-2 vaccine</td><td/></tr><tr><td style="white-space:nowrap"><a name="IMMZ.Z.DE26-http://snomed.info/sct-1162643001"> </a>  <a href="http://snomed.info/id/1162643001">1162643001</a></td><td>http://snomed.info/sct</td><td>SARS-CoV-2 recombinant spike protein antigen vaccine</td><td/></tr><tr><td style="white-space:nowrap"><a name="IMMZ.Z.DE26-http://id.who.int/icd/release/11/mms-XM0CX4"> </a>  XM0CX4</td><td>http://id.who.int/icd/release/11/mms</td><td>COVID-19 vaccine, replicating viral vector</td><td/></tr><tr><td style="white-space:nowrap"><a name="IMMZ.Z.DE26-http://id.who.int/icd/release/11/mms-XM5DF6"> </a>  XM5DF6</td><td>http://id.who.int/icd/release/11/mms</td><td>COVID-19 vaccine, live attenuated virus</td><td/></tr></table></div></text><url value="http://smart.who.int/immunizations/ValueSet/IMMZ.Z.DE26"/><version value="0.2.0"/><name value="IMMZ_Z_DE26"/><title value="IMMZ.Z.DE26 ValueSet for COVID-19 vaccines"/><status value="active"/><date value="2025-06-25T20:08:00+00:00"/><publisher value="WHO"/><contact><name value="WHO"/><telecom><system value="url"/><value value="http://who.int"/></telecom></contact><description value="ValueSet for COVID-19 vaccines for IMMZ.Z.DE26"/><compose><include><system value="http://smart.who.int/immunizations/CodeSystem/IMMZ.Z"/><concept><code value="DE26"/><display value="COVID-19 vaccines"/></concept></include><include><system value="http://id.who.int/icd/release/11/mms"/><concept><code value="XM68M6"/><display value="COVID-19 vaccines"/></concept><concept><code value="XM0GQ8"/><display value="COVID-19 vaccine, RNA based"/></concept><concept><code value="XM1NL1"/><display value="COVID-19 vaccine, inactivated virus"/></concept><concept><code value="XM1J92"/><display value="COVID-19 vaccine, virus like particle"/></concept><concept><code value="XM9QW8"/><display value="COVID-19 vaccine, non-replicating viral vector"/></concept><concept><code value="XM6AT1"/><display value="COVID-19 vaccine, DNA based"/></concept><concept><code value="XM5JC5"/><display value="COVID-19 vaccine, virus protein subunit"/></concept><concept><code value="XM3CT4"/><display value="Recombinant SARS-CoV-2 vaccine"/></concept><concept><code value="XM0CX4"/><display value="COVID-19 vaccine, replicating viral vector"/></concept><concept><code value="XM5DF6"/><display value="COVID-19 vaccine, live attenuated virus"/></concept></include><include><system value="http://snomed.info/sct"/><concept><code value="1119305005"/><display value="SARS-CoV-2 antigen vaccine"/></concept><concept><code value="1119349007"/><display value="SARS-CoV-2 mRNA vaccine"/></concept><concept><code value="1157024006"/><display value="Inactivated whole SARS-CoV-2 antigen vaccine"/></concept><concept><code value="29061000087103"/><display value="COVID-19 non-replicating viral vector vaccine"/></concept><concept><code value="1162643001"/><display value="SARS-CoV-2 recombinant spike protein antigen vaccine"/></concept></include><include><system value="http://www.whocc.no/atc"/><concept><code value="J07BX03"/><display value="covid-19 vaccines"/></concept></include></compose><expansion><timestamp value="2025-06-25T16:39:07.092Z"/><contains><system value="http://smart.who.int/immunizations/CodeSystem/IMMZ.Z"/><code value="DE26"/><display value="COVID-19 vaccines"/></contains><contains><system value="http://id.who.int/icd/release/11/mms"/><code value="XM68M6"/><display value="COVID-19 vaccines"/></contains><contains><system value="http://snomed.info/sct"/><code value="1119305005"/><display value="SARS-CoV-2 antigen vaccine"/></contains><contains><system value="http://www.whocc.no/atc"/><code value="J07BX03"/><display value="covid-19 vaccines"/></contains><contains><system value="http://id.who.int/icd/release/11/mms"/><code value="XM0GQ8"/><display value="COVID-19 vaccine, RNA based"/></contains><contains><system value="http://snomed.info/sct"/><code value="1119349007"/><display value="SARS-CoV-2 mRNA vaccine"/></contains><contains><system value="http://id.who.int/icd/release/11/mms"/><code value="XM1NL1"/><display value="COVID-19 vaccine, inactivated virus"/></contains><contains><system value="http://snomed.info/sct"/><code value="1157024006"/><display value="Inactivated whole SARS-CoV-2 antigen vaccine"/></contains><contains><system value="http://id.who.int/icd/release/11/mms"/><code value="XM1J92"/><display value="COVID-19 vaccine, virus like particle"/></contains><contains><system value="http://id.who.int/icd/release/11/mms"/><code value="XM9QW8"/><display value="COVID-19 vaccine, non-replicating viral vector"/></contains><contains><system value="http://snomed.info/sct"/><code value="29061000087103"/><display value="COVID-19 non-replicating viral vector vaccine"/></contains><contains><system value="http://id.who.int/icd/release/11/mms"/><code value="XM6AT1"/><display value="COVID-19 vaccine, DNA based"/></contains><contains><system value="http://id.who.int/icd/release/11/mms"/><code value="XM5JC5"/><display value="COVID-19 vaccine, virus protein subunit"/></contains><contains><system value="http://id.who.int/icd/release/11/mms"/><code value="XM3CT4"/><display value="Recombinant SARS-CoV-2 vaccine"/></contains><contains><system value="http://snomed.info/sct"/><code value="1162643001"/><display value="SARS-CoV-2 recombinant spike protein antigen vaccine"/></contains><contains><system value="http://id.who.int/icd/release/11/mms"/><code value="XM0CX4"/><display value="COVID-19 vaccine, replicating viral vector"/></contains><contains><system value="http://id.who.int/icd/release/11/mms"/><code value="XM5DF6"/><display value="COVID-19 vaccine, live attenuated virus"/></contains></expansion></ValueSet>