<?xml version="1.0" encoding="UTF-8"?><ValueSet xmlns="http://hl7.org/fhir"><id value="IMMZ.Z.DE21"/><text><status value="generated"/><div xmlns="http://www.w3.org/1999/xhtml"><p class="res-header-id"><b>Generated Narrative: ValueSet IMMZ.Z.DE21</b></p><a name="IMMZ.Z.DE21"> </a><a name="hcIMMZ.Z.DE21"> </a><p>This value set expansion contains 14 concepts.</p><table class="codes"><tr><td style="white-space:nowrap"><b>Code</b></td><td><b>System</b></td><td><b>Display</b></td><td><b>Definition</b></td></tr><tr><td style="white-space:nowrap"><a name="IMMZ.Z.DE21-http://smart.who.int/immunizations/CodeSystem/IMMZ.Z-DE21"> </a>  <a href="CodeSystem-IMMZ.Z.html#IMMZ.Z-DE21">DE21</a></td><td>http://smart.who.int/immunizations/CodeSystem/IMMZ.Z</td><td>Typhoid vaccines</td><td>Vaccine terminology codes for typhoid</td></tr><tr><td style="white-space:nowrap"><a name="IMMZ.Z.DE21-http://id.who.int/icd/release/11/mms-XM8BU8"> </a>  XM8BU8</td><td>http://id.who.int/icd/release/11/mms</td><td>Typhoid vaccines</td><td/></tr><tr><td style="white-space:nowrap"><a name="IMMZ.Z.DE21-http://www.whocc.no/atc-J07AP"> </a>  J07AP</td><td>http://www.whocc.no/atc</td><td>Typhoid vaccines</td><td/></tr><tr><td style="white-space:nowrap"><a name="IMMZ.Z.DE21-http://id.who.int/icd/release/11/mms-XM3JA6"> </a>  XM3JA6</td><td>http://id.who.int/icd/release/11/mms</td><td>Typhoid, hepatitis A vaccines</td><td/></tr><tr><td style="white-space:nowrap"><a name="IMMZ.Z.DE21-http://www.whocc.no/atc-J07CA10"> </a>  J07CA10</td><td>http://www.whocc.no/atc</td><td>Typhoid-hepatitis A</td><td/></tr><tr><td style="white-space:nowrap"><a name="IMMZ.Z.DE21-http://id.who.int/icd/release/11/mms-XM33K4"> </a>  XM33K4</td><td>http://id.who.int/icd/release/11/mms</td><td>Typhoid, oral, live attenuated vaccines</td><td/></tr><tr><td style="white-space:nowrap"><a name="IMMZ.Z.DE21-http://www.whocc.no/atc-J07AP01"> </a>  J07AP01</td><td>http://www.whocc.no/atc</td><td>Typhoid, oral, live attenuated</td><td/></tr><tr><td style="white-space:nowrap"><a name="IMMZ.Z.DE21-http://id.who.int/icd/release/11/mms-XM89G3"> </a>  XM89G3</td><td>http://id.who.int/icd/release/11/mms</td><td>Typhoid, inactivated, whole cell vaccines</td><td/></tr><tr><td style="white-space:nowrap"><a name="IMMZ.Z.DE21-http://www.whocc.no/atc-J07AP02"> </a>  J07AP02</td><td>http://www.whocc.no/atc</td><td>Typhoid, inactivated, whole cell</td><td/></tr><tr><td style="white-space:nowrap"><a name="IMMZ.Z.DE21-http://id.who.int/icd/release/11/mms-XM3SF6"> </a>  XM3SF6</td><td>http://id.who.int/icd/release/11/mms</td><td>Typhoid, purified polysaccharide antigen vaccines</td><td/></tr><tr><td style="white-space:nowrap"><a name="IMMZ.Z.DE21-http://www.whocc.no/atc-J07AP03"> </a>  J07AP03</td><td>http://www.whocc.no/atc</td><td>Typhoid, purified polysaccharide antigen</td><td/></tr><tr><td style="white-space:nowrap"><a name="IMMZ.Z.DE21-http://id.who.int/icd/release/11/mms-XM9UB1"> </a>  XM9UB1</td><td>http://id.who.int/icd/release/11/mms</td><td>Typhoid-paratyphoid vaccines</td><td/></tr><tr><td style="white-space:nowrap"><a name="IMMZ.Z.DE21-http://www.whocc.no/atc-J07AP10"> </a>  J07AP10</td><td>http://www.whocc.no/atc</td><td>Typhoid, combinations with paratyphi types</td><td/></tr><tr><td style="white-space:nowrap"><a name="IMMZ.Z.DE21-http://www.whocc.no/atc-J07AE51"> </a>  J07AE51</td><td>http://www.whocc.no/atc</td><td>Cholera, combinations with typhoid vaccine, inactivated, whole cell</td><td/></tr></table></div></text><url value="http://smart.who.int/immunizations/ValueSet/IMMZ.Z.DE21"/><version value="0.2.0"/><name value="IMMZ_Z_DE21"/><title value="IMMZ.Z.DE21 ValueSet for Typhoid vaccines"/><status value="active"/><date value="2025-06-25T20:08:00+00:00"/><publisher value="WHO"/><contact><name value="WHO"/><telecom><system value="url"/><value value="http://who.int"/></telecom></contact><description value="ValueSet for Typhoid vaccines for IMMZ.Z.DE21"/><compose><include><system value="http://smart.who.int/immunizations/CodeSystem/IMMZ.Z"/><concept><code value="DE21"/><display value="Typhoid vaccines"/></concept></include><include><system value="http://id.who.int/icd/release/11/mms"/><concept><code value="XM8BU8"/><display value="Typhoid vaccines"/></concept><concept><code value="XM3JA6"/><display value="Typhoid, hepatitis A vaccines"/></concept><concept><code value="XM33K4"/><display value="Typhoid, oral, live attenuated vaccines"/></concept><concept><code value="XM89G3"/><display value="Typhoid, inactivated, whole cell vaccines"/></concept><concept><code value="XM3SF6"/><display value="Typhoid, purified polysaccharide antigen vaccines"/></concept><concept><code value="XM9UB1"/><display value="Typhoid-paratyphoid vaccines"/></concept></include><include><system value="http://www.whocc.no/atc"/><concept><code value="J07AP"/><display value="Typhoid vaccines"/></concept><concept><code value="J07CA10"/><display value="Typhoid-hepatitis A"/></concept><concept><code value="J07AP01"/><display value="Typhoid, oral, live attenuated"/></concept><concept><code value="J07AP02"/><display value="Typhoid, inactivated, whole cell"/></concept><concept><code value="J07AP03"/><display value="Typhoid, purified polysaccharide antigen"/></concept><concept><code value="J07AP10"/><display value="Typhoid, combinations with paratyphi types"/></concept><concept><code value="J07AE51"/><display value="Cholera, combinations with typhoid vaccine, inactivated, whole cell"/></concept></include></compose><expansion><timestamp value="2025-06-25T16:39:07.092Z"/><contains><system value="http://smart.who.int/immunizations/CodeSystem/IMMZ.Z"/><code value="DE21"/><display value="Typhoid vaccines"/></contains><contains><system value="http://id.who.int/icd/release/11/mms"/><code value="XM8BU8"/><display value="Typhoid vaccines"/></contains><contains><system value="http://www.whocc.no/atc"/><code value="J07AP"/><display value="Typhoid vaccines"/></contains><contains><system value="http://id.who.int/icd/release/11/mms"/><code value="XM3JA6"/><display value="Typhoid, hepatitis A vaccines"/></contains><contains><system value="http://www.whocc.no/atc"/><code value="J07CA10"/><display value="Typhoid-hepatitis A"/></contains><contains><system value="http://id.who.int/icd/release/11/mms"/><code value="XM33K4"/><display value="Typhoid, oral, live attenuated vaccines"/></contains><contains><system value="http://www.whocc.no/atc"/><code value="J07AP01"/><display value="Typhoid, oral, live attenuated"/></contains><contains><system value="http://id.who.int/icd/release/11/mms"/><code value="XM89G3"/><display value="Typhoid, inactivated, whole cell vaccines"/></contains><contains><system value="http://www.whocc.no/atc"/><code value="J07AP02"/><display value="Typhoid, inactivated, whole cell"/></contains><contains><system value="http://id.who.int/icd/release/11/mms"/><code value="XM3SF6"/><display value="Typhoid, purified polysaccharide antigen vaccines"/></contains><contains><system value="http://www.whocc.no/atc"/><code value="J07AP03"/><display value="Typhoid, purified polysaccharide antigen"/></contains><contains><system value="http://id.who.int/icd/release/11/mms"/><code value="XM9UB1"/><display value="Typhoid-paratyphoid vaccines"/></contains><contains><system value="http://www.whocc.no/atc"/><code value="J07AP10"/><display value="Typhoid, combinations with paratyphi types"/></contains><contains><system value="http://www.whocc.no/atc"/><code value="J07AE51"/><display value="Cholera, combinations with typhoid vaccine, inactivated, whole cell"/></contains></expansion></ValueSet>