<?xml version="1.0" encoding="UTF-8"?>
<library xmlns="urn:hl7-org:elm:r1" xmlns:t="urn:hl7-org:elm-types:r1" xmlns:xsi="http://www.w3.org/2001/XMLSchema-instance" xmlns:xsd="http://www.w3.org/2001/XMLSchema" xmlns:fhir="http://hl7.org/fhir" xmlns:qdm43="urn:healthit-gov:qdm:v4_3" xmlns:qdm53="urn:healthit-gov:qdm:v5_3" xmlns:a="urn:hl7-org:cql-annotations:r1" localId="0">
   <annotation translatorOptions="EnableAnnotations,EnableLocators,DisableListDemotion,DisableListPromotion" signatureLevel="Overloads" xsi:type="a:CqlToElmInfo"/>
   <annotation message="An operand identifier [reference] is hiding another identifier of the same name." errorType="semantic" errorSeverity="warning" xsi:type="a:CqlToElmError"/>
   <annotation message="An operand identifier [reference] is hiding another identifier of the same name." errorType="semantic" errorSeverity="warning" xsi:type="a:CqlToElmError"/>
   <annotation message="An operand identifier [reference] is hiding another identifier of the same name." errorType="semantic" errorSeverity="warning" xsi:type="a:CqlToElmError"/>
   <annotation xsi:type="a:Annotation">
      <a:s r="284">
         <a:s>/*
  * Library: IMMZD2DTYellowfeverEncounterElements
  */
library IMMZD2DTYellowfeverEncounterElements</a:s>
      </a:s>
   </annotation>
   <identifier id="IMMZD2DTYellowfeverEncounterElements" system="http://smart.who.int/immunizations"/>
   <schemaIdentifier id="urn:hl7-org:elm" version="r1"/>
   <usings>
      <def localId="1" localIdentifier="System" uri="urn:hl7-org:elm-types:r1"/>
      <def localId="206" locator="7:1-7:26" localIdentifier="FHIR" uri="http://hl7.org/fhir" version="4.0.1">
         <annotation xsi:type="a:Annotation">
            <a:s r="206">
               <a:s>using </a:s>
               <a:s>
                  <a:s>FHIR</a:s>
               </a:s>
               <a:s> version '4.0.1'</a:s>
            </a:s>
         </annotation>
      </def>
   </usings>
   <includes>
      <def localId="207" locator="8:1-8:35" localIdentifier="FHIRHelpers" path="http://hl7.org/fhir/FHIRHelpers" version="4.0.1">
         <annotation xsi:type="a:Annotation">
            <a:s r="207">
               <a:s>include </a:s>
               <a:s>
                  <a:s>FHIRHelpers</a:s>
               </a:s>
               <a:s> version '4.0.1'</a:s>
            </a:s>
         </annotation>
      </def>
      <def localId="208" locator="10:1-10:19" localIdentifier="WHOConcepts" path="http://smart.who.int/immunizations/WHOConcepts">
         <annotation xsi:type="a:Annotation">
            <a:s r="208">
               <a:s>include </a:s>
               <a:s>
                  <a:s>WHOConcepts</a:s>
               </a:s>
            </a:s>
         </annotation>
      </def>
      <def localId="209" locator="11:1-11:27" localIdentifier="WC" path="http://smart.who.int/immunizations/WHOCommon">
         <annotation xsi:type="a:Annotation">
            <a:s r="209">
               <a:s>include </a:s>
               <a:s>
                  <a:s>WHOCommon</a:s>
               </a:s>
               <a:s> called WC</a:s>
            </a:s>
         </annotation>
      </def>
      <def localId="210" locator="12:1-12:29" localIdentifier="WE" path="http://smart.who.int/immunizations/WHOElements">
         <annotation xsi:type="a:Annotation">
            <a:s r="210">
               <a:s>include </a:s>
               <a:s>
                  <a:s>WHOElements</a:s>
               </a:s>
               <a:s> called WE</a:s>
            </a:s>
         </annotation>
      </def>
      <def localId="211" locator="14:1-14:32" localIdentifier="Common" path="http://smart.who.int/immunizations/IMMZCommon">
         <annotation xsi:type="a:Annotation">
            <a:s r="211">
               <a:s>include </a:s>
               <a:s>
                  <a:s>IMMZCommon</a:s>
               </a:s>
               <a:s> called Common</a:s>
            </a:s>
         </annotation>
      </def>
      <def localId="212" locator="15:1-15:36" localIdentifier="Concepts" path="http://smart.who.int/immunizations/IMMZConcepts">
         <annotation xsi:type="a:Annotation">
            <a:s r="212">
               <a:s>include </a:s>
               <a:s>
                  <a:s>IMMZConcepts</a:s>
               </a:s>
               <a:s> called Concepts</a:s>
            </a:s>
         </annotation>
      </def>
      <def localId="213" locator="17:1-17:46" localIdentifier="Encounter" path="http://smart.who.int/immunizations/IMMZEncounterElements">
         <annotation xsi:type="a:Annotation">
            <a:s r="213">
               <a:s>include </a:s>
               <a:s>
                  <a:s>IMMZEncounterElements</a:s>
               </a:s>
               <a:s> called Encounter</a:s>
            </a:s>
         </annotation>
      </def>
      <def localId="214" locator="19:1-19:62" localIdentifier="YellowfeverElements" path="http://smart.who.int/immunizations/IMMZD2DTYellowfeverElements">
         <annotation xsi:type="a:Annotation">
            <a:s r="214">
               <a:s>include </a:s>
               <a:s>
                  <a:s>IMMZD2DTYellowfeverElements</a:s>
               </a:s>
               <a:s> called YellowfeverElements</a:s>
            </a:s>
         </annotation>
      </def>
   </includes>
   <parameters>
      <def localId="215" locator="21:1-21:36" name="Today" accessLevel="Public">
         <annotation xsi:type="a:Annotation">
            <a:s r="215">
               <a:s>parameter Today </a:s>
               <a:s r="219">
                  <a:s>Date</a:s>
               </a:s>
               <a:s> default </a:s>
               <a:s r="218">
                  <a:s>Today()</a:s>
               </a:s>
            </a:s>
         </annotation>
         <default localId="218" locator="21:30-21:36" xsi:type="Today"/>
         <parameterTypeSpecifier localId="219" locator="21:17-21:20" name="t:Date" xsi:type="NamedTypeSpecifier"/>
      </def>
      <def localId="220" locator="22:1-22:28" name="EncounterId" accessLevel="Public">
         <annotation xsi:type="a:Annotation">
            <a:s r="220">
               <a:s>parameter EncounterId </a:s>
               <a:s r="221">
                  <a:s>String</a:s>
               </a:s>
            </a:s>
         </annotation>
         <parameterTypeSpecifier localId="221" locator="22:23-22:28" name="t:String" xsi:type="NamedTypeSpecifier"/>
      </def>
   </parameters>
   <contexts>
      <def localId="225" locator="24:1-24:15" name="Patient"/>
   </contexts>
   <statements>
      <def localId="223" locator="24:1-24:15" name="Patient" context="Patient">
         <expression localId="224" xsi:type="SingletonFrom">
            <operand localId="222" locator="24:1-24:15" dataType="fhir:Patient" templateId="http://hl7.org/fhir/StructureDefinition/Patient" xsi:type="Retrieve"/>
         </expression>
      </def>
      <def localId="227" locator="29:1-32:53" name="Yellow fever Doses Administered to Patient" context="Patient" accessLevel="Public">
         <annotation xsi:type="a:Annotation">
            <a:t name="internal" value="Yellow fever containing Doses Administered to Patient"/>
            <a:s r="227">
               <a:s>/*
@internal: Yellow fever containing Doses Administered to Patient
*/
define &quot;Yellow fever Doses Administered to Patient&quot;:
  </a:s>
               <a:s r="238">
                  <a:s>
                     <a:s r="228">
                        <a:s r="230">
                           <a:s>
                              <a:s>Encounter.&quot;Doses Administered to Patient&quot;</a:s>
                           </a:s>
                        </a:s>
                        <a:s> I</a:s>
                     </a:s>
                  </a:s>
                  <a:s>
  </a:s>
                  <a:s r="235">
                     <a:s>where
    </a:s>
                     <a:s r="235">
                        <a:s r="232">
                           <a:s r="231">
                              <a:s>I</a:s>
                           </a:s>
                           <a:s>.</a:s>
                           <a:s r="232">
                              <a:s>vaccineCode</a:s>
                           </a:s>
                        </a:s>
                        <a:s> in </a:s>
                        <a:s r="234">
                           <a:s r="233">
                              <a:s>Concepts</a:s>
                           </a:s>
                           <a:s>.</a:s>
                           <a:s r="234">
                              <a:s>&quot;Yellow fever vaccines&quot;</a:s>
                           </a:s>
                        </a:s>
                     </a:s>
                  </a:s>
               </a:s>
            </a:s>
         </annotation>
         <expression localId="238" locator="30:3-32:53" xsi:type="Query">
            <source localId="228" locator="30:3-30:45" alias="I">
               <expression localId="230" locator="30:3-30:43" name="Doses Administered to Patient" libraryName="Encounter" xsi:type="ExpressionRef"/>
            </source>
            <where localId="235" locator="31:3-32:53" xsi:type="InValueSet">
               <signature localId="237" name="t:Concept" xsi:type="NamedTypeSpecifier"/>
               <code localId="236" name="ToConcept" libraryName="FHIRHelpers" xsi:type="FunctionRef">
                  <operand localId="232" locator="32:5-32:17" path="vaccineCode" scope="I" xsi:type="Property"/>
               </code>
               <valueset localId="234" locator="32:22-32:53" name="Yellow fever vaccines" libraryName="Concepts" preserve="true"/>
            </where>
         </expression>
      </def>
      <def localId="240" locator="37:1-38:62" name="Yellow fever Primary Series Doses Administered to Patient" context="Patient" accessLevel="Public">
         <annotation xsi:type="a:Annotation">
            <a:t name="internal" value="Yellow fever containing Doses Administered to Patient that are in the Primary series"/>
            <a:s r="240">
               <a:s>/*
@internal: Yellow fever containing Doses Administered to Patient that are in the Primary series
*/
define &quot;Yellow fever Primary Series Doses Administered to Patient&quot;:
  </a:s>
               <a:s r="242">
                  <a:s r="241">
                     <a:s>&quot;Yellow fever Doses Administered to Patient&quot;</a:s>
                  </a:s>
                  <a:s>.</a:s>
                  <a:s r="242">
                     <a:s>seriesPrimary()</a:s>
                  </a:s>
               </a:s>
            </a:s>
         </annotation>
         <expression localId="242" locator="38:3-38:62" name="seriesPrimary" libraryName="Common" xsi:type="FunctionRef">
            <operand localId="241" locator="38:3-38:46" name="Yellow fever Doses Administered to Patient" xsi:type="ExpressionRef"/>
         </expression>
      </def>
      <def localId="244" locator="43:1-44:68" name="Number of Yellow fever Primary Series Doses Administered" context="Patient" accessLevel="Public">
         <annotation xsi:type="a:Annotation">
            <a:t name="internal" value="Number of Yellow fever Primary Series doses"/>
            <a:s r="244">
               <a:s>/*
@internal: Number of Yellow fever Primary Series doses
*/
define &quot;Number of Yellow fever Primary Series Doses Administered&quot;:
  </a:s>
               <a:s r="248">
                  <a:s>Count(</a:s>
                  <a:s r="245">
                     <a:s>&quot;Yellow fever Primary Series Doses Administered to Patient&quot;</a:s>
                  </a:s>
                  <a:s>)</a:s>
               </a:s>
            </a:s>
         </annotation>
         <expression localId="248" locator="44:3-44:68" xsi:type="Count">
            <source localId="245" locator="44:9-44:67" name="Yellow fever Primary Series Doses Administered to Patient" xsi:type="ExpressionRef"/>
         </expression>
      </def>
      <def localId="250" locator="50:1-51:64" name="No yellow fever primary series doses were administered" context="Patient" accessLevel="Public">
         <annotation xsi:type="a:Annotation">
            <a:t name="input" value="No yellow fever primary series doses were administered"/>
            <a:t name="pseudocode" value="&quot;Vaccine type&quot; = &quot;Yellow fever vaccines&quot; and &quot;Type of dose&quot; = &quot;Primary series&quot;) = 0"/>
            <a:s r="250">
               <a:s>/*
@input: No yellow fever primary series doses were administered
@pseudocode: Count of vaccines administered (where &quot;Vaccine type&quot; = &quot;Yellow fever vaccines&quot; and &quot;Type of dose&quot; = &quot;Primary series&quot;) = 0
*/
define &quot;No yellow fever primary series doses were administered&quot;:
  </a:s>
               <a:s r="251">
                  <a:s r="252">
                     <a:s>&quot;Number of Yellow fever Primary Series Doses Administered&quot;</a:s>
                  </a:s>
                  <a:s r="253"> = 0</a:s>
               </a:s>
            </a:s>
         </annotation>
         <expression localId="251" locator="51:3-51:64" xsi:type="Equal">
            <signature localId="254" name="t:Integer" xsi:type="NamedTypeSpecifier"/>
            <signature localId="255" name="t:Integer" xsi:type="NamedTypeSpecifier"/>
            <operand localId="252" locator="51:3-51:60" name="Number of Yellow fever Primary Series Doses Administered" xsi:type="ExpressionRef"/>
            <operand localId="253" locator="51:64" valueType="t:Integer" value="0" xsi:type="Literal"/>
         </expression>
      </def>
      <def localId="257" locator="57:1-58:64" name="One yellow fever primary series dose was administered" context="Patient" accessLevel="Public">
         <annotation xsi:type="a:Annotation">
            <a:t name="input" value="One yellow fever primary series dose was administered"/>
            <a:t name="pseudocode" value="&quot;Vaccine type&quot; = &quot;Yellow fever vaccines&quot; and &quot;Type of dose&quot; = &quot;Primary series&quot;) = 1"/>
            <a:s r="257">
               <a:s>/*
@input: One yellow fever primary series dose was administered
@pseudocode: Count of vaccines administered (where &quot;Vaccine type&quot; = &quot;Yellow fever vaccines&quot; and &quot;Type of dose&quot; = &quot;Primary series&quot;) = 1
*/
define &quot;One yellow fever primary series dose was administered&quot;:
  </a:s>
               <a:s r="258">
                  <a:s r="259">
                     <a:s>&quot;Number of Yellow fever Primary Series Doses Administered&quot;</a:s>
                  </a:s>
                  <a:s r="260"> = 1</a:s>
               </a:s>
            </a:s>
         </annotation>
         <expression localId="258" locator="58:3-58:64" xsi:type="Equal">
            <signature localId="261" name="t:Integer" xsi:type="NamedTypeSpecifier"/>
            <signature localId="262" name="t:Integer" xsi:type="NamedTypeSpecifier"/>
            <operand localId="259" locator="58:3-58:60" name="Number of Yellow fever Primary Series Doses Administered" xsi:type="ExpressionRef"/>
            <operand localId="260" locator="58:64" valueType="t:Integer" value="1" xsi:type="Literal"/>
         </expression>
      </def>
      <def localId="264" locator="64:1-65:47" name="Client's age is less than 9 months" context="Patient" accessLevel="Public">
         <annotation xsi:type="a:Annotation">
            <a:t name="input" value="Client's age is less than 9 months"/>
            <a:t name="pseudocode" value="&quot;Date of birth&quot; &lt; 9 months"/>
            <a:s r="264">
               <a:s>/*
@input: Client's age is less than 9 months
@pseudocode: Today's date − &quot;Date of birth&quot; &lt; 9 months
*/
define &quot;Client's age is less than 9 months&quot;:
  </a:s>
               <a:s r="265">
                  <a:s r="267">
                     <a:s r="266">
                        <a:s>Encounter</a:s>
                     </a:s>
                     <a:s>.</a:s>
                     <a:s r="267">
                        <a:s>&quot;Current Patient Age In Months&quot;</a:s>
                     </a:s>
                  </a:s>
                  <a:s r="268"> &lt; 9</a:s>
               </a:s>
            </a:s>
         </annotation>
         <expression localId="265" locator="65:3-65:47" xsi:type="Less">
            <signature localId="269" name="t:Integer" xsi:type="NamedTypeSpecifier"/>
            <signature localId="270" name="t:Integer" xsi:type="NamedTypeSpecifier"/>
            <operand localId="267" locator="65:3-65:43" name="Current Patient Age In Months" libraryName="Encounter" xsi:type="ExpressionRef"/>
            <operand localId="268" locator="65:47" valueType="t:Integer" value="9" xsi:type="Literal"/>
         </expression>
      </def>
      <def localId="272" locator="71:1-72:48" name="Client's age is more than or equal to 9 months" context="Patient" accessLevel="Public">
         <annotation xsi:type="a:Annotation">
            <a:t name="input" value="Client's age is more than or equal to 9 months"/>
            <a:t name="pseudocode" value="&quot;Date of birth&quot; ≥ 9 months"/>
            <a:s r="272">
               <a:s>/*
@input: Client's age is more than or equal to 9 months
@pseudocode: Today's date − &quot;Date of birth&quot; ≥ 9 months
*/
define &quot;Client's age is more than or equal to 9 months&quot;:
  </a:s>
               <a:s r="273">
                  <a:s r="275">
                     <a:s r="274">
                        <a:s>Encounter</a:s>
                     </a:s>
                     <a:s>.</a:s>
                     <a:s r="275">
                        <a:s>&quot;Current Patient Age In Months&quot;</a:s>
                     </a:s>
                  </a:s>
                  <a:s r="276"> >= 9</a:s>
               </a:s>
            </a:s>
         </annotation>
         <expression localId="273" locator="72:3-72:48" xsi:type="GreaterOrEqual">
            <signature localId="277" name="t:Integer" xsi:type="NamedTypeSpecifier"/>
            <signature localId="278" name="t:Integer" xsi:type="NamedTypeSpecifier"/>
            <operand localId="275" locator="72:3-72:43" name="Current Patient Age In Months" libraryName="Encounter" xsi:type="ExpressionRef"/>
            <operand localId="276" locator="72:48" valueType="t:Integer" value="9" xsi:type="Literal"/>
         </expression>
      </def>
      <def localId="280" locator="78:1-79:63" name="Live vaccine was administered in the past 4 weeks" context="Patient" accessLevel="Public">
         <annotation xsi:type="a:Annotation">
            <a:t name="input" value="Live vaccine was administered in the past 4 weeks"/>
            <a:t name="pseudocode" value="&quot;Date and time of vaccination&quot; (where &quot;Live vaccine&quot; = TRUE) &lt; 4 weeks"/>
            <a:s r="280">
               <a:s>/*
@input: Live vaccine was administered in the past 4 weeks
@pseudocode: Today's date − latest &quot;Date and time of vaccination&quot; (where &quot;Live vaccine&quot; = TRUE) &lt; 4 weeks
*/
define &quot;Live vaccine was administered in the past 4 weeks&quot;:
  </a:s>
               <a:s r="282">
                  <a:s r="281">
                     <a:s>Encounter</a:s>
                  </a:s>
                  <a:s>.</a:s>
                  <a:s r="282">
                     <a:s>&quot;Live vaccine was administered in the last 4 weeks&quot;</a:s>
                  </a:s>
               </a:s>
            </a:s>
         </annotation>
         <expression localId="282" locator="79:3-79:63" name="Live vaccine was administered in the last 4 weeks" libraryName="Encounter" xsi:type="ExpressionRef"/>
      </def>
      <def localId="284" locator="85:1-86:66" name="No live vaccine was administered in the past 4 weeks" context="Patient" accessLevel="Public">
         <annotation xsi:type="a:Annotation">
            <a:t name="input" value="No live vaccine was administered in the past 4 weeks"/>
            <a:t name="pseudocode" value="&quot;Date and time of vaccination&quot; (where &quot;Live vaccine&quot; = TRUE) ≥ 4 weeks"/>
            <a:s r="284">
               <a:s>/*
@input: No live vaccine was administered in the past 4 weeks
@pseudocode: Today's date − latest &quot;Date and time of vaccination&quot; (where &quot;Live vaccine&quot; = TRUE) ≥ 4 weeks
*/
define &quot;No live vaccine was administered in the past 4 weeks&quot;:
  </a:s>
               <a:s r="286">
                  <a:s r="285">
                     <a:s>Encounter</a:s>
                  </a:s>
                  <a:s>.</a:s>
                  <a:s r="286">
                     <a:s>&quot;No live vaccine was administered in the last 4 weeks&quot;</a:s>
                  </a:s>
               </a:s>
            </a:s>
         </annotation>
         <expression localId="286" locator="86:3-86:66" name="No live vaccine was administered in the last 4 weeks" libraryName="Encounter" xsi:type="ExpressionRef"/>
      </def>
   </statements>
</library>
