<?xml version="1.0" encoding="UTF-8"?>

<PlanDefinition xmlns="http://hl7.org/fhir">
  <id value="IMMZD2DTPneumococcal2p1b"/>
  <meta>
    <profile value="http://hl7.org/fhir/uv/cpg/StructureDefinition/cpg-recommendationdefinition"/>
    <profile value="http://hl7.org/fhir/uv/crmi/StructureDefinition/crmi-shareableplandefinition"/>
    <profile value="http://hl7.org/fhir/uv/crmi/StructureDefinition/crmi-publishableplandefinition"/>
  </meta>
  <text>
    <status value="extensions"/><div xmlns="http://www.w3.org/1999/xhtml">
<div>
    <table class="grid dict">
        
        <tr>
            <th scope="row"><b>Id: </b></th>
            <td style="padding-left: 4px;">IMMZD2DTPneumococcal2p1b</td>
        </tr>
        

        
        <tr>
            <th scope="row"><b>Url: </b></th>
            <td style="padding-left: 4px;"><a href="PlanDefinition-IMMZD2DTPneumococcal2p1b.html">IMMZ.D2.DT.Pneumococcal.2 doses with booster dose</a></td>
        </tr>
        

        
        <tr>
            <th scope="row"><b>Version: </b></th>
            <td style="padding-left: 4px;">0.2.0</td>
        </tr>
        

        

        
        <tr>
            <th scope="row"><b>Title: </b></th>
            <td style="padding-left: 4px;">IMMZ.D2.DT.Pneumococcal.2 doses with booster dose</td>
        </tr>
        

        

        
        <tr>
            <th scope="row"><b>Status: </b></th>
            <td style="padding-left: 4px;">draft</td>
        </tr>
        

        

        
        <tr>
            <th scope="row"><b>Type: </b></th>
            <td style="padding-left: 4px;">
                
                    
                        
                        <p style="margin-bottom: 5px;">
                            <b>system: </b> <span><a href="http://terminology.hl7.org/6.4.0/CodeSystem-plan-definition-type.html">http://terminology.hl7.org/CodeSystem/plan-definition-type</a></span>
                        </p>
                        
                        
                        <p style="margin-bottom: 5px;">
                            <b>code: </b> <span>eca-rule</span>
                        </p>
                        
                        
                    
                
                
            </td>
        </tr>
        

        

        
        <tr>
            <th scope="row"><b>Date: </b></th>
            <td style="padding-left: 4px;">2025-06-25 20:08:00+0000</td>
        </tr>
        

        
        <tr>
            <th scope="row"><b>Publisher: </b></th>
            <td style="padding-left: 4px;">WHO</td>
        </tr>
        

        
        <tr>
            <th scope="row"><b>Description: </b></th>
            <td style="padding-left: 4px;"><div><p>IMMZ.D2.DT.Pneumococcal.2 doses with booster dose
2 primary doses with a booster dose (2p+1)</p>
</div></td>
        </tr>
        

        
        <tr>
            <th scope="row"><b>Knowledge Capability: </b></th>
            <td style="padding-left: 4px;">
                
                computable 
            </td>
        </tr>
        

        

        

        

        

        

        

        

        

        

        
        <tr>
            <th scope="row"><b>Related Artifacts: </b></th>
            <td style="padding-left: 4px;">
                
                
                <p><b>References</b></p>
                <ul>
                    
                    <li><div><p>WHO recommendations for routine immunization - summary tables (January 2025)</p>
</div><br/><a href="null"/></li>
                    
                </ul>
                
                
                
                
                
                
            </td>
        </tr>
        

        
        <tr>
            <th scope="row"><b>Libraries: </b></th>
            <td style="padding-left: 4px;">
                <table class="grid-dict">
                    
                    <tr>
                        <td><a href="Library-IMMZD2DTPneumococcal2p1bLogic.html">IMMZD2DTPneumococcal2p1bLogic</a></td>
                    </tr>
                    
                </table>
            </td>
        </tr>
        

        
        <tr>
            <th scope="row"><b>Actions: </b></th>
            <td style="padding-left: 4px;">
                <table class="grid-dict">
                    
                    <tr>
                        <td>
                            
                            <b> Determine if the client is due for BCG.:</b> Determine if the client is due for BCG vaccine according to the national immunization protocol.
2 primary doses with a booster dose (2p+1)
                            
                            <br/>
                            
                            
                            <b>If:</b>
                            
                            <i>Applicability:</i>
                            
                            Client is due for pneumococcal vaccination
                            
                            <i>(Client is due for pneumococcal vaccination)</i>
                            <br/>
                            
                            
                            
                            
                            <b>Then:</b> <i>Definition:</i> <a href="ActivityDefinition-IMMZD2DTPneumococcalMR.html">IMMZ.D2.DT.Pneumococcal.MR</a><br/>
                            
                            <i>Dynamic Values:</i><br/>
                            
                            status: <i>('draft')</i>
                            <br/>
                            
                            intent: <i>('proposal')</i>
                            <br/>
                            
                            
                            
                            
                        </td>
                    </tr>
                    
                    <tr>
                        <td>
                            
                            <b> Determine if the client is due for BCG.:</b> Determine if the client is due for BCG vaccine according to the national immunization protocol.
2 primary doses with a booster dose (2p+1)
                            
                            <br/>
                            
                            
                            <b>If:</b>
                            
                            <i>Applicability:</i>
                            
                            Client is due for pneumococcal booster dose
                            
                            <i>(Client is due for pneumococcal booster dose)</i>
                            <br/>
                            
                            
                            
                            
                            <b>Then:</b> <i>Definition:</i> <a href="ActivityDefinition-IMMZD2DTPneumococcalMR.html">IMMZ.D2.DT.Pneumococcal.MR</a><br/>
                            
                            <i>Dynamic Values:</i><br/>
                            
                            status: <i>('draft')</i>
                            <br/>
                            
                            intent: <i>('proposal')</i>
                            <br/>
                            
                            
                            
                            
                        </td>
                    </tr>
                    
                    <tr>
                        <td>
                            
                            <b> Check for Guidance for the patient regarding IMMZ.D2.DT.Pneumococcal.2 doses with booster dose.:</b> Show Guidance for the patient regarding IMMZ.D2.DT.Pneumococcal.2 doses with booster dose.
                            
                            <br/>
                            
                            
                            <b>If:</b>
                            
                            <i>Applicability:</i>
                            
                            Has Guidance
                            
                            <i>(Has Guidance)</i>
                            <br/>
                            
                            
                            
                            
                            <b>Then:</b> <i>Definition:</i> <a href="ActivityDefinition-IMMZD2DTCR.html">IMMZ.D2.DT.CR</a><br/>
                            
                            <i>Dynamic Values:</i><br/>
                            
                            status: <i>('active')</i>
                            <br/>
                            
                            payload.contentString: <i>(Guidance)</i>
                            <br/>
                            
                            category.coding: <i>(Code { system: 'http://terminology.hl7.org/CodeSystem/communication-category', code: 'alert' })</i>
                            <br/>
                            
                            priority: <i>(Code { system: 'http://hl7.org/fhir/request-priority', code: 'routine' })</i>
                            <br/>
                            
                            
                            
                            
                        </td>
                    </tr>
                    
                </table>
            </td>
        </tr>
        
    </table>
</div>
</div>
  </text>
  <extension url="http://hl7.org/fhir/uv/cpg/StructureDefinition/cpg-knowledgeCapability">
    <valueCode value="computable"/>
  </extension>
  <url value="http://smart.who.int/immunizations/PlanDefinition/IMMZD2DTPneumococcal2p1b"/>
  <version value="0.2.0"/>
  <name value="IMMZD2DTPneumococcal2p1b"/>
  <title value="IMMZ.D2.DT.Pneumococcal.2 doses with booster dose"/>
  <type>
    <coding>
      <system value="http://terminology.hl7.org/CodeSystem/plan-definition-type"/>
      <code value="eca-rule"/>
    </coding>
  </type>
  <status value="draft"/>
  <experimental value="false"/>
  <date value="2025-06-25T20:08:00+00:00"/>
  <publisher value="WHO"/>
  <contact>
    <name value="WHO"/>
    <telecom>
      <system value="url"/>
      <value value="http://who.int"/>
    </telecom>
  </contact>
  <description value="IMMZ.D2.DT.Pneumococcal.2 doses with booster dose&#xA;2 primary doses with a booster dose (2p+1)"/>
  <relatedArtifact>
    <type value="citation"/>
    <citation value="WHO recommendations for routine immunization - summary tables (January 2025)"/>
  </relatedArtifact>
  <library value="http://smart.who.int/immunizations/Library/IMMZD2DTPneumococcal2p1bLogic"/>
  <action>
    <extension url="http://hl7.org/fhir/uv/cpg/StructureDefinition/cpg-rationale">
      <valueMarkdown value="For administration of pneumococcal vaccine to infants, WHO recommends a 3-dose schedule &#xA;  administered either as 2p+1 or as 3p+0, starting as early as 6 weeks of age."/>
    </extension>
    <title value="Determine if the client is due for BCG."/>
    <description value="Determine if the client is due for BCG vaccine according to the national immunization protocol.&#xA;2 primary doses with a booster dose (2p+1)"/>
    <condition>
      <kind value="applicability"/>
      <expression>
        <description value="Client is due for pneumococcal vaccination"/>
        <language value="text/cql-identifier"/>
        <expression value="Client is due for pneumococcal vaccination"/>
      </expression>
    </condition>
    <definitionCanonical value="http://smart.who.int/immunizations/ActivityDefinition/IMMZD2DTPneumococcalMR"/>
    <dynamicValue>
      <path value="status"/>
      <expression>
        <language value="text/cql-expression"/>
        <expression value="'draft'"/>
      </expression>
    </dynamicValue>
    <dynamicValue>
      <path value="intent"/>
      <expression>
        <language value="text/cql-expression"/>
        <expression value="'proposal'"/>
      </expression>
    </dynamicValue>
  </action>
  <action>
    <extension url="http://hl7.org/fhir/uv/cpg/StructureDefinition/cpg-rationale">
      <valueMarkdown value="HIV-positive infants and preterm neonates who have received their 3 primary vaccine doses &#xA;  before 12 months of age may benefit from a booster dose in the second year of life. There is no defined &#xA;  minimum or maximum interval between the primary series  and the booster dose."/>
    </extension>
    <title value="Determine if the client is due for BCG."/>
    <description value="Determine if the client is due for BCG vaccine according to the national immunization protocol.&#xA;2 primary doses with a booster dose (2p+1)"/>
    <condition>
      <kind value="applicability"/>
      <expression>
        <description value="Client is due for pneumococcal booster dose"/>
        <language value="text/cql-identifier"/>
        <expression value="Client is due for pneumococcal booster dose"/>
      </expression>
    </condition>
    <definitionCanonical value="http://smart.who.int/immunizations/ActivityDefinition/IMMZD2DTPneumococcalMR"/>
    <dynamicValue>
      <path value="status"/>
      <expression>
        <language value="text/cql-expression"/>
        <expression value="'draft'"/>
      </expression>
    </dynamicValue>
    <dynamicValue>
      <path value="intent"/>
      <expression>
        <language value="text/cql-expression"/>
        <expression value="'proposal'"/>
      </expression>
    </dynamicValue>
  </action>
  <action>
    <title value="Check for Guidance for the patient regarding IMMZ.D2.DT.Pneumococcal.2 doses with booster dose."/>
    <description value="Show Guidance for the patient regarding IMMZ.D2.DT.Pneumococcal.2 doses with booster dose."/>
    <condition>
      <kind value="applicability"/>
      <expression>
        <description value="Has Guidance"/>
        <language value="text/cql-identifier"/>
        <expression value="Has Guidance"/>
      </expression>
    </condition>
    <definitionCanonical value="http://smart.who.int/immunizations/ActivityDefinition/IMMZD2DTCR"/>
    <dynamicValue>
      <path value="status"/>
      <expression>
        <language value="text/cql-expression"/>
        <expression value="'active'"/>
      </expression>
    </dynamicValue>
    <dynamicValue>
      <path value="payload.contentString"/>
      <expression>
        <language value="text/cql-identifier"/>
        <expression value="Guidance"/>
      </expression>
    </dynamicValue>
    <dynamicValue>
      <path value="category.coding"/>
      <expression>
        <description value="Category of communication"/>
        <language value="text/cql-expression"/>
        <expression value="Code { system: 'http://terminology.hl7.org/CodeSystem/communication-category', code: 'alert' }"/>
      </expression>
    </dynamicValue>
    <dynamicValue>
      <path value="priority"/>
      <expression>
        <description value="Alert priority"/>
        <language value="text/cql-expression"/>
        <expression value="Code { system: 'http://hl7.org/fhir/request-priority', code: 'routine' }"/>
      </expression>
    </dynamicValue>
  </action>
</PlanDefinition>