{
  "resourceType" : "PlanDefinition",
  "id" : "IMMZD2DTTyphoidTCV",
  "meta" : {
    "profile" : ["http://hl7.org/fhir/uv/cpg/StructureDefinition/cpg-recommendationdefinition",
    "http://hl7.org/fhir/uv/crmi/StructureDefinition/crmi-shareableplandefinition",
    "http://hl7.org/fhir/uv/crmi/StructureDefinition/crmi-publishableplandefinition"]
  },
  "text" : {
    "status" : "extensions",
    "div" : "<div xmlns=\"http://www.w3.org/1999/xhtml\">\n<div>\n    <table class=\"grid dict\">\n        \n        <tr>\n            <th scope=\"row\"><b>Id: </b></th>\n            <td style=\"padding-left: 4px;\">IMMZD2DTTyphoidTCV</td>\n        </tr>\n        \n\n        \n        <tr>\n            <th scope=\"row\"><b>Url: </b></th>\n            <td style=\"padding-left: 4px;\"><a href=\"PlanDefinition-IMMZD2DTTyphoidTCV.html\">IMMZ.D2.DT.Typhoid.TCV</a></td>\n        </tr>\n        \n\n        \n        <tr>\n            <th scope=\"row\"><b>Version: </b></th>\n            <td style=\"padding-left: 4px;\">0.2.0</td>\n        </tr>\n        \n\n        \n\n        \n        <tr>\n            <th scope=\"row\"><b>Title: </b></th>\n            <td style=\"padding-left: 4px;\">IMMZ.D2.DT.Typhoid.TCV</td>\n        </tr>\n        \n\n        \n\n        \n        <tr>\n            <th scope=\"row\"><b>Status: </b></th>\n            <td style=\"padding-left: 4px;\">draft</td>\n        </tr>\n        \n\n        \n\n        \n        <tr>\n            <th scope=\"row\"><b>Type: </b></th>\n            <td style=\"padding-left: 4px;\">\n                \n                    \n                        \n                        <p style=\"margin-bottom: 5px;\">\n                            <b>system: </b> <span><a href=\"http://terminology.hl7.org/6.4.0/CodeSystem-plan-definition-type.html\">http://terminology.hl7.org/CodeSystem/plan-definition-type</a></span>\n                        </p>\n                        \n                        \n                        <p style=\"margin-bottom: 5px;\">\n                            <b>code: </b> <span>eca-rule</span>\n                        </p>\n                        \n                        \n                    \n                \n                \n            </td>\n        </tr>\n        \n\n        \n\n        \n        <tr>\n            <th scope=\"row\"><b>Date: </b></th>\n            <td style=\"padding-left: 4px;\">2025-06-25 20:08:00+0000</td>\n        </tr>\n        \n\n        \n        <tr>\n            <th scope=\"row\"><b>Publisher: </b></th>\n            <td style=\"padding-left: 4px;\">WHO</td>\n        </tr>\n        \n\n        \n        <tr>\n            <th scope=\"row\"><b>Description: </b></th>\n            <td style=\"padding-left: 4px;\"><div><p>IMMZ.D2.DT.Typhoid.TCV\nTyphoid conjugate vaccine (TCV) schedule</p>\n</div></td>\n        </tr>\n        \n\n        \n        <tr>\n            <th scope=\"row\"><b>Knowledge Capability: </b></th>\n            <td style=\"padding-left: 4px;\">\n                \n                computable \n            </td>\n        </tr>\n        \n\n        \n\n        \n\n        \n\n        \n\n        \n\n        \n\n        \n\n        \n\n        \n\n        \n        <tr>\n            <th scope=\"row\"><b>Related Artifacts: </b></th>\n            <td style=\"padding-left: 4px;\">\n                \n                \n                <p><b>References</b></p>\n                <ul>\n                    \n                    <li><div><p>WHO recommendations for routine immunization - summary tables (January 2025)</p>\n</div><br/><a href=\"null\"/></li>\n                    \n                </ul>\n                \n                \n                \n                \n                \n                \n            </td>\n        </tr>\n        \n\n        \n        <tr>\n            <th scope=\"row\"><b>Libraries: </b></th>\n            <td style=\"padding-left: 4px;\">\n                <table class=\"grid-dict\">\n                    \n                    <tr>\n                        <td><a href=\"Library-IMMZD2DTTyphoidTCVLogic.html\">IMMZD2DTTyphoidTCVLogic</a></td>\n                    </tr>\n                    \n                </table>\n            </td>\n        </tr>\n        \n\n        \n        <tr>\n            <th scope=\"row\"><b>Actions: </b></th>\n            <td style=\"padding-left: 4px;\">\n                <table class=\"grid-dict\">\n                    \n                    <tr>\n                        <td>\n                            \n                            <b> Determine if the client is due for Typhoid.:</b> Determine if the client is due for Typhoid vaccine according to the national immunization protocol.\nTyphoid conjugate vaccine (TCV) schedule      \n                            \n                            <br/>\n                            \n                            \n                            <b>If:</b>\n                            \n                            <i>Applicability:</i>\n                            \n                            Client is due for Typhoid vaccination\n                            \n                            <i>(Client is due for Typhoid vaccination)</i>\n                            <br/>\n                            \n                            \n                            \n                            \n                            <b>Then:</b> <i>Definition:</i> <a href=\"ActivityDefinition-IMMZD2DTTyphoidMR.html\">IMMZ.D2.DT.Typhoid.MR</a><br/>\n                            \n                            <i>Dynamic Values:</i><br/>\n                            \n                            status: <i>('draft')</i>\n                            <br/>\n                            \n                            intent: <i>('proposal')</i>\n                            <br/>\n                            \n                            \n                            \n                            \n                        </td>\n                    </tr>\n                    \n                    <tr>\n                        <td>\n                            \n                            <b> Check for Guidance for the patient regarding IMMZ.D2.DT.Typhoid.TCV.:</b> Show Guidance for the patient regarding IMMZ.D2.DT.Typhoid.TCV.\n                            \n                            <br/>\n                            \n                            \n                            <b>If:</b>\n                            \n                            <i>Applicability:</i>\n                            \n                            Has Guidance\n                            \n                            <i>(Has Guidance)</i>\n                            <br/>\n                            \n                            \n                            \n                            \n                            <b>Then:</b> <i>Definition:</i> <a href=\"ActivityDefinition-IMMZD2DTCR.html\">IMMZ.D2.DT.CR</a><br/>\n                            \n                            <i>Dynamic Values:</i><br/>\n                            \n                            status: <i>('active')</i>\n                            <br/>\n                            \n                            payload.contentString: <i>(Guidance)</i>\n                            <br/>\n                            \n                            category.coding: <i>(Code { system: 'http://terminology.hl7.org/CodeSystem/communication-category', code: 'alert' })</i>\n                            <br/>\n                            \n                            priority: <i>(Code { system: 'http://hl7.org/fhir/request-priority', code: 'routine' })</i>\n                            <br/>\n                            \n                            \n                            \n                            \n                        </td>\n                    </tr>\n                    \n                </table>\n            </td>\n        </tr>\n        \n    </table>\n</div>\n</div>"
  },
  "extension" : [{
    "url" : "http://hl7.org/fhir/uv/cpg/StructureDefinition/cpg-knowledgeCapability",
    "valueCode" : "computable"
  }],
  "url" : "http://smart.who.int/immunizations/PlanDefinition/IMMZD2DTTyphoidTCV",
  "version" : "0.2.0",
  "name" : "IMMZD2DTTyphoidTCV",
  "title" : "IMMZ.D2.DT.Typhoid.TCV",
  "type" : {
    "coding" : [{
      "system" : "http://terminology.hl7.org/CodeSystem/plan-definition-type",
      "code" : "eca-rule"
    }]
  },
  "status" : "draft",
  "experimental" : false,
  "date" : "2025-06-25T20:08:00+00:00",
  "publisher" : "WHO",
  "contact" : [{
    "name" : "WHO",
    "telecom" : [{
      "system" : "url",
      "value" : "http://who.int"
    }]
  }],
  "description" : "IMMZ.D2.DT.Typhoid.TCV\nTyphoid conjugate vaccine (TCV) schedule",
  "relatedArtifact" : [{
    "type" : "citation",
    "citation" : "WHO recommendations for routine immunization - summary tables (January 2025)"
  }],
  "library" : ["http://smart.who.int/immunizations/Library/IMMZD2DTTyphoidTCVLogic"],
  "action" : [{
    "extension" : [{
      "url" : "http://hl7.org/fhir/uv/cpg/StructureDefinition/cpg-rationale",
      "valueMarkdown" : "WHO recommends the TCV as a 0.5 mL single dose for infants and children from 6 months of \n  age and in adults up to 45 years in typhoid endemic regions."
    }],
    "title" : "Determine if the client is due for Typhoid.",
    "description" : "Determine if the client is due for Typhoid vaccine according to the national immunization protocol.\nTyphoid conjugate vaccine (TCV) schedule      ",
    "condition" : [{
      "kind" : "applicability",
      "expression" : {
        "description" : "Client is due for Typhoid vaccination",
        "language" : "text/cql-identifier",
        "expression" : "Client is due for Typhoid vaccination"
      }
    }],
    "definitionCanonical" : "http://smart.who.int/immunizations/ActivityDefinition/IMMZD2DTTyphoidMR",
    "dynamicValue" : [{
      "path" : "status",
      "expression" : {
        "language" : "text/cql-expression",
        "expression" : "'draft'"
      }
    },
    {
      "path" : "intent",
      "expression" : {
        "language" : "text/cql-expression",
        "expression" : "'proposal'"
      }
    }]
  },
  {
    "title" : "Check for Guidance for the patient regarding IMMZ.D2.DT.Typhoid.TCV.",
    "description" : "Show Guidance for the patient regarding IMMZ.D2.DT.Typhoid.TCV.",
    "condition" : [{
      "kind" : "applicability",
      "expression" : {
        "description" : "Has Guidance",
        "language" : "text/cql-identifier",
        "expression" : "Has Guidance"
      }
    }],
    "definitionCanonical" : "http://smart.who.int/immunizations/ActivityDefinition/IMMZD2DTCR",
    "dynamicValue" : [{
      "path" : "status",
      "expression" : {
        "language" : "text/cql-expression",
        "expression" : "'active'"
      }
    },
    {
      "path" : "payload.contentString",
      "expression" : {
        "language" : "text/cql-identifier",
        "expression" : "Guidance"
      }
    },
    {
      "path" : "category.coding",
      "expression" : {
        "description" : "Category of communication",
        "language" : "text/cql-expression",
        "expression" : "Code { system: 'http://terminology.hl7.org/CodeSystem/communication-category', code: 'alert' }"
      }
    },
    {
      "path" : "priority",
      "expression" : {
        "description" : "Alert priority",
        "language" : "text/cql-expression",
        "expression" : "Code { system: 'http://hl7.org/fhir/request-priority', code: 'routine' }"
      }
    }]
  }]
}