<?xml version="1.0" encoding="UTF-8"?>

<ValueSet xmlns="http://hl7.org/fhir">
  <id value="IMMZ.Z.DE15"/>
  <text>
    <status value="generated"/><div xmlns="http://www.w3.org/1999/xhtml"><p class="res-header-id"><b>Generated Narrative: ValueSet IMMZ.Z.DE15</b></p><a name="IMMZ.Z.DE15"> </a><a name="hcIMMZ.Z.DE15"> </a><p>This value set expansion contains 7 concepts.</p><table class="codes"><tr><td style="white-space:nowrap"><b>Code</b></td><td><b>System</b></td><td><b>Display</b></td><td><b>Definition</b></td></tr><tr><td style="white-space:nowrap"><a name="IMMZ.Z.DE15-http://smart.who.int/immunizations/CodeSystem/IMMZ.Z-DE15"> </a>  <a href="CodeSystem-IMMZ.Z.html#IMMZ.Z-DE15">DE15</a></td><td>http://smart.who.int/immunizations/CodeSystem/IMMZ.Z</td><td>Rabies vaccines</td><td>Vaccine terminology codes for rabies</td></tr><tr><td style="white-space:nowrap"><a name="IMMZ.Z.DE15-http://id.who.int/icd/release/11/mms-XM6T09"> </a>  XM6T09</td><td>http://id.who.int/icd/release/11/mms</td><td>Rabies vaccine</td><td/></tr><tr><td style="white-space:nowrap"><a name="IMMZ.Z.DE15-http://snomed.info/sct-836393002"> </a>  <a href="http://snomed.info/id/836393002">836393002</a></td><td>http://snomed.info/sct</td><td>Rabies lyssavirus antigen-containing vaccine product</td><td/></tr><tr><td style="white-space:nowrap"><a name="IMMZ.Z.DE15-http://www.whocc.no/atc-J07BG"> </a>  J07BG</td><td>http://www.whocc.no/atc</td><td>Rabies vaccines</td><td/></tr><tr><td style="white-space:nowrap"><a name="IMMZ.Z.DE15-http://id.who.int/icd/release/11/mms-XM7BE8"> </a>  XM7BE8</td><td>http://id.who.int/icd/release/11/mms</td><td>Rabies, inactivated, whole virus</td><td/></tr><tr><td style="white-space:nowrap"><a name="IMMZ.Z.DE15-http://snomed.info/sct-1131000221109"> </a>  <a href="http://snomed.info/id/1131000221109">1131000221109</a></td><td>http://snomed.info/sct</td><td>Vaccine product containing only inactivated whole Rabies lyssavirus antigen</td><td/></tr><tr><td style="white-space:nowrap"><a name="IMMZ.Z.DE15-http://www.whocc.no/atc-J07BG01"> </a>  J07BG01</td><td>http://www.whocc.no/atc</td><td>Rabies, inactivated, whole virus</td><td/></tr></table></div>
  </text>
  <url value="http://smart.who.int/immunizations/ValueSet/IMMZ.Z.DE15"/>
  <version value="0.2.0"/>
  <name value="IMMZ_Z_DE15"/>
  <title value="IMMZ.Z.DE15 ValueSet for Rabies vaccines"/>
  <status value="active"/>
  <date value="2025-06-25T20:08:00+00:00"/>
  <publisher value="WHO"/>
  <contact>
    <name value="WHO"/>
    <telecom>
      <system value="url"/>
      <value value="http://who.int"/>
    </telecom>
  </contact>
  <description value="ValueSet for Rabies vaccines for IMMZ.Z.DE15"/>
  <compose>
    <include>
      <system value="http://smart.who.int/immunizations/CodeSystem/IMMZ.Z"/>
      <concept>
        <code value="DE15"/>
        <display value="Rabies vaccines"/>
      </concept>
    </include>
    <include>
      <system value="http://id.who.int/icd/release/11/mms"/>
      <concept>
        <code value="XM6T09"/>
        <display value="Rabies vaccine"/>
      </concept>
      <concept>
        <code value="XM7BE8"/>
        <display value="Rabies, inactivated, whole virus"/>
      </concept>
    </include>
    <include>
      <system value="http://snomed.info/sct"/>
      <concept>
        <code value="836393002"/>
        <display value="Rabies lyssavirus antigen-containing vaccine product"/>
      </concept>
      <concept>
        <code value="1131000221109"/>
        <display value="Vaccine product containing only inactivated whole Rabies lyssavirus antigen"/>
      </concept>
    </include>
    <include>
      <system value="http://www.whocc.no/atc"/>
      <concept>
        <code value="J07BG"/>
        <display value="Rabies vaccines"/>
      </concept>
      <concept>
        <code value="J07BG01"/>
        <display value="Rabies, inactivated, whole virus"/>
      </concept>
    </include>
  </compose>
  <expansion>
    <timestamp value="2025-06-25T16:39:07.092Z"/>
    <contains>
      <system value="http://smart.who.int/immunizations/CodeSystem/IMMZ.Z"/>
      <code value="DE15"/>
      <display value="Rabies vaccines"/>
    </contains>
    <contains>
      <system value="http://id.who.int/icd/release/11/mms"/>
      <code value="XM6T09"/>
      <display value="Rabies vaccine"/>
    </contains>
    <contains>
      <system value="http://snomed.info/sct"/>
      <code value="836393002"/>
      <display value="Rabies lyssavirus antigen-containing vaccine product"/>
    </contains>
    <contains>
      <system value="http://www.whocc.no/atc"/>
      <code value="J07BG"/>
      <display value="Rabies vaccines"/>
    </contains>
    <contains>
      <system value="http://id.who.int/icd/release/11/mms"/>
      <code value="XM7BE8"/>
      <display value="Rabies, inactivated, whole virus"/>
    </contains>
    <contains>
      <system value="http://snomed.info/sct"/>
      <code value="1131000221109"/>
      <display value="Vaccine product containing only inactivated whole Rabies lyssavirus antigen"/>
    </contains>
    <contains>
      <system value="http://www.whocc.no/atc"/>
      <code value="J07BG01"/>
      <display value="Rabies, inactivated, whole virus"/>
    </contains>
  </expansion>
</ValueSet>