<?xml version="1.0" encoding="UTF-8"?>

<ValueSet xmlns="http://hl7.org/fhir">
  <id value="IMMZ.D2.DT.Rabies.PrEP"/>
  <text>
    <status value="generated"/><div xmlns="http://www.w3.org/1999/xhtml"><p class="res-header-id"><b>Generated Narrative: ValueSet IMMZ.D2.DT.Rabies.PrEP</b></p><a name="IMMZ.D2.DT.Rabies.PrEP"> </a><a name="hcIMMZ.D2.DT.Rabies.PrEP"> </a><p>This value set expansion contains 8 concepts.</p><table class="codes"><tr><td style="white-space:nowrap"><b>Code</b></td><td><b>System</b></td><td><b>Display</b></td><td><b>Definition</b></td></tr><tr><td style="white-space:nowrap"><a name="IMMZ.D2.DT.Rabies.PrEP-http://smart.who.int/immunizations/CodeSystem/IMMZ.D2.DT.Inputs-nrpsdwa-48.123"> </a>  <a href="CodeSystem-IMMZ.D2.DT.Inputs.html#IMMZ.D2.DT.Inputs-nrpsdwa-48.46123">nrpsdwa-48.123</a></td><td>http://smart.who.int/immunizations/CodeSystem/IMMZ.D2.DT.Inputs</td><td>No rabies primary series doses were administered</td><td>Count of vaccines administered (where &quot;Vaccine type&quot; = &quot;Rabies vaccines&quot; and &quot;Type of dose&quot; = &quot;Primary series&quot;) = 0</td></tr><tr><td style="white-space:nowrap"><a name="IMMZ.D2.DT.Rabies.PrEP-http://smart.who.int/immunizations/CodeSystem/IMMZ.D2.DT.Inputs-orpsdwa-49.123"> </a>  <a href="CodeSystem-IMMZ.D2.DT.Inputs.html#IMMZ.D2.DT.Inputs-orpsdwa-49.46123">orpsdwa-49.123</a></td><td>http://smart.who.int/immunizations/CodeSystem/IMMZ.D2.DT.Inputs</td><td>One rabies primary series doses were administered</td><td>Count of vaccines administered (where &quot;Vaccine type&quot; = &quot;Rabies vaccines&quot; and &quot;Type of dose&quot; = &quot;Primary series&quot;) = 1</td></tr><tr><td style="white-space:nowrap"><a name="IMMZ.D2.DT.Rabies.PrEP-http://smart.who.int/immunizations/CodeSystem/IMMZ.D2.DT.Inputs-tlrdwalt7da-60.103"> </a>  <a href="CodeSystem-IMMZ.D2.DT.Inputs.html#IMMZ.D2.DT.Inputs-tlrdwalt7da-60.46103">tlrdwalt7da-60.103</a></td><td>http://smart.who.int/immunizations/CodeSystem/IMMZ.D2.DT.Inputs</td><td>The latest rabies dose was administered less than 7 days ago</td><td>''Today's date - Latest &quot;Date of vaccination&quot; (where &quot;Vaccine type&quot; = &quot;Rabies vaccines&quot;) &lt; 7 days</td></tr><tr><td style="white-space:nowrap"><a name="IMMZ.D2.DT.Rabies.PrEP-http://smart.who.int/immunizations/CodeSystem/IMMZ.D2.DT.Inputs-tlrdwamt7da-60.103"> </a>  <a href="CodeSystem-IMMZ.D2.DT.Inputs.html#IMMZ.D2.DT.Inputs-tlrdwamt7da-60.46103">tlrdwamt7da-60.103</a></td><td>http://smart.who.int/immunizations/CodeSystem/IMMZ.D2.DT.Inputs</td><td>The latest rabies dose was administered more than 7 days ago</td><td>''Today's date - Latest &quot;Date of vaccination&quot; (where &quot;Vaccine type&quot; = &quot;Rabies vaccines&quot;) ≥ 7 days</td></tr><tr><td style="white-space:nowrap"><a name="IMMZ.D2.DT.Rabies.PrEP-http://smart.who.int/immunizations/CodeSystem/IMMZ.D2.DT.Inputs-trpsdwa-49.123"> </a>  <a href="CodeSystem-IMMZ.D2.DT.Inputs.html#IMMZ.D2.DT.Inputs-trpsdwa-49.46123">trpsdwa-49.123</a></td><td>http://smart.who.int/immunizations/CodeSystem/IMMZ.D2.DT.Inputs</td><td>Two rabies primary series doses were administered</td><td>Count of vaccines administered (where &quot;Vaccine type&quot; = &quot;Rabies vaccines&quot; and &quot;Type of dose&quot; = &quot;Primary series&quot;) = 2</td></tr><tr><td style="white-space:nowrap"><a name="IMMZ.D2.DT.Rabies.PrEP-http://smart.who.int/immunizations/CodeSystem/IMMZ.D2.DT.Outputs-cidfrv-36.48"> </a>  <a href="CodeSystem-IMMZ.D2.DT.Outputs.html#IMMZ.D2.DT.Outputs-cidfrv-36.4648">cidfrv-36.48</a></td><td>http://smart.who.int/immunizations/CodeSystem/IMMZ.D2.DT.Outputs</td><td>Client is due for rabies vaccination</td><td>&quot;Immunization recommendation status&quot; = &quot;Due&quot;</td></tr><tr><td style="white-space:nowrap"><a name="IMMZ.D2.DT.Rabies.PrEP-http://smart.who.int/immunizations/CodeSystem/IMMZ.D2.DT.Outputs-cindfrv-40.52"> </a>  <a href="CodeSystem-IMMZ.D2.DT.Outputs.html#IMMZ.D2.DT.Outputs-cindfrv-40.4652">cindfrv-40.52</a></td><td>http://smart.who.int/immunizations/CodeSystem/IMMZ.D2.DT.Outputs</td><td>Client is not due for rabies vaccination</td><td>&quot;Immunization recommendation status&quot; = &quot;Not due&quot;</td></tr><tr><td style="white-space:nowrap"><a name="IMMZ.D2.DT.Rabies.PrEP-http://smart.who.int/immunizations/CodeSystem/IMMZ.D2.DT.Outputs-risic-40.53"> </a>  <a href="CodeSystem-IMMZ.D2.DT.Outputs.html#IMMZ.D2.DT.Outputs-risic-40.4653">risic-40.53</a></td><td>http://smart.who.int/immunizations/CodeSystem/IMMZ.D2.DT.Outputs</td><td>Rabies immunization schedule is complete</td><td>&quot;Immunization recommendation status&quot; = &quot;Complete&quot;</td></tr></table></div>
  </text>
  <url value="http://smart.who.int/immunizations/ValueSet/IMMZ.D2.DT.Rabies.PrEP"/>
  <version value="0.2.0"/>
  <name value="IMMZ_D2_DT_Rabies"/>
  <title value="IMMZ.D2.DT.Rabies.PrEP ValueSet for Decision Table"/>
  <status value="active"/>
  <date value="2025-06-25T20:08:00+00:00"/>
  <publisher value="WHO"/>
  <contact>
    <name value="WHO"/>
    <telecom>
      <system value="url"/>
      <value value="http://who.int"/>
    </telecom>
  </contact>
  <description value="ValueSet IMMZ.D2.DT.Rabies.PrEP for IMMZ.D2.DT.Rabies.&#xA;Business rule: Determine if the client is due for a rabies vaccination according to the national immunization schedule&#xA;Trigger: IMMZ.D2 Determine required vaccination(s) if any&#xA;Table: Pre-exposure prophylaxis (PrEP), 2-dose scheme; high risk of rabies virus exposure"/>
  <compose>
    <include>
      <system value="http://smart.who.int/immunizations/CodeSystem/IMMZ.D2.DT.Inputs"/>
      <concept>
        <code value="nrpsdwa-48.123"/>
        <display value="No rabies primary series doses were administered"/>
      </concept>
      <concept>
        <code value="orpsdwa-49.123"/>
        <display value="One rabies primary series doses were administered"/>
      </concept>
      <concept>
        <code value="tlrdwalt7da-60.103"/>
        <display value="The latest rabies dose was administered less than 7 days ago"/>
      </concept>
      <concept>
        <code value="tlrdwamt7da-60.103"/>
        <display value="The latest rabies dose was administered more than 7 days ago"/>
      </concept>
      <concept>
        <code value="trpsdwa-49.123"/>
        <display value="Two rabies primary series doses were administered"/>
      </concept>
    </include>
    <include>
      <system value="http://smart.who.int/immunizations/CodeSystem/IMMZ.D2.DT.Outputs"/>
      <concept>
        <code value="cidfrv-36.48"/>
        <display value="Client is due for rabies vaccination"/>
      </concept>
      <concept>
        <code value="cindfrv-40.52"/>
        <display value="Client is not due for rabies vaccination"/>
      </concept>
      <concept>
        <code value="risic-40.53"/>
        <display value="Rabies immunization schedule is complete"/>
      </concept>
    </include>
  </compose>
  <expansion>
    <timestamp value="2025-06-25T16:39:07.092Z"/>
    <contains>
      <system value="http://smart.who.int/immunizations/CodeSystem/IMMZ.D2.DT.Inputs"/>
      <code value="nrpsdwa-48.123"/>
      <display value="No rabies primary series doses were administered"/>
    </contains>
    <contains>
      <system value="http://smart.who.int/immunizations/CodeSystem/IMMZ.D2.DT.Inputs"/>
      <code value="orpsdwa-49.123"/>
      <display value="One rabies primary series doses were administered"/>
    </contains>
    <contains>
      <system value="http://smart.who.int/immunizations/CodeSystem/IMMZ.D2.DT.Inputs"/>
      <code value="tlrdwalt7da-60.103"/>
      <display value="The latest rabies dose was administered less than 7 days ago"/>
    </contains>
    <contains>
      <system value="http://smart.who.int/immunizations/CodeSystem/IMMZ.D2.DT.Inputs"/>
      <code value="tlrdwamt7da-60.103"/>
      <display value="The latest rabies dose was administered more than 7 days ago"/>
    </contains>
    <contains>
      <system value="http://smart.who.int/immunizations/CodeSystem/IMMZ.D2.DT.Inputs"/>
      <code value="trpsdwa-49.123"/>
      <display value="Two rabies primary series doses were administered"/>
    </contains>
    <contains>
      <system value="http://smart.who.int/immunizations/CodeSystem/IMMZ.D2.DT.Outputs"/>
      <code value="cidfrv-36.48"/>
      <display value="Client is due for rabies vaccination"/>
    </contains>
    <contains>
      <system value="http://smart.who.int/immunizations/CodeSystem/IMMZ.D2.DT.Outputs"/>
      <code value="cindfrv-40.52"/>
      <display value="Client is not due for rabies vaccination"/>
    </contains>
    <contains>
      <system value="http://smart.who.int/immunizations/CodeSystem/IMMZ.D2.DT.Outputs"/>
      <code value="risic-40.53"/>
      <display value="Rabies immunization schedule is complete"/>
    </contains>
  </expansion>
</ValueSet>