<?xml version="1.0" encoding="UTF-8"?><CodeSystem xmlns="http://hl7.org/fhir"><id value="IMMZ.D"/><text><status value="generated"/><div xmlns="http://www.w3.org/1999/xhtml"><p class="res-header-id"><b>Generated Narrative: CodeSystem IMMZ.D</b></p><a name="IMMZ.D"> </a><a name="hcIMMZ.D"> </a><p>This case-insensitive code system <code>http://smart.who.int/immunizations/CodeSystem/IMMZ.D</code> defines the following codes:</p><table class="codes"><tr><td style="white-space:nowrap"><b>Code</b></td><td><b>Display</b></td><td><b>Definition</b></td></tr><tr><td style="white-space:nowrap">DE19<a name="IMMZ.D-DE19"> </a></td><td>Vaccine type</td><td>Vaccine type/category that was administered or was to be administered. Any vaccine code available in the IMMZ.Z Vaccine library list of codes applies in this data element</td></tr><tr><td style="white-space:nowrap">DE20<a name="IMMZ.D-DE20"> </a></td><td>Date and time of vaccination</td><td>Represents the visit/encounter date, which is the date and time when each vaccine was administered to the client</td></tr><tr><td style="white-space:nowrap">DE201<a name="IMMZ.D-DE201"> </a></td><td>Contact date</td><td>The date and time of the client's contact</td></tr><tr><td style="white-space:nowrap">DE202<a name="IMMZ.D-DE202"> </a></td><td>ANC contact number</td><td>The antenatal care (ANC) contact or visit number</td></tr><tr><td style="white-space:nowrap">DE124<a name="IMMZ.D-DE124"> </a></td><td>Dose number</td><td>Vaccine dose number including dose number within series</td></tr><tr><td style="white-space:nowrap">DE156<a name="IMMZ.D-DE156"> </a></td><td>Immunization recommendation status</td><td>The current status or recommendation for a specific immunization for an client</td></tr><tr><td style="white-space:nowrap">DE157<a name="IMMZ.D-DE157"> </a></td><td>Not due</td><td>The client is not currently eligible or scheduled for the specified immunization</td></tr><tr><td style="white-space:nowrap">DE158<a name="IMMZ.D-DE158"> </a></td><td>Due</td><td>The client is currently eligible and should receive the specified immunization based on the recommended schedule</td></tr><tr><td style="white-space:nowrap">DE189<a name="IMMZ.D-DE189"> </a></td><td>Complete</td><td>The client has received the specified immunization(s) based on the recommended schedule</td></tr><tr><td style="white-space:nowrap">DE159<a name="IMMZ.D-DE159"> </a></td><td>Contraindicated</td><td>The specified immunization is not recommended for the client due to contraindications</td></tr><tr><td style="white-space:nowrap">DE160<a name="IMMZ.D-DE160"> </a></td><td>Further evaluation needed</td><td>Additional assessment is necessary before making a recommendation regarding the specified immunization</td></tr><tr><td style="white-space:nowrap">DE161<a name="IMMZ.D-DE161"> </a></td><td>Potential contraindications</td><td>Specific situations or medical conditions for which it is advised or recommended to avoid or delay administering a particular vaccine</td></tr><tr><td style="white-space:nowrap">DE162<a name="IMMZ.D-DE162"> </a></td><td>Currently pregnant</td><td>The client is currently pregnant</td></tr><tr><td style="white-space:nowrap">DE163<a name="IMMZ.D-DE163"> </a></td><td>Immunocompromised</td><td>The client is known to be immunocompromised</td></tr><tr><td style="white-space:nowrap">DE200<a name="IMMZ.D-DE200"> </a></td><td>Severely immunocompromised</td><td>The client is known to be severely immunocompromised</td></tr><tr><td style="white-space:nowrap">DE164<a name="IMMZ.D-DE164"> </a></td><td>Exposed to immunosuppressive treatment</td><td>The client is undergoing immunosuppressive treatment or was exposed to immunosuppressive treatment in utero or via breastfeeding.</td></tr><tr><td style="white-space:nowrap">DE165<a name="IMMZ.D-DE165"> </a></td><td>Severely immunosuppressed</td><td>The client is known to be severely immunosuppressed</td></tr><tr><td style="white-space:nowrap">DE187<a name="IMMZ.D-DE187"> </a></td><td>Immunodeficiency syndromes</td><td>The client has  immunodeficiency syndromes (e.g. HIV/AIDS, known or suspected congenital immunodeficiency, leukaemia, lymphoma or other malignant disease)</td></tr><tr><td style="white-space:nowrap">DE166<a name="IMMZ.D-DE166"> </a></td><td>History of anaphylactic reactions</td><td>The client is known to have history of anaphylaxis in the past</td></tr><tr><td style="white-space:nowrap">DE167<a name="IMMZ.D-DE167"> </a></td><td>Severe allergic reactions</td><td>The client is known to have severe allergic reaction</td></tr><tr><td style="white-space:nowrap">DE168<a name="IMMZ.D-DE168"> </a></td><td>Symptomatic HIV infection</td><td>The client is experiencing HIV-related symptoms</td></tr><tr><td style="white-space:nowrap">DE169<a name="IMMZ.D-DE169"> </a></td><td>Planning to get pregnant in the next month</td><td>The client's intention or desire is to become pregnant in the next month</td></tr><tr><td style="white-space:nowrap">DE170<a name="IMMZ.D-DE170"> </a></td><td>Receiving blood products</td><td>The client is receiving blood or blood-related products as part of a medical treatment.</td></tr><tr><td style="white-space:nowrap">DE188<a name="IMMZ.D-DE188"> </a></td><td>Severe acute illness</td><td>The client has a severe acute illness</td></tr><tr><td style="white-space:nowrap">DE190<a name="IMMZ.D-DE190"> </a></td><td>TB disease</td><td>The client has been diagnosed with tuberculosis (TB)</td></tr><tr><td style="white-space:nowrap">DE191<a name="IMMZ.D-DE191"> </a></td><td>Breastfeeding</td><td>The client is currently breastfeeding</td></tr><tr><td style="white-space:nowrap">DE192<a name="IMMZ.D-DE192"> </a></td><td>Spina bifida</td><td>The client has spina bifida</td></tr><tr><td style="white-space:nowrap">DE193<a name="IMMZ.D-DE193"> </a></td><td>Bladder exstrophy</td><td>The client has exstrophy of urinary bladder</td></tr><tr><td style="white-space:nowrap">DE194<a name="IMMZ.D-DE194"> </a></td><td>Acute gastroenteritis</td><td>The client has acute gastroenteritis</td></tr><tr><td style="white-space:nowrap">DE195<a name="IMMZ.D-DE195"> </a></td><td>Moderate to severe fever</td><td>The client has moderate to severe fever</td></tr><tr><td style="white-space:nowrap">DE196<a name="IMMZ.D-DE196"> </a></td><td>Prior history of intussusception</td><td>The client has prior history of intussusception</td></tr><tr><td style="white-space:nowrap">DE197<a name="IMMZ.D-DE197"> </a></td><td>Altered immunocompetence</td><td>The client's immune system is not functioning at its typical capacity</td></tr><tr><td style="white-space:nowrap">DE198<a name="IMMZ.D-DE198"> </a></td><td>Hypersensitivity to vaccine components</td><td>The client has heightened sensitivity or allergic reactions to specific components found in vaccines</td></tr><tr><td style="white-space:nowrap">DE199<a name="IMMZ.D-DE199"> </a></td><td>Taking antibiotics</td><td>The client is currently taking antibiotics to treat certain infections</td></tr><tr><td style="white-space:nowrap">DE86<a name="IMMZ.D-DE86"> </a></td><td>Client education and counselling on immunization</td><td>Providing information, guidance and support to client or caretakers (such as parents or legal guardians) regarding immunization practices</td></tr><tr><td style="white-space:nowrap">DE87<a name="IMMZ.D-DE87"> </a></td><td>Counselling on functions of the immunological system</td><td>Explaining to the client or caregiver how the vaccines work by triggering the body to produce an immune response</td></tr><tr><td style="white-space:nowrap">DE88<a name="IMMZ.D-DE88"> </a></td><td>Advising about functions of the immunological system</td><td>Explaining to the client or caregiver how the vaccines work by triggering the body to produce an immune response</td></tr><tr><td style="white-space:nowrap">DE89<a name="IMMZ.D-DE89"> </a></td><td>Education to influence immunization behaviours</td><td>Public health interventions to improve general and accurate understanding and impacts of vaccines, and their role in preventing various diseases</td></tr><tr><td style="white-space:nowrap">DE90<a name="IMMZ.D-DE90"> </a></td><td>Advising about immunization behaviours</td><td>Public health interventions to improve general and accurate understanding and impacts of vaccines, and their role in preventing various diseases</td></tr><tr><td style="white-space:nowrap">DE91<a name="IMMZ.D-DE91"> </a></td><td>Awareness raising to influence immunization behaviours</td><td>Public health interventions to improve general and accurate understanding and impacts of vaccines, and their role in preventing various diseases</td></tr><tr><td style="white-space:nowrap">DE1<a name="IMMZ.D-DE1"> </a></td><td>Immunization event status</td><td>The current status of the individual immunization event</td></tr><tr><td style="white-space:nowrap">DE2<a name="IMMZ.D-DE2"> </a></td><td>Completed</td><td>The immunization event was successfully carried out as intended</td></tr><tr><td style="white-space:nowrap">DE3<a name="IMMZ.D-DE3"> </a></td><td>Entered in error</td><td>Immunization event record has been mistakenly created or entered into the system. Recorded information is incorrect or should not have been documented, though it is possible that real-world decisions were based on it</td></tr><tr><td style="white-space:nowrap">DE4<a name="IMMZ.D-DE4"> </a></td><td>Not done</td><td>Planned immunization event was not carried out for some reason</td></tr><tr><td style="white-space:nowrap">DE5<a name="IMMZ.D-DE5"> </a></td><td>Reason vaccine was not administered</td><td>The reason this immunization event was not performed</td></tr><tr><td style="white-space:nowrap">DE6<a name="IMMZ.D-DE6"> </a></td><td>Immunity</td><td>Testing has shown that the client already has immunity to the agent targeted by the immunization</td></tr><tr><td style="white-space:nowrap">DE7<a name="IMMZ.D-DE7"> </a></td><td>Medical precaution</td><td>The client currently has a medical condition for which the vaccine is contraindicated or for which precaution is warranted</td></tr><tr><td style="white-space:nowrap">DE8<a name="IMMZ.D-DE8"> </a></td><td>Product out of stock</td><td>There was no supply of the product on hand to perform the service</td></tr><tr><td style="white-space:nowrap">DE9<a name="IMMZ.D-DE9"> </a></td><td>Client objection</td><td>The client or their guardian objects to receiving the vaccine</td></tr><tr><td style="white-space:nowrap">DE10<a name="IMMZ.D-DE10"> </a></td><td>Caregiver refusal</td><td>The client's caregiver refused the vaccine</td></tr><tr><td style="white-space:nowrap">DE11<a name="IMMZ.D-DE11"> </a></td><td>Unspecified reason</td><td>The immunization event was not carried out for an unspecified reason</td></tr><tr><td style="white-space:nowrap">DE12<a name="IMMZ.D-DE12"> </a></td><td>Client allergy to vaccine or component</td><td>The immunization event was not carried out because of client allergy to vaccine or component</td></tr><tr><td style="white-space:nowrap">DE13<a name="IMMZ.D-DE13"> </a></td><td>Immunocompromised</td><td>The immunization event was not carried out because the client is immunocompromised</td></tr><tr><td style="white-space:nowrap">DE14<a name="IMMZ.D-DE14"> </a></td><td>Chronic illness or condition</td><td>The immunization event was not carried out due a chronic illness or condition of the client</td></tr><tr><td style="white-space:nowrap">DE15<a name="IMMZ.D-DE15"> </a></td><td>Acute illness</td><td>The immunization event was not carried out due to an acute illness present in the client</td></tr><tr><td style="white-space:nowrap">DE16<a name="IMMZ.D-DE16"> </a></td><td>Had the disease</td><td>The immunization event was not carried out due to the client having had the disease</td></tr><tr><td style="white-space:nowrap">DE17<a name="IMMZ.D-DE17"> </a></td><td>Immunization not carried out for other reasons</td><td>The immunization event was not carried out for other reasons</td></tr><tr><td style="white-space:nowrap">DE18<a name="IMMZ.D-DE18"> </a></td><td>Vaccine brand</td><td>The brand or trade name used to refer to the vaccine received</td></tr><tr><td style="white-space:nowrap">DE173<a name="IMMZ.D-DE173"> </a></td><td>Live vaccine</td><td>Uses a living but weakened version of the virus or one that is very similar</td></tr><tr><td style="white-space:nowrap">DE21<a name="IMMZ.D-DE21"> </a></td><td>Country of vaccination</td><td>The service delivery country where the vaccine administration occurred</td></tr><tr><td style="white-space:nowrap">DE22<a name="IMMZ.D-DE22"> </a></td><td>Administrative area</td><td>The service delivery location (location name, city, municipality, town or village) where the vaccine administration occurred</td></tr><tr><td style="white-space:nowrap">DE23<a name="IMMZ.D-DE23"> </a></td><td>Vaccine manufacturer</td><td>The manufacturer of the vaccine product</td></tr><tr><td style="white-space:nowrap">DE24<a name="IMMZ.D-DE24"> </a></td><td>Vaccine batch number</td><td>Batch number or lot number of vaccine</td></tr><tr><td style="white-space:nowrap">DE25<a name="IMMZ.D-DE25"> </a></td><td>Vaccine market authorization holder</td><td>Name of the market authorization holder of the vaccine received. If market authorization holder is unknown, vaccine manufacturer is REQUIRED</td></tr><tr><td style="white-space:nowrap">DE26<a name="IMMZ.D-DE26"> </a></td><td>Expiration date</td><td>The expiration date of the vaccine</td></tr><tr><td style="white-space:nowrap">DE34<a name="IMMZ.D-DE34"> </a></td><td>Dose quantity</td><td>The quantity of vaccine product that was administered</td></tr><tr><td style="white-space:nowrap">DE35<a name="IMMZ.D-DE35"> </a></td><td>Health worker identifier</td><td>The person, organization or role of the entity that performed the act of giving the vaccine to the client. The implementing system can choose to populate this field using data from a health worker registry or health-care facility registry</td></tr><tr><td style="white-space:nowrap">DE125<a name="IMMZ.D-DE125"> </a></td><td>Total doses in series</td><td>The recommended number of doses for immunity according to the national immunization schedule (which may be based on product, age, etc.)</td></tr><tr><td style="white-space:nowrap">DE126<a name="IMMZ.D-DE126"> </a></td><td>Disease targeted</td><td>Vaccine-preventable disease being targeted</td></tr><tr><td style="white-space:nowrap">DE127<a name="IMMZ.D-DE127"> </a></td><td>Typhoid</td><td>The vaccine-preventable disease being targeted is typhoid</td></tr><tr><td style="white-space:nowrap">DE128<a name="IMMZ.D-DE128"> </a></td><td>Influenza</td><td>The vaccine-preventable disease being targeted is  influenza</td></tr><tr><td style="white-space:nowrap">DE129<a name="IMMZ.D-DE129"> </a></td><td>Measles</td><td>The vaccine-preventable disease being targeted is measles</td></tr><tr><td style="white-space:nowrap">DE133<a name="IMMZ.D-DE133"> </a></td><td>Pertussis</td><td>The vaccine-preventable disease being targeted is pertussis</td></tr><tr><td style="white-space:nowrap">DE135<a name="IMMZ.D-DE135"> </a></td><td>Mumps</td><td>The vaccine-preventable disease being targeted is mumps</td></tr><tr><td style="white-space:nowrap">DE136<a name="IMMZ.D-DE136"> </a></td><td>Varicella</td><td>The vaccine-preventable disease being targeted is varicella</td></tr><tr><td style="white-space:nowrap">DE137<a name="IMMZ.D-DE137"> </a></td><td>Viral hepatitis A</td><td>The vaccine-preventable disease being targeted is viral hepatitis A</td></tr><tr><td style="white-space:nowrap">DE139<a name="IMMZ.D-DE139"> </a></td><td>Tuberculosis</td><td>The vaccine-preventable disease being targeted is TB</td></tr><tr><td style="white-space:nowrap">DE140<a name="IMMZ.D-DE140"> </a></td><td>Viral hepatitis B</td><td>The vaccine-preventable disease being targeted is viral hepatitis B</td></tr><tr><td style="white-space:nowrap">DE141<a name="IMMZ.D-DE141"> </a></td><td>Haemophilus influenzae type b</td><td>The vaccine-preventable disease being targeted is Haemophilus influenzae type b (Hib)</td></tr><tr><td style="white-space:nowrap">DE142<a name="IMMZ.D-DE142"> </a></td><td>Tetanus</td><td>The vaccine-preventable disease being targeted is tetanus</td></tr><tr><td style="white-space:nowrap">DE143<a name="IMMZ.D-DE143"> </a></td><td>Rotavirus</td><td>The vaccine-preventable disease being targeted is rotavirus</td></tr><tr><td style="white-space:nowrap">DE144<a name="IMMZ.D-DE144"> </a></td><td>Human papillomavirus</td><td>The vaccine-preventable disease being targeted is human papillomavirus (HPV) infection</td></tr><tr><td style="white-space:nowrap">DE175<a name="IMMZ.D-DE175"> </a></td><td>Japanese encephalitis</td><td>The vaccine-preventable disease being targeted is Japanese encephalitis (JE)</td></tr><tr><td style="white-space:nowrap">DE146<a name="IMMZ.D-DE146"> </a></td><td>Poliomyelitis</td><td>The vaccine-preventable disease being targeted is poliomyelitis (polio)</td></tr><tr><td style="white-space:nowrap">DE176<a name="IMMZ.D-DE176"> </a></td><td>Diphtheria</td><td>The vaccine-preventable disease being targeted is diphtheria</td></tr><tr><td style="white-space:nowrap">DE177<a name="IMMZ.D-DE177"> </a></td><td>Pneumococcal disease</td><td>The vaccine-preventable disease being targeted is pneumococcal</td></tr><tr><td style="white-space:nowrap">DE178<a name="IMMZ.D-DE178"> </a></td><td>Rubella</td><td>The vaccine-preventable disease being targeted is rubella</td></tr><tr><td style="white-space:nowrap">DE179<a name="IMMZ.D-DE179"> </a></td><td>Dengue</td><td>The vaccine-preventable disease being targeted is dengue</td></tr><tr><td style="white-space:nowrap">DE180<a name="IMMZ.D-DE180"> </a></td><td>Rabies</td><td>The vaccine-preventable disease being targeted is rabies</td></tr><tr><td style="white-space:nowrap">DE181<a name="IMMZ.D-DE181"> </a></td><td>Meningococcal</td><td>The vaccine-preventable disease being targeted is meningococcal</td></tr><tr><td style="white-space:nowrap">DE182<a name="IMMZ.D-DE182"> </a></td><td>Cholera</td><td>The vaccine-preventable disease being targeted is cholera</td></tr><tr><td style="white-space:nowrap">DE183<a name="IMMZ.D-DE183"> </a></td><td>Tick-borne encephalitis</td><td>The vaccine-preventable disease being targeted is tick-borne encephalitis (TBE)</td></tr><tr><td style="white-space:nowrap">DE184<a name="IMMZ.D-DE184"> </a></td><td>Yellow fever</td><td>The vaccine-preventable disease being targeted is yellow fever</td></tr><tr><td style="white-space:nowrap">DE148<a name="IMMZ.D-DE148"> </a></td><td>COVID-19</td><td>The vaccine-preventable disease being targeted is coronovirus disease (COVID-19)</td></tr><tr><td style="white-space:nowrap">DE149<a name="IMMZ.D-DE149"> </a></td><td>Due date of next dose</td><td>Date on which the next vaccination should be administered, if a next dose is required</td></tr><tr><td style="white-space:nowrap">DE92<a name="IMMZ.D-DE92"> </a></td><td>Reaction reported</td><td>Indicates observation of an adverse event/reaction</td></tr><tr><td style="white-space:nowrap">DE93<a name="IMMZ.D-DE93"> </a></td><td>Reaction date</td><td>When adverse event/reaction started</td></tr><tr><td style="white-space:nowrap">DE95<a name="IMMZ.D-DE95"> </a></td><td>Reaction manifestation</td><td>The manifestation of the reaction (e.g. infected abscess, swelling, rash, hives, diarrhoea, etc.) observed after administering the vaccine</td></tr><tr><td style="white-space:nowrap">DE96<a name="IMMZ.D-DE96"> </a></td><td>Severe local reaction</td><td>The client's reaction manifested in severe local reaction</td></tr><tr><td style="white-space:nowrap">DE98<a name="IMMZ.D-DE98"> </a></td><td>Seizures</td><td>The client's reaction manifested in seizures</td></tr><tr><td style="white-space:nowrap">DE99<a name="IMMZ.D-DE99"> </a></td><td>Abscess</td><td>The client's reaction manifested in an abscess</td></tr><tr><td style="white-space:nowrap">DE100<a name="IMMZ.D-DE100"> </a></td><td>Sepsis</td><td>The client's reaction manifested in sepsis</td></tr><tr><td style="white-space:nowrap">DE101<a name="IMMZ.D-DE101"> </a></td><td>Encephalopathy</td><td>The client's reaction manifested in encephalopathy</td></tr><tr><td style="white-space:nowrap">DE102<a name="IMMZ.D-DE102"> </a></td><td>Toxic shock syndrome</td><td>The client's reaction manifested in toxic shock syndrome</td></tr><tr><td style="white-space:nowrap">DE103<a name="IMMZ.D-DE103"> </a></td><td>Anaphylaxis</td><td>The client's reaction manifested in anaphylaxis</td></tr><tr><td style="white-space:nowrap">DE104<a name="IMMZ.D-DE104"> </a></td><td>Fever</td><td>The client's reaction manifested as a fever</td></tr><tr><td style="white-space:nowrap">DE105<a name="IMMZ.D-DE105"> </a></td><td>Other</td><td>The client's reaction manifested in another way</td></tr><tr><td style="white-space:nowrap">DE107<a name="IMMZ.D-DE107"> </a></td><td>Type of reaction</td><td>If the event resulted in a reaction, what is the type of reaction</td></tr><tr><td style="white-space:nowrap">DE174<a name="IMMZ.D-DE174"> </a></td><td>Non serious</td><td>The reaction resulted in a mild or minor response and did not pose a significant threat to client's health</td></tr><tr><td style="white-space:nowrap">DE108<a name="IMMZ.D-DE108"> </a></td><td>Death</td><td>The reaction resulted in the client's death</td></tr><tr><td style="white-space:nowrap">DE109<a name="IMMZ.D-DE109"> </a></td><td>Life threatening</td><td>The reaction threatened the client's life</td></tr><tr><td style="white-space:nowrap">DE110<a name="IMMZ.D-DE110"> </a></td><td>Disability</td><td>The reaction resulted in a disability</td></tr><tr><td style="white-space:nowrap">DE111<a name="IMMZ.D-DE111"> </a></td><td>Hospitalization</td><td>The reaction resulted in a hospitalization</td></tr><tr><td style="white-space:nowrap">DE112<a name="IMMZ.D-DE112"> </a></td><td>Congenital anomaly</td><td>The reaction was a congenital anomaly or birth defect</td></tr><tr><td style="white-space:nowrap">DE113<a name="IMMZ.D-DE113"> </a></td><td>Other important medical event (specify)</td><td>There was another important reaction or medical event</td></tr><tr><td style="white-space:nowrap">DE115<a name="IMMZ.D-DE115"> </a></td><td>Reaction outcome</td><td>The outcome of the reaction (e.g. death, recovered, recovering)</td></tr><tr><td style="white-space:nowrap">DE116<a name="IMMZ.D-DE116"> </a></td><td>Died</td><td>The adverse event resulted in the client's death</td></tr><tr><td style="white-space:nowrap">DE117<a name="IMMZ.D-DE117"> </a></td><td>Recovered</td><td>The client fully recovered</td></tr><tr><td style="white-space:nowrap">DE118<a name="IMMZ.D-DE118"> </a></td><td>Recovered with sequelae</td><td>The client has recovered with sequelae as a consequence of the reaction/vaccination</td></tr><tr><td style="white-space:nowrap">DE119<a name="IMMZ.D-DE119"> </a></td><td>Recovering</td><td>The client is recovering</td></tr><tr><td style="white-space:nowrap">DE120<a name="IMMZ.D-DE120"> </a></td><td>Not recovered</td><td>The client has not recovered</td></tr><tr><td style="white-space:nowrap">DE121<a name="IMMZ.D-DE121"> </a></td><td>Unknown</td><td>The client's reaction outcome is unknown</td></tr><tr><td style="white-space:nowrap">DE185<a name="IMMZ.D-DE185"> </a></td><td>Date/time of follow-up appointment</td><td>Date the client is to return for next vaccination</td></tr><tr><td style="white-space:nowrap">DE186<a name="IMMZ.D-DE186"> </a></td><td>Recommended follow-up date</td><td>Date when follow-up is recommended based on vaccination schedule</td></tr><tr><td style="white-space:nowrap">DE150<a name="IMMZ.D-DE150"> </a></td><td>Digital certificate needed</td><td>Indicates if a digital certificate is required</td></tr><tr><td style="white-space:nowrap">DE151<a name="IMMZ.D-DE151"> </a></td><td>Certificate issuer</td><td>The authority or authorized organization that issued the vaccination certificate</td></tr><tr><td style="white-space:nowrap">DE152<a name="IMMZ.D-DE152"> </a></td><td>Health Certificate Identifier (HCID)</td><td>Unique identifier used to associate the immunization event represented in a paper vaccination card to its digital representation(s)</td></tr><tr><td style="white-space:nowrap">DE153<a name="IMMZ.D-DE153"> </a></td><td>Certificate valid from</td><td>Date in which the certificate for an immunization event became valid.  No health or clinical inferences should be made from this date</td></tr><tr><td style="white-space:nowrap">DE154<a name="IMMZ.D-DE154"> </a></td><td>Certificate valid until</td><td>Last date in which the certificate for an immunization event is valid. No health or clinical inferences should be made from this date</td></tr><tr><td style="white-space:nowrap">DE155<a name="IMMZ.D-DE155"> </a></td><td>Certificate schema version</td><td>Version of the core data set and HL7 Fast Health Interoperability Resources (FHIR) implementation guide that the certificate is using</td></tr><tr><td style="white-space:nowrap">DE263<a name="IMMZ.D-DE263"> </a></td><td>Birth dose</td><td>Indicates if the client received a dose within 24 hours of birth. Whether a birth dose is counted as part of the primary series will depend on the antigen</td></tr><tr><td style="white-space:nowrap">DE258<a name="IMMZ.D-DE258"> </a></td><td>Type of dose</td><td>The type of dose in a series that the client received</td></tr><tr><td style="white-space:nowrap">DE259<a name="IMMZ.D-DE259"> </a></td><td>Primary series</td><td>Indicates that the client received the primary vaccination series of a product/antigen. This is also applicable for antigens with one dose</td></tr><tr><td style="white-space:nowrap">DE260<a name="IMMZ.D-DE260"> </a></td><td>Dose 0</td><td>Indicates that the client received a dose of a product/ antigen that is not a part of the primary vaccination series and is administered before the primary vaccination series is provided</td></tr><tr><td style="white-space:nowrap">DE261<a name="IMMZ.D-DE261"> </a></td><td>Supplementary dose</td><td>Indicates that the client received a supplementary dose of a product/antigen</td></tr><tr><td style="white-space:nowrap">DE262<a name="IMMZ.D-DE262"> </a></td><td>Booster dose</td><td>Indicates that the client received booster dose of a product/antigen</td></tr><tr><td style="white-space:nowrap">DE203<a name="IMMZ.D-DE203"> </a></td><td>Completed the primary vaccination series</td><td>Indicates if the client has completed the primary vaccination series of a product/antigen. If the client has not yet completed their primary series, it means they may be expected to receive more doses to complete their vaccination regimen for the respective product/antigen</td></tr><tr><td style="white-space:nowrap">DE257<a name="IMMZ.D-DE257"> </a></td><td>Completed the booster series</td><td>Indicates if the client has completed the booster series of a product/antigen</td></tr><tr><td style="white-space:nowrap">DE242<a name="IMMZ.D-DE242"> </a></td><td>Date when primary vaccination series was completed</td><td>The date when the client completed the primary vaccination series (per product/antigen)</td></tr><tr><td style="white-space:nowrap">DE204<a name="IMMZ.D-DE204"> </a></td><td>HIV status</td><td>The current HIV status of the client</td></tr><tr><td style="white-space:nowrap">DE205<a name="IMMZ.D-DE205"> </a></td><td>HIV-positive</td><td>The client is known to be HIV-positive</td></tr><tr><td style="white-space:nowrap">DE206<a name="IMMZ.D-DE206"> </a></td><td>HIV-negative</td><td>The client is known to be HIV-negative</td></tr><tr><td style="white-space:nowrap">DE207<a name="IMMZ.D-DE207"> </a></td><td>Unknown</td><td>The client's HIV status is unknown</td></tr><tr><td style="white-space:nowrap">DE208<a name="IMMZ.D-DE208"> </a></td><td>Preterm birth</td><td>The infant was preterm; the mother gave birth to the infant when gestational age was less than 37 weeks</td></tr><tr><td style="white-space:nowrap">DE209<a name="IMMZ.D-DE209"> </a></td><td>Immunocompromised</td><td>The client is known to be immunocompromised. This means the client has a weakened immune system and having a reduced ability to fight infections and other diseases</td></tr><tr><td style="white-space:nowrap">DE210<a name="IMMZ.D-DE210"> </a></td><td>Currently on ART</td><td>The client is currently receiving antiretroviral therapy (ART)</td></tr><tr><td style="white-space:nowrap">DE243<a name="IMMZ.D-DE243"> </a></td><td>Type of TB infection test performed</td><td>The type of tuberculosis (TB) infection test performed</td></tr><tr><td style="white-space:nowrap">DE244<a name="IMMZ.D-DE244"> </a></td><td>IGRA</td><td>Interferon-gamma release assay (IGRA)</td></tr><tr><td style="white-space:nowrap">DE245<a name="IMMZ.D-DE245"> </a></td><td>TST</td><td>Tuberculin skin test (TST)</td></tr><tr><td style="white-space:nowrap">DE246<a name="IMMZ.D-DE246"> </a></td><td>TB infection test result</td><td>Records the result of the TB infection test</td></tr><tr><td style="white-space:nowrap">DE247<a name="IMMZ.D-DE247"> </a></td><td>Positive</td><td>Test result was positive</td></tr><tr><td style="white-space:nowrap">DE248<a name="IMMZ.D-DE248"> </a></td><td>Negative</td><td>Test result was negative</td></tr><tr><td style="white-space:nowrap">DE249<a name="IMMZ.D-DE249"> </a></td><td>Immunologically stable</td><td>The client is living with HIV and is immunologically stable with CD4 count or percentage above a minimum as defined in the HIV guidelines</td></tr><tr><td style="white-space:nowrap">DE250<a name="IMMZ.D-DE250"> </a></td><td>Clinically well</td><td>The client is living with HIV and is clinically well, as defined in HIV guidelines and WHO clinical staging</td></tr><tr><td style="white-space:nowrap">DE211<a name="IMMZ.D-DE211"> </a></td><td>Birth weight in grams</td><td>Represents the client's birth weight value measures in grams</td></tr><tr><td style="white-space:nowrap">DE212<a name="IMMZ.D-DE212"> </a></td><td>Type of poliovirus dose</td><td>The type of the poliovirus vaccine dose administered to the client</td></tr><tr><td style="white-space:nowrap">DE213<a name="IMMZ.D-DE213"> </a></td><td>IPV</td><td>Inactivated polio vaccine (IPV)</td></tr><tr><td style="white-space:nowrap">DE214<a name="IMMZ.D-DE214"> </a></td><td>bOPV</td><td>Bivalent oral polio vaccine (bOPV)</td></tr><tr><td style="white-space:nowrap">DE215<a name="IMMZ.D-DE215"> </a></td><td>ART start date</td><td>The date on which the client started or restarted ART</td></tr><tr><td style="white-space:nowrap">DE251<a name="IMMZ.D-DE251"> </a></td><td>High risk of pneumococcal infection</td><td>The client is at high risk for pneumococcal infection because of underlying medical conditions (i.e. HIV infection or sickle-cell disease)</td></tr><tr><td style="white-space:nowrap">DE216<a name="IMMZ.D-DE216"> </a></td><td>Type of JE dose</td><td>The type of Japanese encephalitis (JE) vaccine dose administered to the client</td></tr><tr><td style="white-space:nowrap">DE217<a name="IMMZ.D-DE217"> </a></td><td>Inactivated Vero cell-derived vaccine</td><td>Inactivated Vero cell-derived JE vaccine type</td></tr><tr><td style="white-space:nowrap">DE218<a name="IMMZ.D-DE218"> </a></td><td>Live attenuated vaccine</td><td>Live attenuated JE vaccine type</td></tr><tr><td style="white-space:nowrap">DE219<a name="IMMZ.D-DE219"> </a></td><td>Live recombinant vaccine</td><td>Live recombinant JE vaccine type</td></tr><tr><td style="white-space:nowrap">DE220<a name="IMMZ.D-DE220"> </a></td><td>Type of TBE dose</td><td>The type of tick-borne encephalitis (TBE) vaccine dose administered</td></tr><tr><td style="white-space:nowrap">DE221<a name="IMMZ.D-DE221"> </a></td><td>FSME-Immun</td><td>FSME-Immun vaccine product, which is an inactivated whole-virus vaccine for TBE</td></tr><tr><td style="white-space:nowrap">DE222<a name="IMMZ.D-DE222"> </a></td><td>Encepur</td><td>Encepur vaccine product, which is an inactivated viral vaccine for TBE</td></tr><tr><td style="white-space:nowrap">DE223<a name="IMMZ.D-DE223"> </a></td><td>TBE-Moscow</td><td>TBE-Moscow vaccine product, which is a vaccine for TBE</td></tr><tr><td style="white-space:nowrap">DE224<a name="IMMZ.D-DE224"> </a></td><td>EnceVir</td><td>EnceVir vaccine product, which is a vaccine for TBE</td></tr><tr><td style="white-space:nowrap">DE225<a name="IMMZ.D-DE225"> </a></td><td>Type of typhoid dose</td><td>The type of typhoid vaccine dose administered to the client</td></tr><tr><td style="white-space:nowrap">DE226<a name="IMMZ.D-DE226"> </a></td><td>Typbar-TCV</td><td>Typbar typhoid conjugate vaccine (Typbar-TCV)</td></tr><tr><td style="white-space:nowrap">DE227<a name="IMMZ.D-DE227"> </a></td><td>ViPS</td><td>Vi polysaccharide (ViPS) vaccine</td></tr><tr><td style="white-space:nowrap">DE228<a name="IMMZ.D-DE228"> </a></td><td>Ty21a</td><td>Ty21a vaccine</td></tr><tr><td style="white-space:nowrap">DE229<a name="IMMZ.D-DE229"> </a></td><td>Type of cholera dose</td><td>The type of cholera vaccine dose administered to the client</td></tr><tr><td style="white-space:nowrap">DE230<a name="IMMZ.D-DE230"> </a></td><td>WC vaccine</td><td>Killed whole-cell (WC) only cholera vaccine</td></tr><tr><td style="white-space:nowrap">DE231<a name="IMMZ.D-DE231"> </a></td><td>WC-rBS vaccine</td><td>Vaccine contains a mixture of the recombinant B subunit (rBS) of cholera toxin plus killed WC</td></tr><tr><td style="white-space:nowrap">DE232<a name="IMMZ.D-DE232"> </a></td><td>Type of meningococcal dose</td><td>The type of meningococcal vaccine dose administered to the client</td></tr><tr><td style="white-space:nowrap">DE233<a name="IMMZ.D-DE233"> </a></td><td>MenA conjugate vaccine (5µg)</td><td>Monovalent serogroup A (MenA) conjugate vaccine (5µg)</td></tr><tr><td style="white-space:nowrap">DE234<a name="IMMZ.D-DE234"> </a></td><td>Monovalent MenC conjugate</td><td>Monovalent MenC conjugate vaccine</td></tr><tr><td style="white-space:nowrap">DE235<a name="IMMZ.D-DE235"> </a></td><td>Quadrivalent conjugate</td><td>Quadrivalent conjugate (A,C,W135,Y-D and A,C,W135,Y-CRM) vaccines</td></tr><tr><td style="white-space:nowrap">DE252<a name="IMMZ.D-DE252"> </a></td><td>Polysaccharide vaccine</td><td>Polysaccharide vaccines not including polysaccharide-protein conjugate vaccines</td></tr><tr><td style="white-space:nowrap">DE236<a name="IMMZ.D-DE236"> </a></td><td>Age in months when client received first meningococcal dose</td><td>The age in months when client received their first meningococcal dose</td></tr><tr><td style="white-space:nowrap">DE237<a name="IMMZ.D-DE237"> </a></td><td>Type of hepatitis A dose</td><td>The type of hepatitis A-containing vaccine dose administered to the client</td></tr><tr><td style="white-space:nowrap">DE238<a name="IMMZ.D-DE238"> </a></td><td>Live attenuated hepatitis A vaccine</td><td>Live attenuated hepatitis A vaccine</td></tr><tr><td style="white-space:nowrap">DE239<a name="IMMZ.D-DE239"> </a></td><td>Inactivated hepatitis A vaccine</td><td>Inactivated hepatitis A vaccine</td></tr><tr><td style="white-space:nowrap">DE254<a name="IMMZ.D-DE254"> </a></td><td>Type of hepatitis B dose</td><td>The type of hepatitis B-containing vaccine dose administered to the client</td></tr><tr><td style="white-space:nowrap">DE255<a name="IMMZ.D-DE255"> </a></td><td>Hepatitis B monovalent vaccine</td><td>Hepatitis B monovalent vaccine</td></tr><tr><td style="white-space:nowrap">DE256<a name="IMMZ.D-DE256"> </a></td><td>Hepatitis B combination vaccine</td><td>Hepatitis B combination vaccine</td></tr><tr><td style="white-space:nowrap">DE240<a name="IMMZ.D-DE240"> </a></td><td>VNA level</td><td>Vaccine-induced neutralizing antibody (VNA) level, measured as a serum antibody concentration from the result of the concentrated, purified cell culture-derived and embryonated egg-based rabies vaccines (CCEEV)</td></tr><tr><td style="white-space:nowrap">DE253<a name="IMMZ.D-DE253"> </a></td><td>Risk of occupational exposure to rabies virus</td><td>Professional at risk of occupational exposure to rabies virus, particularly animal health workers. Also considered for medical professionals who regularly provide care to persons with rabies</td></tr><tr><td style="white-space:nowrap">DE241<a name="IMMZ.D-DE241"> </a></td><td>Dengue serostatus</td><td>Indicates the result of a serological test determining whether the client has antibodies against the dengue virus</td></tr><tr><td style="white-space:nowrap">DE264<a name="IMMZ.D-DE264"> </a></td><td>Positive</td><td>The client has detectable antibodies against the dengue virus, suggesting past exposure or vaccination</td></tr><tr><td style="white-space:nowrap">DE265<a name="IMMZ.D-DE265"> </a></td><td>Negative</td><td>The client does not have detectable antibodies, indicating no previous exposure or vaccination against the dengue virus</td></tr><tr><td style="white-space:nowrap">DE266<a name="IMMZ.D-DE266"> </a></td><td>Unknown</td><td>The client's dengue serostatus is unknown</td></tr></table></div></text><url value="http://smart.who.int/immunizations/CodeSystem/IMMZ.D"/><version value="0.2.0"/><name value="IMMZ_D"/><title value="IMMZ.D CodeSystem for Data Elements"/><status value="active"/><experimental value="false"/><date value="2025-07-23T20:56:07+00:00"/><publisher value="WHO"/><contact><name value="WHO"/><telecom><system value="url"/><value value="http://who.int"/></telecom></contact><description value="CodeSystem for IMMZ.D Data Elements"/><caseSensitive value="false"/><content value="complete"/><count value="194"/><concept><code value="DE19"/><display value="Vaccine type"/><definition value="Vaccine type/category that was administered or was to be administered. Any vaccine code available in the IMMZ.Z Vaccine library list of codes applies in this data element"/></concept><concept><code value="DE20"/><display value="Date and time of vaccination"/><definition value="Represents the visit/encounter date, which is the date and time when each vaccine was administered to the client"/></concept><concept><code value="DE201"/><display value="Contact date"/><definition value="The date and time of the client's contact"/></concept><concept><code value="DE202"/><display value="ANC contact number"/><definition value="The antenatal care (ANC) contact or visit number"/></concept><concept><code value="DE124"/><display value="Dose number"/><definition value="Vaccine dose number including dose number within series"/></concept><concept><code value="DE156"/><display value="Immunization recommendation status"/><definition value="The current status or recommendation for a specific immunization for an client"/></concept><concept><code value="DE157"/><display value="Not due"/><definition value="The client is not currently eligible or scheduled for the specified immunization"/></concept><concept><code value="DE158"/><display value="Due"/><definition value="The client is currently eligible and should receive the specified immunization based on the recommended schedule"/></concept><concept><code value="DE189"/><display value="Complete"/><definition value="The client has received the specified immunization(s) based on the recommended schedule"/></concept><concept><code value="DE159"/><display value="Contraindicated"/><definition value="The specified immunization is not recommended for the client due to contraindications"/></concept><concept><code value="DE160"/><display value="Further evaluation needed"/><definition value="Additional assessment is necessary before making a recommendation regarding the specified immunization"/></concept><concept><code value="DE161"/><display value="Potential contraindications"/><definition value="Specific situations or medical conditions for which it is advised or recommended to avoid or delay administering a particular vaccine"/></concept><concept><code value="DE162"/><display value="Currently pregnant"/><definition value="The client is currently pregnant"/></concept><concept><code value="DE163"/><display value="Immunocompromised"/><definition value="The client is known to be immunocompromised"/></concept><concept><code value="DE200"/><display value="Severely immunocompromised"/><definition value="The client is known to be severely immunocompromised"/></concept><concept><code value="DE164"/><display value="Exposed to immunosuppressive treatment"/><definition value="The client is undergoing immunosuppressive treatment or was exposed to immunosuppressive treatment in utero or via breastfeeding."/></concept><concept><code value="DE165"/><display value="Severely immunosuppressed"/><definition value="The client is known to be severely immunosuppressed"/></concept><concept><code value="DE187"/><display value="Immunodeficiency syndromes"/><definition value="The client has  immunodeficiency syndromes (e.g. HIV/AIDS, known or suspected congenital immunodeficiency, leukaemia, lymphoma or other malignant disease)"/></concept><concept><code value="DE166"/><display value="History of anaphylactic reactions"/><definition value="The client is known to have history of anaphylaxis in the past"/></concept><concept><code value="DE167"/><display value="Severe allergic reactions"/><definition value="The client is known to have severe allergic reaction"/></concept><concept><code value="DE168"/><display value="Symptomatic HIV infection"/><definition value="The client is experiencing HIV-related symptoms"/></concept><concept><code value="DE169"/><display value="Planning to get pregnant in the next month"/><definition value="The client's intention or desire is to become pregnant in the next month"/></concept><concept><code value="DE170"/><display value="Receiving blood products"/><definition value="The client is receiving blood or blood-related products as part of a medical treatment."/></concept><concept><code value="DE188"/><display value="Severe acute illness"/><definition value="The client has a severe acute illness"/></concept><concept><code value="DE190"/><display value="TB disease"/><definition value="The client has been diagnosed with tuberculosis (TB)"/></concept><concept><code value="DE191"/><display value="Breastfeeding"/><definition value="The client is currently breastfeeding"/></concept><concept><code value="DE192"/><display value="Spina bifida"/><definition value="The client has spina bifida"/></concept><concept><code value="DE193"/><display value="Bladder exstrophy"/><definition value="The client has exstrophy of urinary bladder"/></concept><concept><code value="DE194"/><display value="Acute gastroenteritis"/><definition value="The client has acute gastroenteritis"/></concept><concept><code value="DE195"/><display value="Moderate to severe fever"/><definition value="The client has moderate to severe fever"/></concept><concept><code value="DE196"/><display value="Prior history of intussusception"/><definition value="The client has prior history of intussusception"/></concept><concept><code value="DE197"/><display value="Altered immunocompetence"/><definition value="The client's immune system is not functioning at its typical capacity"/></concept><concept><code value="DE198"/><display value="Hypersensitivity to vaccine components"/><definition value="The client has heightened sensitivity or allergic reactions to specific components found in vaccines"/></concept><concept><code value="DE199"/><display value="Taking antibiotics"/><definition value="The client is currently taking antibiotics to treat certain infections"/></concept><concept><code value="DE86"/><display value="Client education and counselling on immunization"/><definition value="Providing information, guidance and support to client or caretakers (such as parents or legal guardians) regarding immunization practices"/></concept><concept><code value="DE87"/><display value="Counselling on functions of the immunological system"/><definition value="Explaining to the client or caregiver how the vaccines work by triggering the body to produce an immune response"/></concept><concept><code value="DE88"/><display value="Advising about functions of the immunological system"/><definition value="Explaining to the client or caregiver how the vaccines work by triggering the body to produce an immune response"/></concept><concept><code value="DE89"/><display value="Education to influence immunization behaviours"/><definition value="Public health interventions to improve general and accurate understanding and impacts of vaccines, and their role in preventing various diseases"/></concept><concept><code value="DE90"/><display value="Advising about immunization behaviours"/><definition value="Public health interventions to improve general and accurate understanding and impacts of vaccines, and their role in preventing various diseases"/></concept><concept><code value="DE91"/><display value="Awareness raising to influence immunization behaviours"/><definition value="Public health interventions to improve general and accurate understanding and impacts of vaccines, and their role in preventing various diseases"/></concept><concept><code value="DE1"/><display value="Immunization event status"/><definition value="The current status of the individual immunization event"/></concept><concept><code value="DE2"/><display value="Completed"/><definition value="The immunization event was successfully carried out as intended"/></concept><concept><code value="DE3"/><display value="Entered in error"/><definition value="Immunization event record has been mistakenly created or entered into the system. Recorded information is incorrect or should not have been documented, though it is possible that real-world decisions were based on it"/></concept><concept><code value="DE4"/><display value="Not done"/><definition value="Planned immunization event was not carried out for some reason"/></concept><concept><code value="DE5"/><display value="Reason vaccine was not administered"/><definition value="The reason this immunization event was not performed"/></concept><concept><code value="DE6"/><display value="Immunity"/><definition value="Testing has shown that the client already has immunity to the agent targeted by the immunization"/></concept><concept><code value="DE7"/><display value="Medical precaution"/><definition value="The client currently has a medical condition for which the vaccine is contraindicated or for which precaution is warranted"/></concept><concept><code value="DE8"/><display value="Product out of stock"/><definition value="There was no supply of the product on hand to perform the service"/></concept><concept><code value="DE9"/><display value="Client objection"/><definition value="The client or their guardian objects to receiving the vaccine"/></concept><concept><code value="DE10"/><display value="Caregiver refusal"/><definition value="The client's caregiver refused the vaccine"/></concept><concept><code value="DE11"/><display value="Unspecified reason"/><definition value="The immunization event was not carried out for an unspecified reason"/></concept><concept><code value="DE12"/><display value="Client allergy to vaccine or component"/><definition value="The immunization event was not carried out because of client allergy to vaccine or component"/></concept><concept><code value="DE13"/><display value="Immunocompromised"/><definition value="The immunization event was not carried out because the client is immunocompromised"/></concept><concept><code value="DE14"/><display value="Chronic illness or condition"/><definition value="The immunization event was not carried out due a chronic illness or condition of the client"/></concept><concept><code value="DE15"/><display value="Acute illness"/><definition value="The immunization event was not carried out due to an acute illness present in the client"/></concept><concept><code value="DE16"/><display value="Had the disease"/><definition value="The immunization event was not carried out due to the client having had the disease"/></concept><concept><code value="DE17"/><display value="Immunization not carried out for other reasons"/><definition value="The immunization event was not carried out for other reasons"/></concept><concept><code value="DE18"/><display value="Vaccine brand"/><definition value="The brand or trade name used to refer to the vaccine received"/></concept><concept><code value="DE173"/><display value="Live vaccine"/><definition value="Uses a living but weakened version of the virus or one that is very similar"/></concept><concept><code value="DE21"/><display value="Country of vaccination"/><definition value="The service delivery country where the vaccine administration occurred"/></concept><concept><code value="DE22"/><display value="Administrative area"/><definition value="The service delivery location (location name, city, municipality, town or village) where the vaccine administration occurred"/></concept><concept><code value="DE23"/><display value="Vaccine manufacturer"/><definition value="The manufacturer of the vaccine product"/></concept><concept><code value="DE24"/><display value="Vaccine batch number"/><definition value="Batch number or lot number of vaccine"/></concept><concept><code value="DE25"/><display value="Vaccine market authorization holder"/><definition value="Name of the market authorization holder of the vaccine received. If market authorization holder is unknown, vaccine manufacturer is REQUIRED"/></concept><concept><code value="DE26"/><display value="Expiration date"/><definition value="The expiration date of the vaccine"/></concept><concept><code value="DE34"/><display value="Dose quantity"/><definition value="The quantity of vaccine product that was administered"/></concept><concept><code value="DE35"/><display value="Health worker identifier"/><definition value="The person, organization or role of the entity that performed the act of giving the vaccine to the client. The implementing system can choose to populate this field using data from a health worker registry or health-care facility registry"/></concept><concept><code value="DE125"/><display value="Total doses in series"/><definition value="The recommended number of doses for immunity according to the national immunization schedule (which may be based on product, age, etc.)"/></concept><concept><code value="DE126"/><display value="Disease targeted"/><definition value="Vaccine-preventable disease being targeted"/></concept><concept><code value="DE127"/><display value="Typhoid"/><definition value="The vaccine-preventable disease being targeted is typhoid"/></concept><concept><code value="DE128"/><display value="Influenza"/><definition value="The vaccine-preventable disease being targeted is  influenza"/></concept><concept><code value="DE129"/><display value="Measles"/><definition value="The vaccine-preventable disease being targeted is measles"/></concept><concept><code value="DE133"/><display value="Pertussis"/><definition value="The vaccine-preventable disease being targeted is pertussis"/></concept><concept><code value="DE135"/><display value="Mumps"/><definition value="The vaccine-preventable disease being targeted is mumps"/></concept><concept><code value="DE136"/><display value="Varicella"/><definition value="The vaccine-preventable disease being targeted is varicella"/></concept><concept><code value="DE137"/><display value="Viral hepatitis A"/><definition value="The vaccine-preventable disease being targeted is viral hepatitis A"/></concept><concept><code value="DE139"/><display value="Tuberculosis"/><definition value="The vaccine-preventable disease being targeted is TB"/></concept><concept><code value="DE140"/><display value="Viral hepatitis B"/><definition value="The vaccine-preventable disease being targeted is viral hepatitis B"/></concept><concept><code value="DE141"/><display value="Haemophilus influenzae type b"/><definition value="The vaccine-preventable disease being targeted is Haemophilus influenzae type b (Hib)"/></concept><concept><code value="DE142"/><display value="Tetanus"/><definition value="The vaccine-preventable disease being targeted is tetanus"/></concept><concept><code value="DE143"/><display value="Rotavirus"/><definition value="The vaccine-preventable disease being targeted is rotavirus"/></concept><concept><code value="DE144"/><display value="Human papillomavirus"/><definition value="The vaccine-preventable disease being targeted is human papillomavirus (HPV) infection"/></concept><concept><code value="DE175"/><display value="Japanese encephalitis"/><definition value="The vaccine-preventable disease being targeted is Japanese encephalitis (JE)"/></concept><concept><code value="DE146"/><display value="Poliomyelitis"/><definition value="The vaccine-preventable disease being targeted is poliomyelitis (polio)"/></concept><concept><code value="DE176"/><display value="Diphtheria"/><definition value="The vaccine-preventable disease being targeted is diphtheria"/></concept><concept><code value="DE177"/><display value="Pneumococcal disease"/><definition value="The vaccine-preventable disease being targeted is pneumococcal"/></concept><concept><code value="DE178"/><display value="Rubella"/><definition value="The vaccine-preventable disease being targeted is rubella"/></concept><concept><code value="DE179"/><display value="Dengue"/><definition value="The vaccine-preventable disease being targeted is dengue"/></concept><concept><code value="DE180"/><display value="Rabies"/><definition value="The vaccine-preventable disease being targeted is rabies"/></concept><concept><code value="DE181"/><display value="Meningococcal"/><definition value="The vaccine-preventable disease being targeted is meningococcal"/></concept><concept><code value="DE182"/><display value="Cholera"/><definition value="The vaccine-preventable disease being targeted is cholera"/></concept><concept><code value="DE183"/><display value="Tick-borne encephalitis"/><definition value="The vaccine-preventable disease being targeted is tick-borne encephalitis (TBE)"/></concept><concept><code value="DE184"/><display value="Yellow fever"/><definition value="The vaccine-preventable disease being targeted is yellow fever"/></concept><concept><code value="DE148"/><display value="COVID-19"/><definition value="The vaccine-preventable disease being targeted is coronovirus disease (COVID-19)"/></concept><concept><code value="DE149"/><display value="Due date of next dose"/><definition value="Date on which the next vaccination should be administered, if a next dose is required"/></concept><concept><code value="DE92"/><display value="Reaction reported"/><definition value="Indicates observation of an adverse event/reaction"/></concept><concept><code value="DE93"/><display value="Reaction date"/><definition value="When adverse event/reaction started"/></concept><concept><code value="DE95"/><display value="Reaction manifestation"/><definition value="The manifestation of the reaction (e.g. infected abscess, swelling, rash, hives, diarrhoea, etc.) observed after administering the vaccine"/></concept><concept><code value="DE96"/><display value="Severe local reaction"/><definition value="The client's reaction manifested in severe local reaction"/></concept><concept><code value="DE98"/><display value="Seizures"/><definition value="The client's reaction manifested in seizures"/></concept><concept><code value="DE99"/><display value="Abscess"/><definition value="The client's reaction manifested in an abscess"/></concept><concept><code value="DE100"/><display value="Sepsis"/><definition value="The client's reaction manifested in sepsis"/></concept><concept><code value="DE101"/><display value="Encephalopathy"/><definition value="The client's reaction manifested in encephalopathy"/></concept><concept><code value="DE102"/><display value="Toxic shock syndrome"/><definition value="The client's reaction manifested in toxic shock syndrome"/></concept><concept><code value="DE103"/><display value="Anaphylaxis"/><definition value="The client's reaction manifested in anaphylaxis"/></concept><concept><code value="DE104"/><display value="Fever"/><definition value="The client's reaction manifested as a fever"/></concept><concept><code value="DE105"/><display value="Other"/><definition value="The client's reaction manifested in another way"/></concept><concept><code value="DE107"/><display value="Type of reaction"/><definition value="If the event resulted in a reaction, what is the type of reaction"/></concept><concept><code value="DE174"/><display value="Non serious"/><definition value="The reaction resulted in a mild or minor response and did not pose a significant threat to client's health"/></concept><concept><code value="DE108"/><display value="Death"/><definition value="The reaction resulted in the client's death"/></concept><concept><code value="DE109"/><display value="Life threatening"/><definition value="The reaction threatened the client's life"/></concept><concept><code value="DE110"/><display value="Disability"/><definition value="The reaction resulted in a disability"/></concept><concept><code value="DE111"/><display value="Hospitalization"/><definition value="The reaction resulted in a hospitalization"/></concept><concept><code value="DE112"/><display value="Congenital anomaly"/><definition value="The reaction was a congenital anomaly or birth defect"/></concept><concept><code value="DE113"/><display value="Other important medical event (specify)"/><definition value="There was another important reaction or medical event"/></concept><concept><code value="DE115"/><display value="Reaction outcome"/><definition value="The outcome of the reaction (e.g. death, recovered, recovering)"/></concept><concept><code value="DE116"/><display value="Died"/><definition value="The adverse event resulted in the client's death"/></concept><concept><code value="DE117"/><display value="Recovered"/><definition value="The client fully recovered"/></concept><concept><code value="DE118"/><display value="Recovered with sequelae"/><definition value="The client has recovered with sequelae as a consequence of the reaction/vaccination"/></concept><concept><code value="DE119"/><display value="Recovering"/><definition value="The client is recovering"/></concept><concept><code value="DE120"/><display value="Not recovered"/><definition value="The client has not recovered"/></concept><concept><code value="DE121"/><display value="Unknown"/><definition value="The client's reaction outcome is unknown"/></concept><concept><code value="DE185"/><display value="Date/time of follow-up appointment"/><definition value="Date the client is to return for next vaccination"/></concept><concept><code value="DE186"/><display value="Recommended follow-up date"/><definition value="Date when follow-up is recommended based on vaccination schedule"/></concept><concept><code value="DE150"/><display value="Digital certificate needed"/><definition value="Indicates if a digital certificate is required"/></concept><concept><code value="DE151"/><display value="Certificate issuer"/><definition value="The authority or authorized organization that issued the vaccination certificate"/></concept><concept><code value="DE152"/><display value="Health Certificate Identifier (HCID)"/><definition value="Unique identifier used to associate the immunization event represented in a paper vaccination card to its digital representation(s)"/></concept><concept><code value="DE153"/><display value="Certificate valid from"/><definition value="Date in which the certificate for an immunization event became valid.  No health or clinical inferences should be made from this date"/></concept><concept><code value="DE154"/><display value="Certificate valid until"/><definition value="Last date in which the certificate for an immunization event is valid. No health or clinical inferences should be made from this date"/></concept><concept><code value="DE155"/><display value="Certificate schema version"/><definition value="Version of the core data set and HL7 Fast Health Interoperability Resources (FHIR) implementation guide that the certificate is using"/></concept><concept><code value="DE263"/><display value="Birth dose"/><definition value="Indicates if the client received a dose within 24 hours of birth. Whether a birth dose is counted as part of the primary series will depend on the antigen"/></concept><concept><code value="DE258"/><display value="Type of dose"/><definition value="The type of dose in a series that the client received"/></concept><concept><code value="DE259"/><display value="Primary series"/><definition value="Indicates that the client received the primary vaccination series of a product/antigen. This is also applicable for antigens with one dose"/></concept><concept><code value="DE260"/><display value="Dose 0"/><definition value="Indicates that the client received a dose of a product/ antigen that is not a part of the primary vaccination series and is administered before the primary vaccination series is provided"/></concept><concept><code value="DE261"/><display value="Supplementary dose"/><definition value="Indicates that the client received a supplementary dose of a product/antigen"/></concept><concept><code value="DE262"/><display value="Booster dose"/><definition value="Indicates that the client received booster dose of a product/antigen"/></concept><concept><code value="DE203"/><display value="Completed the primary vaccination series"/><definition value="Indicates if the client has completed the primary vaccination series of a product/antigen. If the client has not yet completed their primary series, it means they may be expected to receive more doses to complete their vaccination regimen for the respective product/antigen"/></concept><concept><code value="DE257"/><display value="Completed the booster series"/><definition value="Indicates if the client has completed the booster series of a product/antigen"/></concept><concept><code value="DE242"/><display value="Date when primary vaccination series was completed"/><definition value="The date when the client completed the primary vaccination series (per product/antigen)"/></concept><concept><code value="DE204"/><display value="HIV status"/><definition value="The current HIV status of the client"/></concept><concept><code value="DE205"/><display value="HIV-positive"/><definition value="The client is known to be HIV-positive"/></concept><concept><code value="DE206"/><display value="HIV-negative"/><definition value="The client is known to be HIV-negative"/></concept><concept><code value="DE207"/><display value="Unknown"/><definition value="The client's HIV status is unknown"/></concept><concept><code value="DE208"/><display value="Preterm birth"/><definition value="The infant was preterm; the mother gave birth to the infant when gestational age was less than 37 weeks"/></concept><concept><code value="DE209"/><display value="Immunocompromised"/><definition value="The client is known to be immunocompromised. This means the client has a weakened immune system and having a reduced ability to fight infections and other diseases"/></concept><concept><code value="DE210"/><display value="Currently on ART"/><definition value="The client is currently receiving antiretroviral therapy (ART)"/></concept><concept><code value="DE243"/><display value="Type of TB infection test performed"/><definition value="The type of tuberculosis (TB) infection test performed"/></concept><concept><code value="DE244"/><display value="IGRA"/><definition value="Interferon-gamma release assay (IGRA)"/></concept><concept><code value="DE245"/><display value="TST"/><definition value="Tuberculin skin test (TST)"/></concept><concept><code value="DE246"/><display value="TB infection test result"/><definition value="Records the result of the TB infection test"/></concept><concept><code value="DE247"/><display value="Positive"/><definition value="Test result was positive"/></concept><concept><code value="DE248"/><display value="Negative"/><definition value="Test result was negative"/></concept><concept><code value="DE249"/><display value="Immunologically stable"/><definition value="The client is living with HIV and is immunologically stable with CD4 count or percentage above a minimum as defined in the HIV guidelines"/></concept><concept><code value="DE250"/><display value="Clinically well"/><definition value="The client is living with HIV and is clinically well, as defined in HIV guidelines and WHO clinical staging"/></concept><concept><code value="DE211"/><display value="Birth weight in grams"/><definition value="Represents the client's birth weight value measures in grams"/></concept><concept><code value="DE212"/><display value="Type of poliovirus dose"/><definition value="The type of the poliovirus vaccine dose administered to the client"/></concept><concept><code value="DE213"/><display value="IPV"/><definition value="Inactivated polio vaccine (IPV)"/></concept><concept><code value="DE214"/><display value="bOPV"/><definition value="Bivalent oral polio vaccine (bOPV)"/></concept><concept><code value="DE215"/><display value="ART start date"/><definition value="The date on which the client started or restarted ART"/></concept><concept><code value="DE251"/><display value="High risk of pneumococcal infection"/><definition value="The client is at high risk for pneumococcal infection because of underlying medical conditions (i.e. HIV infection or sickle-cell disease)"/></concept><concept><code value="DE216"/><display value="Type of JE dose"/><definition value="The type of Japanese encephalitis (JE) vaccine dose administered to the client"/></concept><concept><code value="DE217"/><display value="Inactivated Vero cell-derived vaccine"/><definition value="Inactivated Vero cell-derived JE vaccine type"/></concept><concept><code value="DE218"/><display value="Live attenuated vaccine"/><definition value="Live attenuated JE vaccine type"/></concept><concept><code value="DE219"/><display value="Live recombinant vaccine"/><definition value="Live recombinant JE vaccine type"/></concept><concept><code value="DE220"/><display value="Type of TBE dose"/><definition value="The type of tick-borne encephalitis (TBE) vaccine dose administered"/></concept><concept><code value="DE221"/><display value="FSME-Immun"/><definition value="FSME-Immun vaccine product, which is an inactivated whole-virus vaccine for TBE"/></concept><concept><code value="DE222"/><display value="Encepur"/><definition value="Encepur vaccine product, which is an inactivated viral vaccine for TBE"/></concept><concept><code value="DE223"/><display value="TBE-Moscow"/><definition value="TBE-Moscow vaccine product, which is a vaccine for TBE"/></concept><concept><code value="DE224"/><display value="EnceVir"/><definition value="EnceVir vaccine product, which is a vaccine for TBE"/></concept><concept><code value="DE225"/><display value="Type of typhoid dose"/><definition value="The type of typhoid vaccine dose administered to the client"/></concept><concept><code value="DE226"/><display value="Typbar-TCV"/><definition value="Typbar typhoid conjugate vaccine (Typbar-TCV)"/></concept><concept><code value="DE227"/><display value="ViPS"/><definition value="Vi polysaccharide (ViPS) vaccine"/></concept><concept><code value="DE228"/><display value="Ty21a"/><definition value="Ty21a vaccine"/></concept><concept><code value="DE229"/><display value="Type of cholera dose"/><definition value="The type of cholera vaccine dose administered to the client"/></concept><concept><code value="DE230"/><display value="WC vaccine"/><definition value="Killed whole-cell (WC) only cholera vaccine"/></concept><concept><code value="DE231"/><display value="WC-rBS vaccine"/><definition value="Vaccine contains a mixture of the recombinant B subunit (rBS) of cholera toxin plus killed WC"/></concept><concept><code value="DE232"/><display value="Type of meningococcal dose"/><definition value="The type of meningococcal vaccine dose administered to the client"/></concept><concept><code value="DE233"/><display value="MenA conjugate vaccine (5µg)"/><definition value="Monovalent serogroup A (MenA) conjugate vaccine (5µg)"/></concept><concept><code value="DE234"/><display value="Monovalent MenC conjugate"/><definition value="Monovalent MenC conjugate vaccine"/></concept><concept><code value="DE235"/><display value="Quadrivalent conjugate"/><definition value="Quadrivalent conjugate (A,C,W135,Y-D and A,C,W135,Y-CRM) vaccines"/></concept><concept><code value="DE252"/><display value="Polysaccharide vaccine"/><definition value="Polysaccharide vaccines not including polysaccharide-protein conjugate vaccines"/></concept><concept><code value="DE236"/><display value="Age in months when client received first meningococcal dose"/><definition value="The age in months when client received their first meningococcal dose"/></concept><concept><code value="DE237"/><display value="Type of hepatitis A dose"/><definition value="The type of hepatitis A-containing vaccine dose administered to the client"/></concept><concept><code value="DE238"/><display value="Live attenuated hepatitis A vaccine"/><definition value="Live attenuated hepatitis A vaccine"/></concept><concept><code value="DE239"/><display value="Inactivated hepatitis A vaccine"/><definition value="Inactivated hepatitis A vaccine"/></concept><concept><code value="DE254"/><display value="Type of hepatitis B dose"/><definition value="The type of hepatitis B-containing vaccine dose administered to the client"/></concept><concept><code value="DE255"/><display value="Hepatitis B monovalent vaccine"/><definition value="Hepatitis B monovalent vaccine"/></concept><concept><code value="DE256"/><display value="Hepatitis B combination vaccine"/><definition value="Hepatitis B combination vaccine"/></concept><concept><code value="DE240"/><display value="VNA level"/><definition value="Vaccine-induced neutralizing antibody (VNA) level, measured as a serum antibody concentration from the result of the concentrated, purified cell culture-derived and embryonated egg-based rabies vaccines (CCEEV)"/></concept><concept><code value="DE253"/><display value="Risk of occupational exposure to rabies virus"/><definition value="Professional at risk of occupational exposure to rabies virus, particularly animal health workers. Also considered for medical professionals who regularly provide care to persons with rabies"/></concept><concept><code value="DE241"/><display value="Dengue serostatus"/><definition value="Indicates the result of a serological test determining whether the client has antibodies against the dengue virus"/></concept><concept><code value="DE264"/><display value="Positive"/><definition value="The client has detectable antibodies against the dengue virus, suggesting past exposure or vaccination"/></concept><concept><code value="DE265"/><display value="Negative"/><definition value="The client does not have detectable antibodies, indicating no previous exposure or vaccination against the dengue virus"/></concept><concept><code value="DE266"/><display value="Unknown"/><definition value="The client's dengue serostatus is unknown"/></concept></CodeSystem>