<?xml version="1.0" encoding="UTF-8"?><PlanDefinition xmlns="http://hl7.org/fhir"><id value="IMMZD2DTMeningococcalMenC"/><meta><profile value="http://hl7.org/fhir/uv/cpg/StructureDefinition/cpg-recommendationdefinition"/><profile value="http://hl7.org/fhir/uv/crmi/StructureDefinition/crmi-shareableplandefinition"/><profile value="http://hl7.org/fhir/uv/crmi/StructureDefinition/crmi-publishableplandefinition"/></meta><extension url="http://hl7.org/fhir/uv/cpg/StructureDefinition/cpg-knowledgeCapability"><valueCode value="computable"/></extension><url value="http://smart.who.int/immunizations/PlanDefinition/IMMZD2DTMeningococcalMenC"/><version value="0.2.0"/><name value="IMMZD2DTMeningococcalMenC"/><title value="IMMZ.D2.DT.Meningococcal.Monovalent MenC conjugate vaccine "/><type><coding><system value="http://terminology.hl7.org/CodeSystem/plan-definition-type"/><code value="eca-rule"/></coding></type><status value="draft"/><experimental value="false"/><date value="2025-07-23T20:56:07+00:00"/><publisher value="WHO"/><contact><name value="WHO"/><telecom><system value="url"/><value value="http://who.int"/></telecom></contact><description value="IMMZ.D2.DT.Meningococcal.Monovalent MenC conjugate vaccine &#xA;Monovalent MenC conjugate vaccine schedule"/><relatedArtifact><type value="citation"/><citation value="WHO recommendations for routine immunization - summary tables (January 2025)"/></relatedArtifact><library value="http://smart.who.int/immunizations/Library/IMMZD2DTMeningococcalMenCLogic"/><action><extension url="http://hl7.org/fhir/uv/cpg/StructureDefinition/cpg-rationale"><valueMarkdown value="Children aged 2–11 months require 2 doses administered. &#xA;For monovalent MenC conjugate vaccine, one single intramuscular dose is recommended for children aged ≥ 12 months, &#xA;teenagers and adults. Children aged 2–11 months require 2 doses administered. &#xA;Children aged 2–11 months require 2 doses administered at an interval of at least 2 months.&#xA;For monovalent MenC conjugate vaccine, one single intramuscular dose is recommended for children aged ≥ 12 months, teenagers and adults.&#xA;It is not yet known whether booster doses will be needed for long-term protection in healthy individuals who received primary vaccination when aged ≥ 12 months. "/></extension><title value="Determine if the client is due for Meningococcal."/><description value="Determine if the client is due for Meningococcal vaccine according to the national immunization protocol.&#xA;Monovalent MenC conjugate vaccine schedule"/><condition><kind value="applicability"/><expression><description value="Client is due for meningococcal vaccination"/><language value="text/cql-identifier"/><expression value="Client is due for meningococcal vaccination"/></expression></condition><definitionCanonical value="http://smart.who.int/immunizations/ActivityDefinition/IMMZD2DTMeningococcalMR"/><dynamicValue><path value="status"/><expression><language value="text/cql-expression"/><expression value="'draft'"/></expression></dynamicValue><dynamicValue><path value="intent"/><expression><language value="text/cql-expression"/><expression value="'proposal'"/></expression></dynamicValue></action><action><extension url="http://hl7.org/fhir/uv/cpg/StructureDefinition/cpg-rationale"><valueMarkdown value="Children aged 2–11 months require 2 doses administered at an interval of at least 2 months and a booster about 1 year after."/></extension><title value="Determine if the client is due for Meningococcal."/><description value="Determine if the client is due for Meningococcal vaccine according to the national immunization protocol.&#xA;Monovalent MenC conjugate vaccine schedule"/><condition><kind value="applicability"/><expression><description value="The primary series is complete. Client is due for meningococcal booster dose"/><language value="text/cql-identifier"/><expression value="The primary series is complete. Client is due for meningococcal booster dose"/></expression></condition><definitionCanonical value="http://smart.who.int/immunizations/ActivityDefinition/IMMZD2DTMeningococcalMR"/><dynamicValue><path value="status"/><expression><language value="text/cql-expression"/><expression value="'draft'"/></expression></dynamicValue><dynamicValue><path value="intent"/><expression><language value="text/cql-expression"/><expression value="'proposal'"/></expression></dynamicValue></action><action><title value="Check for Guidance for the patient regarding IMMZ.D2.DT.Meningococcal.Monovalent MenC conjugate vaccine ."/><description value="Show Guidance for the patient regarding IMMZ.D2.DT.Meningococcal.Monovalent MenC conjugate vaccine ."/><condition><kind value="applicability"/><expression><description value="Has Guidance"/><language value="text/cql-identifier"/><expression value="Has Guidance"/></expression></condition><definitionCanonical value="http://smart.who.int/immunizations/ActivityDefinition/IMMZD2DTCR"/><dynamicValue><path value="status"/><expression><language value="text/cql-expression"/><expression value="'active'"/></expression></dynamicValue><dynamicValue><path value="payload.contentString"/><expression><language value="text/cql-identifier"/><expression value="Guidance"/></expression></dynamicValue><dynamicValue><path value="category.coding"/><expression><description value="Category of communication"/><language value="text/cql-expression"/><expression value="Code { system: 'http://terminology.hl7.org/CodeSystem/communication-category', code: 'alert' }"/></expression></dynamicValue><dynamicValue><path value="priority"/><expression><description value="Alert priority"/><language value="text/cql-expression"/><expression value="Code { system: 'http://hl7.org/fhir/request-priority', code: 'routine' }"/></expression></dynamicValue></action></PlanDefinition>