<?xml version="1.0" encoding="UTF-8"?><PlanDefinition xmlns="http://hl7.org/fhir"><id value="IMMZD18SHib2p1b"/><meta><profile value="http://hl7.org/fhir/uv/cpg/StructureDefinition/cpg-recommendationdefinition"/><profile value="http://hl7.org/fhir/uv/crmi/StructureDefinition/crmi-shareableplandefinition"/><profile value="http://hl7.org/fhir/uv/crmi/StructureDefinition/crmi-publishableplandefinition"/></meta><extension url="http://hl7.org/fhir/uv/cpg/StructureDefinition/cpg-knowledgeCapability"><valueCode value="computable"/></extension><url value="http://smart.who.int/immunizations/PlanDefinition/IMMZD18SHib2p1b"/><version value="0.2.0"/><name value="IMMZD18SHib2p1b"/><title value="IMMZ.D18.S.Hib.2 doses with booster dose schedule"/><type><coding><system value="http://terminology.hl7.org/CodeSystem/plan-definition-type"/><code value="eca-rule"/></coding></type><status value="draft"/><experimental value="false"/><date value="2025-07-23T20:56:07+00:00"/><publisher value="WHO"/><contact><name value="WHO"/><telecom><system value="url"/><value value="http://who.int"/></telecom></contact><description value="IMMZ.D18.S.Hib.2 doses with booster dose schedule&#xA;2 primary doses with a booster dose (2p+1) schedule"/><relatedArtifact><type value="citation"/><citation value="WHO recommendations for routine immunization - summary tables (January 2025)"/></relatedArtifact><library value="http://smart.who.int/immunizations/Library/IMMZD18SHib2p1bLogic"/><action><title value="Haemophilus influenzae type b (Hib) dose 1"/><description value="Provision of the Hib dose 1&#xA;Trigger event: Child's birth&#xA;Trigger date: &quot;Date of birth&quot;&#xA;Create condition: Hib dose 1 should be provided if the client is older than 6 weeks"/><condition><kind value="applicability"/><expression><description value="Haemophilus influenzae type b (Hib) dose 1"/><language value="text/cql-identifier"/><expression value="Haemophilus influenzae type b (Hib) dose 1"/></expression></condition><definitionCanonical value="http://smart.who.int/immunizations/ActivityDefinition/IMMZD2DTCR"/><dynamicValue><path value="status"/><expression><language value="text/cql-expression"/><expression value="'active'"/></expression></dynamicValue><dynamicValue><path value="payload.contentString"/><expression><language value="text/cql-identifier"/><expression value="Haemophilus influenzae type b (Hib) dose 1 Create"/></expression></dynamicValue><dynamicValue><path value="category.coding"/><expression><description value="Category of communication"/><language value="text/cql-expression"/><expression value="Code { system: 'http://terminology.hl7.org/CodeSystem/communication-category', code: 'alert' }"/></expression></dynamicValue><dynamicValue><path value="priority"/><expression><description value="Alert priority"/><language value="text/cql-expression"/><expression value="Code { system: 'http://hl7.org/fhir/request-priority', code: 'routine' }"/></expression></dynamicValue></action><action><title value="Hib dose 2"/><description value="Provision of the Hib dose 2&#xA;Trigger event: First Hib dose from the primary series was administered to the client within 1 year of age. Client's age is less than 5 years&#xA;Count of vaccines administered (where &quot;Vaccine type&quot; = &quot;Hib-containing vaccines&quot; and &quot;Type of dose&quot; = &quot;Primary series&quot;) = 1 AND &quot;Date and time of vaccination&quot; (where &quot;Vaccine type&quot;= &quot;Hib-containing vaccines&quot; and &quot;Dose number&quot; = 1) − &quot;Date of birth&quot; &lt; 1 year AND Today's date − &quot;Date of birth&quot; ≤ 5 years&#xA;Trigger date: &quot;Date and time of vaccination&quot; (where &quot;Vaccine type&quot; = &quot;Hib-containing vaccines&quot;)&#xA;Create condition: Hib dose 2 should be provided if the client was given the previous dose more than 8 weeks ago"/><condition><kind value="applicability"/><expression><description value="Hib dose 2"/><language value="text/cql-identifier"/><expression value="Hib dose 2"/></expression></condition><definitionCanonical value="http://smart.who.int/immunizations/ActivityDefinition/IMMZD2DTCR"/><dynamicValue><path value="status"/><expression><language value="text/cql-expression"/><expression value="'active'"/></expression></dynamicValue><dynamicValue><path value="payload.contentString"/><expression><language value="text/cql-identifier"/><expression value="Hib dose 2 Create"/></expression></dynamicValue><dynamicValue><path value="category.coding"/><expression><description value="Category of communication"/><language value="text/cql-expression"/><expression value="Code { system: 'http://terminology.hl7.org/CodeSystem/communication-category', code: 'alert' }"/></expression></dynamicValue><dynamicValue><path value="priority"/><expression><description value="Alert priority"/><language value="text/cql-expression"/><expression value="Code { system: 'http://hl7.org/fhir/request-priority', code: 'routine' }"/></expression></dynamicValue></action><action><title value="Hib booster dose"/><description value="Provision of the Hib booster dose&#xA;Trigger event: Second Hib dose from the primary series was administered. Client's age is less than 5 years&#xA;Count of vaccines administered (where &quot;Vaccine type&quot; = &quot;Hib-containing vaccines&quot; and &quot;Type of dose&quot;= &quot;Primary series&quot;) = 2 AND Today's date − &quot;Date of birth&quot; ≤ 5 years&#xA;Trigger date: Latest &quot;Date and time of vaccination&quot; (where &quot;Vaccine type&quot; = &quot;Hib-containing vaccines&quot;)&#xA;Create condition: Hib booster dose should be provided if the client was given the previous dose more than 6 months ago"/><condition><kind value="applicability"/><expression><description value="Hib booster dose"/><language value="text/cql-identifier"/><expression value="Hib booster dose"/></expression></condition><definitionCanonical value="http://smart.who.int/immunizations/ActivityDefinition/IMMZD2DTCR"/><dynamicValue><path value="status"/><expression><language value="text/cql-expression"/><expression value="'active'"/></expression></dynamicValue><dynamicValue><path value="payload.contentString"/><expression><language value="text/cql-identifier"/><expression value="Hib booster dose Create"/></expression></dynamicValue><dynamicValue><path value="category.coding"/><expression><description value="Category of communication"/><language value="text/cql-expression"/><expression value="Code { system: 'http://terminology.hl7.org/CodeSystem/communication-category', code: 'alert' }"/></expression></dynamicValue><dynamicValue><path value="priority"/><expression><description value="Alert priority"/><language value="text/cql-expression"/><expression value="Code { system: 'http://hl7.org/fhir/request-priority', code: 'routine' }"/></expression></dynamicValue></action></PlanDefinition>