<?xml version="1.0" encoding="UTF-8"?><PlanDefinition xmlns="http://hl7.org/fhir"><id value="IMMZD18SMeaslesOngoingTx"/><meta><profile value="http://hl7.org/fhir/uv/cpg/StructureDefinition/cpg-recommendationdefinition"/><profile value="http://hl7.org/fhir/uv/crmi/StructureDefinition/crmi-shareableplandefinition"/><profile value="http://hl7.org/fhir/uv/crmi/StructureDefinition/crmi-publishableplandefinition"/></meta><extension url="http://hl7.org/fhir/uv/cpg/StructureDefinition/cpg-knowledgeCapability"><valueCode value="computable"/></extension><url value="http://smart.who.int/immunizations/PlanDefinition/IMMZD18SMeaslesOngoingTx"/><version value="0.2.0"/><name value="IMMZD18SMeaslesOngoingTx"/><title value="IMMZD18SMeaslesOngoingTx"/><type><coding><system value="http://terminology.hl7.org/CodeSystem/plan-definition-type"/><code value="eca-rule"/></coding></type><status value="draft"/><experimental value="false"/><date value="2025-07-23T20:56:07+00:00"/><publisher value="WHO"/><contact><name value="WHO"/><telecom><system value="url"/><value value="http://who.int"/></telecom></contact><description value="IMMZ.D18.S.Measles.Ongoing transmission schedule&#xA;Countries with ongoing transmission in which the risk of measles mortality remains high (countries that provide first dose of measles-containing vaccine (MCV) at 9 months and second dose of MCV at 15 months)"/><relatedArtifact><type value="citation"/><citation value="WHO recommendations for routine immunization - summary tables (January 2025)"/></relatedArtifact><library value="http://smart.who.int/immunizations/Library/IMMZD18SMeaslesOngoingTxLogic"/><action><title value="MCV dose 1 (MCV1)"/><description value="Provision of MCV1 from the primary series&#xA;Trigger event: Child's birth&#xA;Trigger date: &quot;Date of birth&quot;&#xA;Create condition: The client is due for MCV1 if the client is at least 9 months of age."/><condition><kind value="applicability"/><expression><description value="MCV dose 1 (MCV1)"/><language value="text/cql-identifier"/><expression value="MCV dose 1 (MCV1)"/></expression></condition><definitionCanonical value="http://smart.who.int/immunizations/ActivityDefinition/IMMZD2DTCR"/><dynamicValue><path value="status"/><expression><language value="text/cql-expression"/><expression value="'active'"/></expression></dynamicValue><dynamicValue><path value="payload.contentString"/><expression><language value="text/cql-identifier"/><expression value="MCV dose 1 (MCV1) Create"/></expression></dynamicValue><dynamicValue><path value="category.coding"/><expression><description value="Category of communication"/><language value="text/cql-expression"/><expression value="Code { system: 'http://terminology.hl7.org/CodeSystem/communication-category', code: 'alert' }"/></expression></dynamicValue><dynamicValue><path value="priority"/><expression><description value="Alert priority"/><language value="text/cql-expression"/><expression value="Code { system: 'http://hl7.org/fhir/request-priority', code: 'routine' }"/></expression></dynamicValue></action><action><title value="MCV2"/><description value="Provision of the MCV2 from the primary series&#xA;Trigger event: MCV1 was administered&#xA;Count of vaccines administered (where &quot;Vaccine type&quot; = &quot;Measles-containing vaccines&quot; and &quot;Type of dose&quot; = &quot;Primary series&quot;) = 1&#xA;Trigger date: &quot;Date of birth&quot;&#xA;Create condition: The client is due for MCV2 if the client is at least 15 months of age."/><condition><kind value="applicability"/><expression><description value="MCV2"/><language value="text/cql-identifier"/><expression value="MCV2"/></expression></condition><definitionCanonical value="http://smart.who.int/immunizations/ActivityDefinition/IMMZD2DTCR"/><dynamicValue><path value="status"/><expression><language value="text/cql-expression"/><expression value="'active'"/></expression></dynamicValue><dynamicValue><path value="payload.contentString"/><expression><language value="text/cql-identifier"/><expression value="MCV2 Create"/></expression></dynamicValue><dynamicValue><path value="category.coding"/><expression><description value="Category of communication"/><language value="text/cql-expression"/><expression value="Code { system: 'http://terminology.hl7.org/CodeSystem/communication-category', code: 'alert' }"/></expression></dynamicValue><dynamicValue><path value="priority"/><expression><description value="Alert priority"/><language value="text/cql-expression"/><expression value="Code { system: 'http://hl7.org/fhir/request-priority', code: 'routine' }"/></expression></dynamicValue></action></PlanDefinition>