<?xml version="1.0" encoding="UTF-8"?><PlanDefinition xmlns="http://hl7.org/fhir"><id value="IMMZD2DTPolioIPV"/><meta><profile value="http://hl7.org/fhir/uv/cpg/StructureDefinition/cpg-recommendationdefinition"/><profile value="http://hl7.org/fhir/uv/crmi/StructureDefinition/crmi-shareableplandefinition"/><profile value="http://hl7.org/fhir/uv/crmi/StructureDefinition/crmi-publishableplandefinition"/></meta><extension url="http://hl7.org/fhir/uv/cpg/StructureDefinition/cpg-knowledgeCapability"><valueCode value="computable"/></extension><url value="http://smart.who.int/immunizations/PlanDefinition/IMMZD2DTPolioIPV"/><version value="0.2.0"/><name value="IMMZD2DTPolioIPV"/><title value="IMMZ.D2.DT.Polio.IPV-only"/><type><coding><system value="http://terminology.hl7.org/CodeSystem/plan-definition-type"/><code value="eca-rule"/></coding></type><status value="draft"/><experimental value="false"/><date value="2025-07-23T20:56:07+00:00"/><publisher value="WHO"/><contact><name value="WHO"/><telecom><system value="url"/><value value="http://who.int"/></telecom></contact><description value="IMMZ.D2.DT.Polio.IPV-only&#xA;Inactivated polio vaccine (IPV)-only (in countries, in polio-free regions, with a very low risk of importation and sustained high routine immunization coverage (third dose of the diphtheria–tetanus–pertussis vaccine [DTP3] &gt; 90%)"/><relatedArtifact><type value="citation"/><citation value="WHO recommendations for routine immunization - summary tables (January 2025)"/></relatedArtifact><library value="http://smart.who.int/immunizations/Library/IMMZD2DTPolioIPVLogic"/><action><extension url="http://hl7.org/fhir/uv/cpg/StructureDefinition/cpg-rationale"><valueMarkdown value="A primary 3-dose series of IPV administered beginning at 6 or 8 weeks of age, with a minimum 4-week interval between doses, is recommended. "/></extension><title value="Determine if the client is due for a poliovirus vaccination according to the national immunization schedule"/><description value="Determine if the client is due for a poliovirus vaccination according to the national immunization schedule&#xA;Inactivated polio vaccine (IPV)-only (in countries, in polio-free regions, with a very low risk of importation &#xA;and sustained high routine immunization coverage (third dose of the diphtheria–tetanus–pertussis vaccine [DTP3] &gt; 90%)"/><condition><kind value="applicability"/><expression><description value="Client is due for IPV vaccination"/><language value="text/cql-identifier"/><expression value="Client is due for IPV vaccination"/></expression></condition><definitionCanonical value="http://smart.who.int/immunizations/ActivityDefinition/IMMZD2DTPolioIPVMR"/><dynamicValue><path value="status"/><expression><language value="text/cql-expression"/><expression value="'draft'"/></expression></dynamicValue><dynamicValue><path value="intent"/><expression><language value="text/cql-expression"/><expression value="'proposal'"/></expression></dynamicValue></action><action><extension url="http://hl7.org/fhir/uv/cpg/StructureDefinition/cpg-rationale"><valueMarkdown value="If the primary series begins at 6 weeks, a booster dose should be given 6 months or more after the third dose. "/></extension><title value="Determine if the client is due for a poliovirus vaccination according to the national immunization schedule"/><description value="Determine if the client is due for a poliovirus vaccination according to the national immunization schedule&#xA;Inactivated polio vaccine (IPV)-only (in countries, in polio-free regions, with a very low risk of importation &#xA;and sustained high routine immunization coverage (third dose of the diphtheria–tetanus–pertussis vaccine [DTP3] &gt; 90%)"/><condition><kind value="applicability"/><expression><description value="Primary series is complete. Client is due for IPV booster dose"/><language value="text/cql-identifier"/><expression value="Primary series is complete. Client is due for IPV booster dose"/></expression></condition><definitionCanonical value="http://smart.who.int/immunizations/ActivityDefinition/IMMZD2DTPolioIPVMR"/><dynamicValue><path value="status"/><expression><language value="text/cql-expression"/><expression value="'draft'"/></expression></dynamicValue><dynamicValue><path value="intent"/><expression><language value="text/cql-expression"/><expression value="'proposal'"/></expression></dynamicValue></action><action><title value="Check for Guidance for the patient regarding IMMZ.D2.DT.Polio.IPV-only."/><description value="Show Guidance for the patient regarding IMMZ.D2.DT.Polio.IPV-only."/><condition><kind value="applicability"/><expression><description value="Has Guidance"/><language value="text/cql-identifier"/><expression value="Has Guidance"/></expression></condition><definitionCanonical value="http://smart.who.int/immunizations/ActivityDefinition/IMMZD2DTCR"/><dynamicValue><path value="status"/><expression><language value="text/cql-expression"/><expression value="'active'"/></expression></dynamicValue><dynamicValue><path value="payload.contentString"/><expression><language value="text/cql-identifier"/><expression value="Guidance"/></expression></dynamicValue><dynamicValue><path value="category.coding"/><expression><description value="Category of communication"/><language value="text/cql-expression"/><expression value="Code { system: 'http://terminology.hl7.org/CodeSystem/communication-category', code: 'alert' }"/></expression></dynamicValue><dynamicValue><path value="priority"/><expression><description value="Alert priority"/><language value="text/cql-expression"/><expression value="Code { system: 'http://hl7.org/fhir/request-priority', code: 'routine' }"/></expression></dynamicValue></action></PlanDefinition>