<?xml version="1.0" encoding="UTF-8"?><ValueSet xmlns="http://hl7.org/fhir"><id value="IMMZ.D.DE115"/><text><status value="generated"/><div xmlns="http://www.w3.org/1999/xhtml"><p class="res-header-id"><b>Generated Narrative: ValueSet IMMZ.D.DE115</b></p><a name="IMMZ.D.DE115"> </a><a name="hcIMMZ.D.DE115"> </a><p>This value set expansion contains 6 concepts.</p><table class="codes"><tr><td style="white-space:nowrap"><b>Code</b></td><td><b>System</b></td><td><b>Display</b></td><td><b>Definition</b></td></tr><tr><td style="white-space:nowrap"><a name="IMMZ.D.DE115-http://smart.who.int/immunizations/CodeSystem/IMMZ.D-DE116"> </a>  <a href="CodeSystem-IMMZ.D.html#IMMZ.D-DE116">DE116</a></td><td>http://smart.who.int/immunizations/CodeSystem/IMMZ.D</td><td>Died</td><td>The adverse event resulted in the client's death</td></tr><tr><td style="white-space:nowrap"><a name="IMMZ.D.DE115-http://smart.who.int/immunizations/CodeSystem/IMMZ.D-DE117"> </a>  <a href="CodeSystem-IMMZ.D.html#IMMZ.D-DE117">DE117</a></td><td>http://smart.who.int/immunizations/CodeSystem/IMMZ.D</td><td>Recovered</td><td>The client fully recovered</td></tr><tr><td style="white-space:nowrap"><a name="IMMZ.D.DE115-http://smart.who.int/immunizations/CodeSystem/IMMZ.D-DE118"> </a>  <a href="CodeSystem-IMMZ.D.html#IMMZ.D-DE118">DE118</a></td><td>http://smart.who.int/immunizations/CodeSystem/IMMZ.D</td><td>Recovered with sequelae</td><td>The client has recovered with sequelae as a consequence of the reaction/vaccination</td></tr><tr><td style="white-space:nowrap"><a name="IMMZ.D.DE115-http://smart.who.int/immunizations/CodeSystem/IMMZ.D-DE119"> </a>  <a href="CodeSystem-IMMZ.D.html#IMMZ.D-DE119">DE119</a></td><td>http://smart.who.int/immunizations/CodeSystem/IMMZ.D</td><td>Recovering</td><td>The client is recovering</td></tr><tr><td style="white-space:nowrap"><a name="IMMZ.D.DE115-http://smart.who.int/immunizations/CodeSystem/IMMZ.D-DE120"> </a>  <a href="CodeSystem-IMMZ.D.html#IMMZ.D-DE120">DE120</a></td><td>http://smart.who.int/immunizations/CodeSystem/IMMZ.D</td><td>Not recovered</td><td>The client has not recovered</td></tr><tr><td style="white-space:nowrap"><a name="IMMZ.D.DE115-http://smart.who.int/immunizations/CodeSystem/IMMZ.D-DE121"> </a>  <a href="CodeSystem-IMMZ.D.html#IMMZ.D-DE121">DE121</a></td><td>http://smart.who.int/immunizations/CodeSystem/IMMZ.D</td><td>Unknown</td><td>The client's reaction outcome is unknown</td></tr></table></div></text><url value="http://smart.who.int/immunizations/ValueSet/IMMZ.D.DE115"/><version value="0.2.0"/><name value="IMMZ_D_DE115"/><title value="IMMZ.D.DE115 ValueSet for Reaction outcome"/><status value="active"/><date value="2025-07-23T20:56:07+00:00"/><publisher value="WHO"/><contact><name value="WHO"/><telecom><system value="url"/><value value="http://who.int"/></telecom></contact><description value="ValueSet for Reaction outcome for IMMZ.D.DE115"/><compose><include><system value="http://smart.who.int/immunizations/CodeSystem/IMMZ.D"/><concept><code value="DE116"/><display value="Died"/></concept><concept><code value="DE117"/><display value="Recovered"/></concept><concept><code value="DE118"/><display value="Recovered with sequelae"/></concept><concept><code value="DE119"/><display value="Recovering"/></concept><concept><code value="DE120"/><display value="Not recovered"/></concept><concept><code value="DE121"/><display value="Unknown"/></concept></include></compose><expansion><timestamp value="2025-06-25T16:39:07.092Z"/><contains><system value="http://smart.who.int/immunizations/CodeSystem/IMMZ.D"/><code value="DE116"/><display value="Died"/></contains><contains><system value="http://smart.who.int/immunizations/CodeSystem/IMMZ.D"/><code value="DE117"/><display value="Recovered"/></contains><contains><system value="http://smart.who.int/immunizations/CodeSystem/IMMZ.D"/><code value="DE118"/><display value="Recovered with sequelae"/></contains><contains><system value="http://smart.who.int/immunizations/CodeSystem/IMMZ.D"/><code value="DE119"/><display value="Recovering"/></contains><contains><system value="http://smart.who.int/immunizations/CodeSystem/IMMZ.D"/><code value="DE120"/><display value="Not recovered"/></contains><contains><system value="http://smart.who.int/immunizations/CodeSystem/IMMZ.D"/><code value="DE121"/><display value="Unknown"/></contains></expansion></ValueSet>