<?xml version="1.0" encoding="UTF-8"?><ValueSet xmlns="http://hl7.org/fhir"><id value="IMMZ.D5.DT.HepatitisA.CI"/><text><status value="generated"/><div xmlns="http://www.w3.org/1999/xhtml"><p class="res-header-id"><b>Generated Narrative: ValueSet IMMZ.D5.DT.HepatitisA.CI</b></p><a name="IMMZ.D5.DT.HepatitisA.CI"> </a><a name="hcIMMZ.D5.DT.HepatitisA.CI"> </a><p>This value set expansion contains 5 concepts.</p><table class="codes"><tr><td style="white-space:nowrap"><b>Code</b></td><td><b>System</b></td><td><b>Display</b></td><td><b>Definition</b></td></tr><tr><td style="white-space:nowrap"><a name="IMMZ.D5.DT.HepatitisA.CI-http://smart.who.int/immunizations/CodeSystem/IMMZ.D5.DT.Inputs-tcicp-32.56"> </a>  <a href="CodeSystem-IMMZ.D5.DT.Inputs.html#IMMZ.D5.DT.Inputs-tcicp-32.4656">tcicp-32.56</a></td><td>http://smart.who.int/immunizations/CodeSystem/IMMZ.D5.DT.Inputs</td><td>The client is currently pregnant</td><td>&quot;Potential contraindications&quot; = &quot;Currently pregnant&quot;</td></tr><tr><td style="white-space:nowrap"><a name="IMMZ.D5.DT.HepatitisA.CI-http://smart.who.int/immunizations/CodeSystem/IMMZ.D5.DT.Inputs-tcisi-40.64"> </a>  <a href="CodeSystem-IMMZ.D5.DT.Inputs.html#IMMZ.D5.DT.Inputs-tcisi-40.4664">tcisi-40.64</a></td><td>http://smart.who.int/immunizations/CodeSystem/IMMZ.D5.DT.Inputs</td><td>The client is severely immunocompromised</td><td>&quot;Potential contraindications&quot; = &quot;Severely immunocompromised&quot;</td></tr><tr><td style="white-space:nowrap"><a name="IMMZ.D5.DT.HepatitisA.CI-http://smart.who.int/immunizations/CodeSystem/IMMZ.D5.DT.Inputs-tchahosar-53.64"> </a>  <a href="CodeSystem-IMMZ.D5.DT.Inputs.html#IMMZ.D5.DT.Inputs-tchahosar-53.4664">tchahosar-53.64</a></td><td>http://smart.who.int/immunizations/CodeSystem/IMMZ.D5.DT.Inputs</td><td>The client has a history of severe allergic reactions</td><td>'&quot;Potential contraindications&quot; = &quot;Severe allergic reactions&quot;</td></tr><tr><td style="white-space:nowrap"><a name="IMMZ.D5.DT.HepatitisA.CI-http://smart.who.int/immunizations/CodeSystem/IMMZ.D5.DT.Outputs-lahacvic-66.139"> </a>  <a href="CodeSystem-IMMZ.D5.DT.Outputs.html#IMMZ.D5.DT.Outputs-lahacvic-66.46139">lahacvic-66.139</a></td><td>http://smart.who.int/immunizations/CodeSystem/IMMZ.D5.DT.Outputs</td><td>Live attentuated Hepatitis A-containing vaccine is contraindicated</td><td>&quot;Immunization recommendation status&quot; = &quot;Contraindicated&quot; (where &quot;Type of hepatitis A dose&quot; = &quot;Live attenuated hepatitis A vaccine&quot;)</td></tr><tr><td style="white-space:nowrap"><a name="IMMZ.D5.DT.HepatitisA.CI-http://smart.who.int/immunizations/CodeSystem/IMMZ.D5.DT.Outputs-havcbccjircacn-104.70"> </a>  <a href="CodeSystem-IMMZ.D5.DT.Outputs.html#IMMZ.D5.DT.Outputs-havcbccjircacn-104.4670">havcbccjircacn-104.70</a></td><td>http://smart.who.int/immunizations/CodeSystem/IMMZ.D5.DT.Outputs</td><td>Hepatitis A vaccination could be contraindicated. Clinical judgement is required. Create a clinical note</td><td>&quot;Immunization recommendation status&quot; = &quot;Further evaluation needed&quot;</td></tr></table></div></text><url value="http://smart.who.int/immunizations/ValueSet/IMMZ.D5.DT.HepatitisA.CI"/><version value="0.2.0"/><name value="IMMZ_D5_DT_Hepatitis_A_contraindications"/><title value="IMMZ.D5.DT.HepatitisA.CI ValueSet for Decision Table"/><status value="active"/><date value="2025-07-23T20:56:07+00:00"/><publisher value="WHO"/><contact><name value="WHO"/><telecom><system value="url"/><value value="http://who.int"/></telecom></contact><description value="ValueSet IMMZ.D5.DT.HepatitisA.CI for IMMZ.D5.DT.Hepatitis A contraindications.&#xA;Business rule: Check for contraindications before administering the vaccine(s) due&#x9;&#xA;Trigger: IMMZ.D5 Determine vaccine(s) to be administered based on contraindications&#xA;Table: Potential contraindications"/><compose><include><system value="http://smart.who.int/immunizations/CodeSystem/IMMZ.D5.DT.Inputs"/><concept><code value="tcicp-32.56"/><display value="The client is currently pregnant"/></concept><concept><code value="tcisi-40.64"/><display value="The client is severely immunocompromised"/></concept><concept><code value="tchahosar-53.64"/><display value="The client has a history of severe allergic reactions"/></concept></include><include><system value="http://smart.who.int/immunizations/CodeSystem/IMMZ.D5.DT.Outputs"/><concept><code value="lahacvic-66.139"/><display value="Live attentuated Hepatitis A-containing vaccine is contraindicated"/></concept><concept><code value="havcbccjircacn-104.70"/><display value="Hepatitis A vaccination could be contraindicated. Clinical judgement is required. Create a clinical note"/></concept></include></compose><expansion><timestamp value="2025-06-25T16:39:07.092Z"/><contains><system value="http://smart.who.int/immunizations/CodeSystem/IMMZ.D5.DT.Inputs"/><code value="tcicp-32.56"/><display value="The client is currently pregnant"/></contains><contains><system value="http://smart.who.int/immunizations/CodeSystem/IMMZ.D5.DT.Inputs"/><code value="tcisi-40.64"/><display value="The client is severely immunocompromised"/></contains><contains><system value="http://smart.who.int/immunizations/CodeSystem/IMMZ.D5.DT.Inputs"/><code value="tchahosar-53.64"/><display value="The client has a history of severe allergic reactions"/></contains><contains><system value="http://smart.who.int/immunizations/CodeSystem/IMMZ.D5.DT.Outputs"/><code value="lahacvic-66.139"/><display value="Live attentuated Hepatitis A-containing vaccine is contraindicated"/></contains><contains><system value="http://smart.who.int/immunizations/CodeSystem/IMMZ.D5.DT.Outputs"/><code value="havcbccjircacn-104.70"/><display value="Hepatitis A vaccination could be contraindicated. Clinical judgement is required. Create a clinical note"/></contains></expansion></ValueSet>