{"resourceType":"CodeSystem","id":"IMMZ.Z","text":{"status":"generated","div":"<div xmlns=\"http://www.w3.org/1999/xhtml\"><p class=\"res-header-id\"><b>Generated Narrative: CodeSystem IMMZ.Z</b></p><a name=\"IMMZ.Z\"> </a><a name=\"hcIMMZ.Z\"> </a><p>This case-insensitive code system <code>http://smart.who.int/immunizations/CodeSystem/IMMZ.Z</code> defines the following codes:</p><table class=\"codes\"><tr><td style=\"white-space:nowrap\"><b>Code</b></td><td><b>Display</b></td><td><b>Definition</b></td></tr><tr><td style=\"white-space:nowrap\">DE1<a name=\"IMMZ.Z-DE1\"> </a></td><td>BCG vaccines</td><td>Vaccine terminology codes for bacille Calmette–Guérin (BCG)</td></tr><tr><td style=\"white-space:nowrap\">DE2<a name=\"IMMZ.Z-DE2\"> </a></td><td>Cholera vaccines</td><td>Vaccine terminology codes for cholera</td></tr><tr><td style=\"white-space:nowrap\">DE3<a name=\"IMMZ.Z-DE3\"> </a></td><td>Diphtheria-containing vaccines</td><td>Vaccine terminology codes for diphtheria</td></tr><tr><td style=\"white-space:nowrap\">DE4<a name=\"IMMZ.Z-DE4\"> </a></td><td>Hib-containing vaccines</td><td>Vaccine terminology codes for Haemophilus influenzae type b (Hib)</td></tr><tr><td style=\"white-space:nowrap\">DE5<a name=\"IMMZ.Z-DE5\"> </a></td><td>Hepatitis A-containing vaccines</td><td>Vaccine terminology codes for hepatitis A</td></tr><tr><td style=\"white-space:nowrap\">DE6<a name=\"IMMZ.Z-DE6\"> </a></td><td>Hepatitis B-containing vaccines</td><td>Vaccine terminology codes for hepatitis B</td></tr><tr><td style=\"white-space:nowrap\">DE7<a name=\"IMMZ.Z-DE7\"> </a></td><td>HPV vaccines</td><td>Vaccine terminology codes for human papillomavirus (HPV)</td></tr><tr><td style=\"white-space:nowrap\">DE8<a name=\"IMMZ.Z-DE8\"> </a></td><td>JE vaccines</td><td>Vaccine terminology codes for Japanese encephalitis (JE)</td></tr><tr><td style=\"white-space:nowrap\">DE9<a name=\"IMMZ.Z-DE9\"> </a></td><td>Measles-containing vaccines</td><td>Vaccine terminology codes for measles-containing vaccines (MCV)</td></tr><tr><td style=\"white-space:nowrap\">DE10<a name=\"IMMZ.Z-DE10\"> </a></td><td>Meningococcal vaccines</td><td>Vaccine terminology codes for meningococcal</td></tr><tr><td style=\"white-space:nowrap\">DE11<a name=\"IMMZ.Z-DE11\"> </a></td><td>Mumps-containing vaccines</td><td>Vaccine terminology codes for mumps</td></tr><tr><td style=\"white-space:nowrap\">DE12<a name=\"IMMZ.Z-DE12\"> </a></td><td>Pertussis-containing vaccines</td><td>Vaccine terminology codes for pertussis</td></tr><tr><td style=\"white-space:nowrap\">DE13<a name=\"IMMZ.Z-DE13\"> </a></td><td>Pneumococcal vaccines</td><td>Vaccine terminology codes for pneumococcal</td></tr><tr><td style=\"white-space:nowrap\">DE14<a name=\"IMMZ.Z-DE14\"> </a></td><td>Poliovirus-containing vaccines</td><td>Vaccine terminology codes for poliovirus</td></tr><tr><td style=\"white-space:nowrap\">DE30<a name=\"IMMZ.Z-DE30\"> </a></td><td>Oral polio vaccines</td><td>Vaccine terminology codes for oral polio vaccines (OPV)</td></tr><tr><td style=\"white-space:nowrap\">DE31<a name=\"IMMZ.Z-DE31\"> </a></td><td>Inactivated polio vaccines</td><td>Vaccine terminology codes for inactivated polio vaccines (IPV)</td></tr><tr><td style=\"white-space:nowrap\">DE15<a name=\"IMMZ.Z-DE15\"> </a></td><td>Rabies vaccines</td><td>Vaccine terminology codes for rabies</td></tr><tr><td style=\"white-space:nowrap\">DE16<a name=\"IMMZ.Z-DE16\"> </a></td><td>Rotavirus vaccines</td><td>Vaccine terminology codes for rotavirus</td></tr><tr><td style=\"white-space:nowrap\">DE17<a name=\"IMMZ.Z-DE17\"> </a></td><td>Rubella-containing vaccines</td><td>Vaccine terminology codes for rubella</td></tr><tr><td style=\"white-space:nowrap\">DE32<a name=\"IMMZ.Z-DE32\"> </a></td><td>Measles and rubella-containing vaccines</td><td>Vaccine terminology codes for measles and rubella</td></tr><tr><td style=\"white-space:nowrap\">DE18<a name=\"IMMZ.Z-DE18\"> </a></td><td>Seasonal influenza vaccines</td><td>Vaccine terminology codes for seasonal influenza</td></tr><tr><td style=\"white-space:nowrap\">DE19<a name=\"IMMZ.Z-DE19\"> </a></td><td>Tetanus-containing vaccines</td><td>Vaccine terminology codes for tetanus</td></tr><tr><td style=\"white-space:nowrap\">DE20<a name=\"IMMZ.Z-DE20\"> </a></td><td>TBE vaccines</td><td>Vaccine terminology codes for tick-borne encephalitis (TBE)</td></tr><tr><td style=\"white-space:nowrap\">DE21<a name=\"IMMZ.Z-DE21\"> </a></td><td>Typhoid vaccines</td><td>Vaccine terminology codes for typhoid</td></tr><tr><td style=\"white-space:nowrap\">DE22<a name=\"IMMZ.Z-DE22\"> </a></td><td>Varicella-containing vaccines</td><td>Vaccine terminology codes for varicella</td></tr><tr><td style=\"white-space:nowrap\">DE23<a name=\"IMMZ.Z-DE23\"> </a></td><td>Yellow fever vaccines</td><td>Vaccine terminology codes for yellow fever</td></tr><tr><td style=\"white-space:nowrap\">DE24<a name=\"IMMZ.Z-DE24\"> </a></td><td>DTP-containing vaccines</td><td>Vaccine terminology codes for diphtheria–tetanus–pertussis (DTP)</td></tr><tr><td style=\"white-space:nowrap\">DE28<a name=\"IMMZ.Z-DE28\"> </a></td><td>Tetanus and diphtheria-containing vaccines</td><td>Vaccine terminology codes for tetanus and diphtheria</td></tr><tr><td style=\"white-space:nowrap\">DE33<a name=\"IMMZ.Z-DE33\"> </a></td><td>Tetanus and diphtheria-containing vaccines (DT)</td><td>Vaccine terminology codes for vaccines containing tetanus and diphtheria intended for children</td></tr><tr><td style=\"white-space:nowrap\">DE34<a name=\"IMMZ.Z-DE34\"> </a></td><td>Tetanus and diphtheria-containing vaccines (Td)</td><td>Vaccine terminology codes for booster vaccines containing tetanus and diphtheria intended for older children and adults</td></tr><tr><td style=\"white-space:nowrap\">DE25<a name=\"IMMZ.Z-DE25\"> </a></td><td>Dengue vaccines</td><td>Vaccine terminology codes for dengue</td></tr><tr><td style=\"white-space:nowrap\">DE26<a name=\"IMMZ.Z-DE26\"> </a></td><td>COVID-19 vaccines</td><td>Vaccine terminology codes for coronavirus disease (COVID-19)</td></tr><tr><td style=\"white-space:nowrap\">DE27<a name=\"IMMZ.Z-DE27\"> </a></td><td>Malaria vaccines</td><td>Vaccine terminology codes for malaria</td></tr><tr><td style=\"white-space:nowrap\">DE29<a name=\"IMMZ.Z-DE29\"> </a></td><td>Pentavalent vaccines</td><td>Vaccine terminology codes for pentavalent vaccine (a combination vaccine that provides protection from diphtheria, pertussis, tetanus, hepatitis B and Hib)</td></tr></table></div>"},"url":"http://smart.who.int/immunizations/CodeSystem/IMMZ.Z","version":"0.2.0","name":"IMMZ_Z","title":"IMMZ.Z CodeSystem for Data Elements","status":"active","experimental":false,"date":"2025-07-23T20:56:04+00:00","publisher":"WHO","contact":[{"name":"WHO","telecom":[{"system":"url","value":"http://who.int"}]}],"description":"CodeSystem for IMMZ.Z Data Elements","caseSensitive":false,"content":"complete","count":34,"concept":[{"code":"DE1","display":"BCG vaccines","definition":"Vaccine terminology codes for bacille Calmette–Guérin (BCG)"},{"code":"DE2","display":"Cholera vaccines","definition":"Vaccine terminology codes for cholera"},{"code":"DE3","display":"Diphtheria-containing vaccines","definition":"Vaccine terminology codes for diphtheria"},{"code":"DE4","display":"Hib-containing vaccines","definition":"Vaccine terminology codes for Haemophilus influenzae type b (Hib)"},{"code":"DE5","display":"Hepatitis A-containing vaccines","definition":"Vaccine terminology codes for hepatitis A"},{"code":"DE6","display":"Hepatitis B-containing vaccines","definition":"Vaccine terminology codes for hepatitis B"},{"code":"DE7","display":"HPV vaccines","definition":"Vaccine terminology codes for human papillomavirus (HPV)"},{"code":"DE8","display":"JE vaccines","definition":"Vaccine terminology codes for Japanese encephalitis (JE)"},{"code":"DE9","display":"Measles-containing vaccines","definition":"Vaccine terminology codes for measles-containing vaccines (MCV)"},{"code":"DE10","display":"Meningococcal vaccines","definition":"Vaccine terminology codes for meningococcal"},{"code":"DE11","display":"Mumps-containing vaccines","definition":"Vaccine terminology codes for mumps"},{"code":"DE12","display":"Pertussis-containing vaccines","definition":"Vaccine terminology codes for pertussis"},{"code":"DE13","display":"Pneumococcal vaccines","definition":"Vaccine terminology codes for pneumococcal"},{"code":"DE14","display":"Poliovirus-containing vaccines","definition":"Vaccine terminology codes for poliovirus"},{"code":"DE30","display":"Oral polio vaccines","definition":"Vaccine terminology codes for oral polio vaccines (OPV)"},{"code":"DE31","display":"Inactivated polio vaccines","definition":"Vaccine terminology codes for inactivated polio vaccines (IPV)"},{"code":"DE15","display":"Rabies vaccines","definition":"Vaccine terminology codes for rabies"},{"code":"DE16","display":"Rotavirus vaccines","definition":"Vaccine terminology codes for rotavirus"},{"code":"DE17","display":"Rubella-containing vaccines","definition":"Vaccine terminology codes for rubella"},{"code":"DE32","display":"Measles and rubella-containing vaccines","definition":"Vaccine terminology codes for measles and rubella"},{"code":"DE18","display":"Seasonal influenza vaccines","definition":"Vaccine terminology codes for seasonal influenza"},{"code":"DE19","display":"Tetanus-containing vaccines","definition":"Vaccine terminology codes for tetanus"},{"code":"DE20","display":"TBE vaccines","definition":"Vaccine terminology codes for tick-borne encephalitis (TBE)"},{"code":"DE21","display":"Typhoid vaccines","definition":"Vaccine terminology codes for typhoid"},{"code":"DE22","display":"Varicella-containing vaccines","definition":"Vaccine terminology codes for varicella"},{"code":"DE23","display":"Yellow fever vaccines","definition":"Vaccine terminology codes for yellow fever"},{"code":"DE24","display":"DTP-containing vaccines","definition":"Vaccine terminology codes for diphtheria–tetanus–pertussis (DTP)"},{"code":"DE28","display":"Tetanus and diphtheria-containing vaccines","definition":"Vaccine terminology codes for tetanus and diphtheria"},{"code":"DE33","display":"Tetanus and diphtheria-containing vaccines (DT)","definition":"Vaccine terminology codes for vaccines containing tetanus and diphtheria intended for children"},{"code":"DE34","display":"Tetanus and diphtheria-containing vaccines (Td)","definition":"Vaccine terminology codes for booster vaccines containing tetanus and diphtheria intended for older children and adults"},{"code":"DE25","display":"Dengue vaccines","definition":"Vaccine terminology codes for dengue"},{"code":"DE26","display":"COVID-19 vaccines","definition":"Vaccine terminology codes for coronavirus disease (COVID-19)"},{"code":"DE27","display":"Malaria vaccines","definition":"Vaccine terminology codes for malaria"},{"code":"DE29","display":"Pentavalent vaccines","definition":"Vaccine terminology codes for pentavalent vaccine (a combination vaccine that provides protection from diphtheria, pertussis, tetanus, hepatitis B and Hib)"}]}