{"resourceType":"PlanDefinition","id":"IMMZD18SMeaslesLowTx","meta":{"profile":["http://hl7.org/fhir/uv/cpg/StructureDefinition/cpg-recommendationdefinition","http://hl7.org/fhir/uv/crmi/StructureDefinition/crmi-shareableplandefinition","http://hl7.org/fhir/uv/crmi/StructureDefinition/crmi-publishableplandefinition"]},"extension":[{"url":"http://hl7.org/fhir/uv/cpg/StructureDefinition/cpg-knowledgeCapability","valueCode":"computable"}],"url":"http://smart.who.int/immunizations/PlanDefinition/IMMZD18SMeaslesLowTx","version":"0.2.0","name":"IMMZD18SMeaslesLowTx","title":"IMMZD18SMeaslesLowTx","type":{"coding":[{"system":"http://terminology.hl7.org/CodeSystem/plan-definition-type","code":"eca-rule"}]},"status":"draft","experimental":false,"date":"2025-07-23T20:56:04+00:00","publisher":"WHO","contact":[{"name":"WHO","telecom":[{"system":"url","value":"http://who.int"}]}],"description":"IMMZ.D18.S.Measles.Low transmission schedule\nSchedule for countries with low levels of measles transmission (countries that provide first dose of measles-containing vaccine (MCV) at 12 months and second dose of MCV at 15 months)","relatedArtifact":[{"type":"citation","citation":"WHO recommendations for routine immunization - summary tables (January 2025)"}],"library":["http://smart.who.int/immunizations/Library/IMMZD18SMeaslesLowTxLogic"],"action":[{"title":"MCV dose 1 (MCV1)","description":"Provision of MCV1 from the primary series\nTrigger event: Child's birth\nTrigger date: \"Date of birth\"\nCreate condition: The client is due for MCV1 if the client is at least 12 months","condition":[{"kind":"applicability","expression":{"description":"MCV dose 1 (MCV1)","language":"text/cql-identifier","expression":"MCV dose 1 (MCV1)"}}],"definitionCanonical":"http://smart.who.int/immunizations/ActivityDefinition/IMMZD2DTCR","dynamicValue":[{"path":"status","expression":{"language":"text/cql-expression","expression":"'active'"}},{"path":"payload.contentString","expression":{"language":"text/cql-identifier","expression":"MCV dose 1 (MCV1) Create"}},{"path":"category.coding","expression":{"description":"Category of communication","language":"text/cql-expression","expression":"Code { system: 'http://terminology.hl7.org/CodeSystem/communication-category', code: 'alert' }"}},{"path":"priority","expression":{"description":"Alert priority","language":"text/cql-expression","expression":"Code { system: 'http://hl7.org/fhir/request-priority', code: 'routine' }"}}]},{"title":"MCV2","description":"Provision of MCV2 from the primary series\nTrigger event: MCV1 was administered\nCount of vaccines administered (where \"Vaccine type\" = \"Measles-containing vaccines\" and \"Type of dose\" = \"Primary series\") = 1\nTrigger date: \"Date of birth\"\nCreate condition: The client is due for MCV2 if the client is at least 15 months.","condition":[{"kind":"applicability","expression":{"description":"MCV2","language":"text/cql-identifier","expression":"MCV2"}}],"definitionCanonical":"http://smart.who.int/immunizations/ActivityDefinition/IMMZD2DTCR","dynamicValue":[{"path":"status","expression":{"language":"text/cql-expression","expression":"'active'"}},{"path":"payload.contentString","expression":{"language":"text/cql-identifier","expression":"MCV2 Create"}},{"path":"category.coding","expression":{"description":"Category of communication","language":"text/cql-expression","expression":"Code { system: 'http://terminology.hl7.org/CodeSystem/communication-category', code: 'alert' }"}},{"path":"priority","expression":{"description":"Alert priority","language":"text/cql-expression","expression":"Code { system: 'http://hl7.org/fhir/request-priority', code: 'routine' }"}}]}]}