{"resourceType":"ValueSet","id":"IMMZ.D2.DT.Varicella.2Dose","text":{"status":"generated","div":"<div xmlns=\"http://www.w3.org/1999/xhtml\"><p class=\"res-header-id\"><b>Generated Narrative: ValueSet IMMZ.D2.DT.Varicella.2Dose</b></p><a name=\"IMMZ.D2.DT.Varicella.2Dose\"> </a><a name=\"hcIMMZ.D2.DT.Varicella.2Dose\"> </a><p>This value set expansion contains 12 concepts.</p><table class=\"codes\"><tr><td style=\"white-space:nowrap\"><b>Code</b></td><td><b>System</b></td><td><b>Display</b></td><td><b>Definition</b></td></tr><tr><td style=\"white-space:nowrap\"><a name=\"IMMZ.D2.DT.Varicella.2Dose-http://smart.who.int/immunizations/CodeSystem/IMMZ.D2.DT.Inputs-csailt12m-35.42\"> </a>\u00a0\u00a0<a href=\"CodeSystem-IMMZ.D2.DT.Inputs.html#IMMZ.D2.DT.Inputs-csailt12m-35.4642\">csailt12m-35.42</a></td><td>http://smart.who.int/immunizations/CodeSystem/IMMZ.D2.DT.Inputs</td><td>Client's age is less than 12 months</td><td>Today's date − &quot;Date of birth&quot; &lt; 12 months</td></tr><tr><td style=\"white-space:nowrap\"><a name=\"IMMZ.D2.DT.Varicella.2Dose-http://smart.who.int/immunizations/CodeSystem/IMMZ.D2.DT.Inputs-lvwaitp4w-49.92\"> </a>\u00a0\u00a0<a href=\"CodeSystem-IMMZ.D2.DT.Inputs.html#IMMZ.D2.DT.Inputs-lvwaitp4w-49.4692\">lvwaitp4w-49.92</a></td><td>http://smart.who.int/immunizations/CodeSystem/IMMZ.D2.DT.Inputs</td><td>Live vaccine was administered in the past 4 weeks</td><td>Today's date − latest &quot;Date and time of vaccination&quot; (where &quot;Live vaccine&quot; = TRUE) &lt; 4 weeks</td></tr><tr><td style=\"white-space:nowrap\"><a name=\"IMMZ.D2.DT.Varicella.2Dose-http://smart.who.int/immunizations/CodeSystem/IMMZ.D2.DT.Inputs-nlvwaitp4w-52.92\"> </a>\u00a0\u00a0<a href=\"CodeSystem-IMMZ.D2.DT.Inputs.html#IMMZ.D2.DT.Inputs-nlvwaitp4w-52.4692\">nlvwaitp4w-52.92</a></td><td>http://smart.who.int/immunizations/CodeSystem/IMMZ.D2.DT.Inputs</td><td>No live vaccine was administered in the past 4 weeks</td><td>Today's date − latest &quot;Date and time of vaccination&quot; (where &quot;Live vaccine&quot; = TRUE) ≥ 4 weeks</td></tr><tr><td style=\"white-space:nowrap\"><a name=\"IMMZ.D2.DT.Varicella.2Dose-http://smart.who.int/immunizations/CodeSystem/IMMZ.D2.DT.Inputs-csaimtoet12m-46.42\"> </a>\u00a0\u00a0<a href=\"CodeSystem-IMMZ.D2.DT.Inputs.html#IMMZ.D2.DT.Inputs-csaimtoet12m-46.4642\">csaimtoet12m-46.42</a></td><td>http://smart.who.int/immunizations/CodeSystem/IMMZ.D2.DT.Inputs</td><td>Cient's age is more than or equal to 12 months</td><td>Today's date − &quot;Date of birth&quot; ≥ 12 months</td></tr><tr><td style=\"white-space:nowrap\"><a name=\"IMMZ.D2.DT.Varicella.2Dose-http://smart.who.int/immunizations/CodeSystem/IMMZ.D2.DT.Inputs-nvpsdwa-51.129\"> </a>\u00a0\u00a0<a href=\"CodeSystem-IMMZ.D2.DT.Inputs.html#IMMZ.D2.DT.Inputs-nvpsdwa-51.46129\">nvpsdwa-51.129</a></td><td>http://smart.who.int/immunizations/CodeSystem/IMMZ.D2.DT.Inputs</td><td>No varicella primary series doses were administered</td><td>Count of vaccines administered (where &quot;Vaccine type&quot; = &quot;Varicella-containing vaccines&quot; and &quot;Type of dose&quot; = &quot;Primary series&quot;) = 0</td></tr><tr><td style=\"white-space:nowrap\"><a name=\"IMMZ.D2.DT.Varicella.2Dose-http://smart.who.int/immunizations/CodeSystem/IMMZ.D2.DT.Inputs-ovpsdwa-50.128\"> </a>\u00a0\u00a0<a href=\"CodeSystem-IMMZ.D2.DT.Inputs.html#IMMZ.D2.DT.Inputs-ovpsdwa-50.46128\">ovpsdwa-50.128</a></td><td>http://smart.who.int/immunizations/CodeSystem/IMMZ.D2.DT.Inputs</td><td>One varicella primary series dose was administered</td><td>Count of vaccines administered (where &quot;Vaccine type&quot; = &quot;Varicella-containing vaccines&quot; and &quot;Type of dose&quot; = &quot;Primary series&quot;) =1</td></tr><tr><td style=\"white-space:nowrap\"><a name=\"IMMZ.D2.DT.Varicella.2Dose-http://smart.who.int/immunizations/CodeSystem/IMMZ.D2.DT.Inputs-tlvdalt4wa-60.112\"> </a>\u00a0\u00a0<a href=\"CodeSystem-IMMZ.D2.DT.Inputs.html#IMMZ.D2.DT.Inputs-tlvdalt4wa-60.46112\">tlvdalt4wa-60.112</a></td><td>http://smart.who.int/immunizations/CodeSystem/IMMZ.D2.DT.Inputs</td><td>The latest varicella dose administered less than 4 weeks ago</td><td>Today's date − &quot;Date and time of vaccination&quot; (where &quot;Vaccine type&quot; = &quot;Varicella-containing vaccines&quot;) &lt; 4 weeks</td></tr><tr><td style=\"white-space:nowrap\"><a name=\"IMMZ.D2.DT.Varicella.2Dose-http://smart.who.int/immunizations/CodeSystem/IMMZ.D2.DT.Inputs-tlvdamt4wa-60.112\"> </a>\u00a0\u00a0<a href=\"CodeSystem-IMMZ.D2.DT.Inputs.html#IMMZ.D2.DT.Inputs-tlvdamt4wa-60.46112\">tlvdamt4wa-60.112</a></td><td>http://smart.who.int/immunizations/CodeSystem/IMMZ.D2.DT.Inputs</td><td>The latest varicella dose administered more than 4 weeks ago</td><td>Today's date − &quot;Date and time of vaccination&quot; (where &quot;Vaccine type&quot; = &quot;Varicella-containing vaccines&quot;) ≥ 4 weeks</td></tr><tr><td style=\"white-space:nowrap\"><a name=\"IMMZ.D2.DT.Varicella.2Dose-http://smart.who.int/immunizations/CodeSystem/IMMZ.D2.DT.Inputs-tvpsdwa-52.129\"> </a>\u00a0\u00a0<a href=\"CodeSystem-IMMZ.D2.DT.Inputs.html#IMMZ.D2.DT.Inputs-tvpsdwa-52.46129\">tvpsdwa-52.129</a></td><td>http://smart.who.int/immunizations/CodeSystem/IMMZ.D2.DT.Inputs</td><td>Two varicella primary series doses were administered</td><td>Count of vaccines administered (where &quot;Vaccine type&quot; = &quot;Varicella-containing vaccines&quot; and &quot;Type of dose&quot; = &quot;Primary series&quot;) = 2</td></tr><tr><td style=\"white-space:nowrap\"><a name=\"IMMZ.D2.DT.Varicella.2Dose-http://smart.who.int/immunizations/CodeSystem/IMMZ.D2.DT.Outputs-cindfvv-43.48\"> </a>\u00a0\u00a0<a href=\"CodeSystem-IMMZ.D2.DT.Outputs.html#IMMZ.D2.DT.Outputs-cindfvv-43.4648\">cindfvv-43.48</a></td><td>http://smart.who.int/immunizations/CodeSystem/IMMZ.D2.DT.Outputs</td><td>Client is not due for varicella vaccination</td><td>&quot;Immunization recommendation status&quot; = &quot;Not due&quot;</td></tr><tr><td style=\"white-space:nowrap\"><a name=\"IMMZ.D2.DT.Varicella.2Dose-http://smart.who.int/immunizations/CodeSystem/IMMZ.D2.DT.Outputs-cidfvv-39.44\"> </a>\u00a0\u00a0<a href=\"CodeSystem-IMMZ.D2.DT.Outputs.html#IMMZ.D2.DT.Outputs-cidfvv-39.4644\">cidfvv-39.44</a></td><td>http://smart.who.int/immunizations/CodeSystem/IMMZ.D2.DT.Outputs</td><td>Client is due for varicella vaccination</td><td>&quot;Immunization recommendation status&quot; = &quot;Due&quot;</td></tr><tr><td style=\"white-space:nowrap\"><a name=\"IMMZ.D2.DT.Varicella.2Dose-http://smart.who.int/immunizations/CodeSystem/IMMZ.D2.DT.Outputs-visic-43.49\"> </a>\u00a0\u00a0<a href=\"CodeSystem-IMMZ.D2.DT.Outputs.html#IMMZ.D2.DT.Outputs-visic-43.4649\">visic-43.49</a></td><td>http://smart.who.int/immunizations/CodeSystem/IMMZ.D2.DT.Outputs</td><td>Varicella immunization schedule is complete</td><td>&quot;Immunization recommendation status&quot; = &quot;Complete&quot;</td></tr></table></div>"},"url":"http://smart.who.int/immunizations/ValueSet/IMMZ.D2.DT.Varicella.2Dose","version":"0.2.0","name":"IMMZ_D2_DT_Varicella_2_doses","title":"IMMZ.D2.DT.Varicella.2Dose ValueSet for Decision Table","status":"active","date":"2025-07-23T20:56:04+00:00","publisher":"WHO","contact":[{"name":"WHO","telecom":[{"system":"url","value":"http://who.int"}]}],"description":"ValueSet IMMZ.D2.DT.Varicella.2Dose for IMMZ.D2.DT.Varicella.2 doses.\nBusiness rule: Determine if the client is due for a varicella vaccination according to the national immunization schedule\nTrigger: IMMZ.D2 Determine required vaccination(s) if any  \nTable: 2-dose schedule","compose":{"include":[{"system":"http://smart.who.int/immunizations/CodeSystem/IMMZ.D2.DT.Inputs","concept":[{"code":"csailt12m-35.42","display":"Client's age is less than 12 months"},{"code":"lvwaitp4w-49.92","display":"Live vaccine was administered in the past 4 weeks"},{"code":"nlvwaitp4w-52.92","display":"No live vaccine was administered in the past 4 weeks"},{"code":"csaimtoet12m-46.42","display":"Cient's age is more than or equal to 12 months"},{"code":"nvpsdwa-51.129","display":"No varicella primary series doses were administered"},{"code":"ovpsdwa-50.128","display":"One varicella primary series dose was administered"},{"code":"tlvdalt4wa-60.112","display":"The latest varicella dose administered less than 4 weeks ago"},{"code":"tlvdamt4wa-60.112","display":"The latest varicella dose administered more than 4 weeks ago"},{"code":"tvpsdwa-52.129","display":"Two varicella primary series doses were administered"}]},{"system":"http://smart.who.int/immunizations/CodeSystem/IMMZ.D2.DT.Outputs","concept":[{"code":"cindfvv-43.48","display":"Client is not due for varicella vaccination"},{"code":"cidfvv-39.44","display":"Client is due for varicella vaccination"},{"code":"visic-43.49","display":"Varicella immunization schedule is complete"}]}]},"expansion":{"timestamp":"2025-06-25T16:39:07.092Z","contains":[{"system":"http://smart.who.int/immunizations/CodeSystem/IMMZ.D2.DT.Inputs","code":"csailt12m-35.42","display":"Client's age is less than 12 months"},{"system":"http://smart.who.int/immunizations/CodeSystem/IMMZ.D2.DT.Inputs","code":"lvwaitp4w-49.92","display":"Live vaccine was administered in the past 4 weeks"},{"system":"http://smart.who.int/immunizations/CodeSystem/IMMZ.D2.DT.Inputs","code":"nlvwaitp4w-52.92","display":"No live vaccine was administered in the past 4 weeks"},{"system":"http://smart.who.int/immunizations/CodeSystem/IMMZ.D2.DT.Inputs","code":"csaimtoet12m-46.42","display":"Cient's age is more than or equal to 12 months"},{"system":"http://smart.who.int/immunizations/CodeSystem/IMMZ.D2.DT.Inputs","code":"nvpsdwa-51.129","display":"No varicella primary series doses were administered"},{"system":"http://smart.who.int/immunizations/CodeSystem/IMMZ.D2.DT.Inputs","code":"ovpsdwa-50.128","display":"One varicella primary series dose was administered"},{"system":"http://smart.who.int/immunizations/CodeSystem/IMMZ.D2.DT.Inputs","code":"tlvdalt4wa-60.112","display":"The latest varicella dose administered less than 4 weeks ago"},{"system":"http://smart.who.int/immunizations/CodeSystem/IMMZ.D2.DT.Inputs","code":"tlvdamt4wa-60.112","display":"The latest varicella dose administered more than 4 weeks ago"},{"system":"http://smart.who.int/immunizations/CodeSystem/IMMZ.D2.DT.Inputs","code":"tvpsdwa-52.129","display":"Two varicella primary series doses were administered"},{"system":"http://smart.who.int/immunizations/CodeSystem/IMMZ.D2.DT.Outputs","code":"cindfvv-43.48","display":"Client is not due for varicella vaccination"},{"system":"http://smart.who.int/immunizations/CodeSystem/IMMZ.D2.DT.Outputs","code":"cidfvv-39.44","display":"Client is due for varicella vaccination"},{"system":"http://smart.who.int/immunizations/CodeSystem/IMMZ.D2.DT.Outputs","code":"visic-43.49","display":"Varicella immunization schedule is complete"}]}}