{"resourceType":"ValueSet","id":"IMMZ.Z.DE31","text":{"status":"generated","div":"<div xmlns=\"http://www.w3.org/1999/xhtml\"><p class=\"res-header-id\"><b>Generated Narrative: ValueSet IMMZ.Z.DE31</b></p><a name=\"IMMZ.Z.DE31\"> </a><a name=\"hcIMMZ.Z.DE31\"> </a><p>This value set expansion contains 7 concepts.</p><table class=\"codes\"><tr><td style=\"white-space:nowrap\"><b>Code</b></td><td><b>System</b></td><td><b>Display</b></td><td><b>Definition</b></td></tr><tr><td style=\"white-space:nowrap\"><a name=\"IMMZ.Z.DE31-http://smart.who.int/immunizations/CodeSystem/IMMZ.Z-DE31\"> </a>\u00a0\u00a0<a href=\"CodeSystem-IMMZ.Z.html#IMMZ.Z-DE31\">DE31</a></td><td>http://smart.who.int/immunizations/CodeSystem/IMMZ.Z</td><td>Inactivated polio vaccines</td><td>Vaccine terminology codes for inactivated polio vaccines (IPV)</td></tr><tr><td style=\"white-space:nowrap\"><a name=\"IMMZ.Z.DE31-http://id.who.int/icd/release/11/mms-XM5V19\"> </a>\u00a0\u00a0XM5V19</td><td>http://id.who.int/icd/release/11/mms</td><td>Poliomyelitis, trivalent, inactivated, whole virus</td><td/></tr><tr><td style=\"white-space:nowrap\"><a name=\"IMMZ.Z.DE31-http://www.whocc.no/atc-J07BF03\"> </a>\u00a0\u00a0J07BF03</td><td>http://www.whocc.no/atc</td><td>Poliomyelitis, trivalent, inactivated, whole virus</td><td/></tr><tr><td style=\"white-space:nowrap\"><a name=\"IMMZ.Z.DE31-http://id.who.int/icd/release/11/mms-XM84S1\"> </a>\u00a0\u00a0XM84S1</td><td>http://id.who.int/icd/release/11/mms</td><td>Diphtheria, hepatitis B, tetanus, acellular pertussis, inactivated polio virus, haemophilus Influenzae type B vaccines</td><td/></tr><tr><td style=\"white-space:nowrap\"><a name=\"IMMZ.Z.DE31-http://www.whocc.no/atc-J07CA09\"> </a>\u00a0\u00a0J07CA09</td><td>http://www.whocc.no/atc</td><td>Diphtheria-haemophilus influenzae B-pertussis-poliomyelitis-tetanus-hepatitis B</td><td/></tr><tr><td style=\"white-space:nowrap\"><a name=\"IMMZ.Z.DE31-http://id.who.int/icd/release/11/mms-XM21E6\"> </a>\u00a0\u00a0XM21E6</td><td>http://id.who.int/icd/release/11/mms</td><td>Diphtheria tetanus, acellular pertussis, inactivated polio virus, haemophilus Influenzae type B vaccines</td><td/></tr><tr><td style=\"white-space:nowrap\"><a name=\"IMMZ.Z.DE31-http://id.who.int/icd/release/11/mms-XM9JP8\"> </a>\u00a0\u00a0XM9JP8</td><td>http://id.who.int/icd/release/11/mms</td><td>Diphtheria, tetanus, acellular pertussis, inactivated polio virus vaccines</td><td/></tr></table></div>"},"url":"http://smart.who.int/immunizations/ValueSet/IMMZ.Z.DE31","version":"0.2.0","name":"IMMZ_Z_DE31","title":"IMMZ.Z.DE31 ValueSet for Inactivated polio vaccines","status":"active","date":"2025-07-23T20:56:04+00:00","publisher":"WHO","contact":[{"name":"WHO","telecom":[{"system":"url","value":"http://who.int"}]}],"description":"ValueSet for Inactivated polio vaccines for IMMZ.Z.DE31","compose":{"include":[{"system":"http://smart.who.int/immunizations/CodeSystem/IMMZ.Z","concept":[{"code":"DE31","display":"Inactivated polio vaccines"}]},{"system":"http://id.who.int/icd/release/11/mms","concept":[{"code":"XM5V19","display":"Poliomyelitis, trivalent, inactivated, whole virus"},{"code":"XM84S1","display":"Diphtheria, hepatitis B, tetanus, acellular pertussis, inactivated polio virus, haemophilus Influenzae type B vaccines"},{"code":"XM21E6","display":"Diphtheria tetanus, acellular pertussis, inactivated polio virus, haemophilus Influenzae type B vaccines"},{"code":"XM9JP8","display":"Diphtheria, tetanus, acellular pertussis, inactivated polio virus vaccines"}]},{"system":"http://www.whocc.no/atc","concept":[{"code":"J07BF03","display":"Poliomyelitis, trivalent, inactivated, whole virus"},{"code":"J07CA09","display":"Diphtheria-haemophilus influenzae B-pertussis-poliomyelitis-tetanus-hepatitis B"}]}]},"expansion":{"timestamp":"2025-06-25T16:39:07.092Z","contains":[{"system":"http://smart.who.int/immunizations/CodeSystem/IMMZ.Z","code":"DE31","display":"Inactivated polio vaccines"},{"system":"http://id.who.int/icd/release/11/mms","code":"XM5V19","display":"Poliomyelitis, trivalent, inactivated, whole virus"},{"system":"http://www.whocc.no/atc","code":"J07BF03","display":"Poliomyelitis, trivalent, inactivated, whole virus"},{"system":"http://id.who.int/icd/release/11/mms","code":"XM84S1","display":"Diphtheria, hepatitis B, tetanus, acellular pertussis, inactivated polio virus, haemophilus Influenzae type B vaccines"},{"system":"http://www.whocc.no/atc","code":"J07CA09","display":"Diphtheria-haemophilus influenzae B-pertussis-poliomyelitis-tetanus-hepatitis B"},{"system":"http://id.who.int/icd/release/11/mms","code":"XM21E6","display":"Diphtheria tetanus, acellular pertussis, inactivated polio virus, haemophilus Influenzae type B vaccines"},{"system":"http://id.who.int/icd/release/11/mms","code":"XM9JP8","display":"Diphtheria, tetanus, acellular pertussis, inactivated polio virus vaccines"}]}}