{"resourceType":"ValueSet","id":"IMMZ.D.DE107","text":{"status":"generated","div":"<div xmlns=\"http://www.w3.org/1999/xhtml\"><p class=\"res-header-id\"><b>Generated Narrative: ValueSet IMMZ.D.DE107</b></p><a name=\"IMMZ.D.DE107\"> </a><a name=\"hcIMMZ.D.DE107\"> </a><p>This value set expansion contains 6 concepts.</p><table class=\"codes\"><tr><td style=\"white-space:nowrap\"><b>Code</b></td><td><b>System</b></td><td><b>Display</b></td><td><b>Definition</b></td></tr><tr><td style=\"white-space:nowrap\"><a name=\"IMMZ.D.DE107-http://smart.who.int/immunizations/CodeSystem/IMMZ.D-DE174\"> </a>\u00a0\u00a0<a href=\"CodeSystem-IMMZ.D.html#IMMZ.D-DE174\">DE174</a></td><td>http://smart.who.int/immunizations/CodeSystem/IMMZ.D</td><td>Non serious</td><td>The reaction resulted in a mild or minor response and did not pose a significant threat to client's health</td></tr><tr><td style=\"white-space:nowrap\"><a name=\"IMMZ.D.DE107-http://smart.who.int/immunizations/CodeSystem/IMMZ.D-DE108\"> </a>\u00a0\u00a0<a href=\"CodeSystem-IMMZ.D.html#IMMZ.D-DE108\">DE108</a></td><td>http://smart.who.int/immunizations/CodeSystem/IMMZ.D</td><td>Death</td><td>The reaction resulted in the client's death</td></tr><tr><td style=\"white-space:nowrap\"><a name=\"IMMZ.D.DE107-http://smart.who.int/immunizations/CodeSystem/IMMZ.D-DE109\"> </a>\u00a0\u00a0<a href=\"CodeSystem-IMMZ.D.html#IMMZ.D-DE109\">DE109</a></td><td>http://smart.who.int/immunizations/CodeSystem/IMMZ.D</td><td>Life threatening</td><td>The reaction threatened the client's life</td></tr><tr><td style=\"white-space:nowrap\"><a name=\"IMMZ.D.DE107-http://smart.who.int/immunizations/CodeSystem/IMMZ.D-DE110\"> </a>\u00a0\u00a0<a href=\"CodeSystem-IMMZ.D.html#IMMZ.D-DE110\">DE110</a></td><td>http://smart.who.int/immunizations/CodeSystem/IMMZ.D</td><td>Disability</td><td>The reaction resulted in a disability</td></tr><tr><td style=\"white-space:nowrap\"><a name=\"IMMZ.D.DE107-http://smart.who.int/immunizations/CodeSystem/IMMZ.D-DE111\"> </a>\u00a0\u00a0<a href=\"CodeSystem-IMMZ.D.html#IMMZ.D-DE111\">DE111</a></td><td>http://smart.who.int/immunizations/CodeSystem/IMMZ.D</td><td>Hospitalization</td><td>The reaction resulted in a hospitalization</td></tr><tr><td style=\"white-space:nowrap\"><a name=\"IMMZ.D.DE107-http://smart.who.int/immunizations/CodeSystem/IMMZ.D-DE112\"> </a>\u00a0\u00a0<a href=\"CodeSystem-IMMZ.D.html#IMMZ.D-DE112\">DE112</a></td><td>http://smart.who.int/immunizations/CodeSystem/IMMZ.D</td><td>Congenital anomaly</td><td>The reaction was a congenital anomaly or birth defect</td></tr></table></div>"},"url":"http://smart.who.int/immunizations/ValueSet/IMMZ.D.DE107","version":"0.2.0","name":"IMMZ_D_DE107","title":"IMMZ.D.DE107 ValueSet for Type of reaction","status":"active","date":"2025-07-23T20:56:04+00:00","publisher":"WHO","contact":[{"name":"WHO","telecom":[{"system":"url","value":"http://who.int"}]}],"description":"ValueSet for Type of reaction for IMMZ.D.DE107","compose":{"include":[{"system":"http://smart.who.int/immunizations/CodeSystem/IMMZ.D","concept":[{"code":"DE174","display":"Non serious"},{"code":"DE108","display":"Death"},{"code":"DE109","display":"Life threatening"},{"code":"DE110","display":"Disability"},{"code":"DE111","display":"Hospitalization"},{"code":"DE112","display":"Congenital anomaly"}]}]},"expansion":{"timestamp":"2025-06-25T16:39:07.092Z","contains":[{"system":"http://smart.who.int/immunizations/CodeSystem/IMMZ.D","code":"DE174","display":"Non serious"},{"system":"http://smart.who.int/immunizations/CodeSystem/IMMZ.D","code":"DE108","display":"Death"},{"system":"http://smart.who.int/immunizations/CodeSystem/IMMZ.D","code":"DE109","display":"Life threatening"},{"system":"http://smart.who.int/immunizations/CodeSystem/IMMZ.D","code":"DE110","display":"Disability"},{"system":"http://smart.who.int/immunizations/CodeSystem/IMMZ.D","code":"DE111","display":"Hospitalization"},{"system":"http://smart.who.int/immunizations/CodeSystem/IMMZ.D","code":"DE112","display":"Congenital anomaly"}]}}