<?xml version="1.0" encoding="UTF-8"?>

<ActivityDefinition xmlns="http://hl7.org/fhir">
  <id value="IMMZD2DTMeaslesMR"/>
  <meta>
    <profile value="http://hl7.org/fhir/uv/cpg/StructureDefinition/cpg-immunizationactivity"/>
  </meta>
  <text>
    <status value="extensions"/><div xmlns="http://www.w3.org/1999/xhtml"><p><b>Generated Narrative: ActivityDefinition</b><a name="IMMZD2DTMeaslesMR"> </a><a name="hcIMMZD2DTMeaslesMR"> </a></p><div style="display: inline-block; background-color: #d9e0e7; padding: 6px; margin: 4px; border: 1px solid #8da1b4; border-radius: 5px; line-height: 60%"><p style="margin-bottom: 0px">Resource ActivityDefinition &quot;IMMZD2DTMeaslesMR&quot; </p><p style="margin-bottom: 0px">Profile: <a href="https://build.fhir.org/ig/HL7/cqf-recommendations/StructureDefinition-cpg-immunizationactivity.html">CPG Immunization Activity</a></p></div><p><b>knowledgeCapability</b>: computable</p><p><b>url</b>: <code>http://smart.who.int/ig/smart-immunizations/ActivityDefinition/IMMZD2DTMeaslesMR</code></p><p><b>version</b>: 0.1.0</p><p><b>name</b>: IMMZD2DTMeaslesMedicationRequest</p><p><b>title</b>: IMMZ.D2.DT.Measles.MR</p><p><b>status</b>: draft</p><p><b>experimental</b>: false</p><p><b>date</b>: 2023-10-23</p><p><b>publisher</b>: World Health Organization (WHO)</p><p><b>contact</b>: World Health Organization (WHO): <a href="https://www.who.int">https://www.who.int</a></p><p><b>description</b>: Provide immunization</p><p><b>jurisdiction</b>: Global (Whole world) <span style="background: LightGoldenRodYellow; margin: 4px; border: 1px solid khaki"> (m49.htm#001)</span></p><p><b>kind</b>: MedicationRequest</p><p><b>profile</b>: <a href="https://build.fhir.org/ig/HL7/cqf-recommendations/StructureDefinition-cpg-immunizationrequest.html">CPG Immunization Request</a></p><p><b>intent</b>: proposal</p><p><b>doNotPerform</b>: false</p><p><b>product</b>: Measles vaccines <span style="background: LightGoldenRodYellow; margin: 4px; border: 1px solid khaki"> (icd-11#XM28X5)</span></p></div>
  </text>
  <extension url="http://hl7.org/fhir/uv/cpg/StructureDefinition/cpg-knowledgeCapability">
    <valueCode value="computable"/>
  </extension>
  <url value="http://smart.who.int/ig/smart-immunizations/ActivityDefinition/IMMZD2DTMeaslesMR"/>
  <version value="0.1.0"/>
  <name value="IMMZD2DTMeaslesMedicationRequest"/>
  <title value="IMMZ.D2.DT.Measles.MR"/>
  <status value="draft"/>
  <experimental value="false"/>
  <date value="2023-10-23"/>
  <publisher value="World Health Organization (WHO)"/>
  <contact>
    <name value="World Health Organization (WHO)"/>
    <telecom>
      <system value="url"/>
      <value value="https://www.who.int"/>
    </telecom>
  </contact>
  <description value="Provide immunization"/>
  <jurisdiction>
    <coding>
      <system value="http://unstats.un.org/unsd/methods/m49/m49.htm"/>
      <code value="001"/>
    </coding>
  </jurisdiction>
  <kind value="MedicationRequest"/>
  <profile value="http://hl7.org/fhir/uv/cpg/StructureDefinition/cpg-immunizationrequest"/>
  <intent value="proposal"/>
  <doNotPerform value="false"/>
  <productCodeableConcept>
    <coding>
      <system value="http://hl7.org/fhir/sid/icd-11"/>
      <code value="XM28X5"/>
      <display value="Measles vaccines"/>
    </coding>
  </productCodeableConcept>
</ActivityDefinition>