{"resourceType":"ActivityDefinition","id":"IMMZD2DTBCGMR","meta":{"profile":["http://hl7.org/fhir/uv/cpg/StructureDefinition/cpg-immunizationactivity"]},"extension":[{"url":"http://hl7.org/fhir/uv/cpg/StructureDefinition/cpg-knowledgeCapability","valueCode":"computable"}],"url":"http://smart.who.int/immunizations/ActivityDefinition/IMMZD2DTBCGMR","version":"0.2.0","name":"IMMZD2DTBCGMedicationRequest","title":"IMMZ.D2.DT.BCG.MR","status":"draft","experimental":false,"date":"2023-10-23","publisher":"WHO","contact":[{"name":"WHO","telecom":[{"system":"url","value":"http://who.int"}]}],"description":"Provide BCG immunization","kind":"MedicationRequest","profile":"http://hl7.org/fhir/uv/cpg/StructureDefinition/cpg-immunizationrequest","intent":"proposal","doNotPerform":false,"productCodeableConcept":{"coding":[{"system":"http://smart.who.int/immunizations/CodeSystem/IMMZ.Z","code":"DE1","display":"BCG vaccines"}]}}