{"resourceType":"ActivityDefinition","id":"IMMZD5DTMumpsMR","meta":{"profile":["http://hl7.org/fhir/uv/cpg/StructureDefinition/cpg-immunizationactivity"]},"extension":[{"url":"http://hl7.org/fhir/uv/cpg/StructureDefinition/cpg-knowledgeCapability","valueCode":"computable"}],"url":"http://smart.who.int/immunizations/ActivityDefinition/IMMZD5DTMumpsMR","version":"0.2.0","name":"IMMZD5DTMumpsMedicationRequest","title":"IMMZ.D5.DT.Mumps.MR","status":"draft","experimental":false,"date":"2023-10-23","publisher":"WHO","contact":[{"name":"WHO","telecom":[{"system":"url","value":"http://who.int"}]}],"description":"Immunization Contraindication","kind":"MedicationRequest","profile":"http://hl7.org/fhir/uv/cpg/StructureDefinition/cpg-immunizationrequest","intent":"proposal","doNotPerform":true,"productCodeableConcept":{"coding":[{"system":"http://smart.who.int/immunizations/CodeSystem/IMMZ.Z","code":"DE11","display":"Mumps-containing vaccines"}]}}