{"resourceType":"CodeSystem","id":"IMMZ.D5.DT.Inputs","text":{"status":"generated","div":"<div xmlns=\"http://www.w3.org/1999/xhtml\"><p class=\"res-header-id\"><b>Generated Narrative: CodeSystem IMMZ.D5.DT.Inputs</b></p><a name=\"IMMZ.D5.DT.Inputs\"> </a><a name=\"hcIMMZ.D5.DT.Inputs\"> </a><p><b>Properties</b></p><p><b>This code system defines the following properties for its concepts</b></p><table class=\"grid\"><tr><td><b>Name</b></td><td><b>Code</b></td><td><b>Type</b></td><td><b>Description</b></td></tr><tr><td>table</td><td>table</td><td>string</td><td>Contraindication Table ID</td></tr></table><p><b>Concepts</b></p><p>This case-insensitive code system <code>http://smart.who.int/immunizations/CodeSystem/IMMZ.D5.DT.Inputs</code> defines the following codes:</p><table class=\"codes\"><tr><td style=\"white-space:nowrap\"><b>Code</b></td><td><b>Display</b></td><td><b>Definition</b></td><td><b>table</b></td></tr><tr><td style=\"white-space:nowrap\">tchhosar-51.63<a name=\"IMMZ.D5.DT.Inputs-tchhosar-51.4663\"> </a></td><td>The client has history of severe allergic reactions</td><td>&quot;Potential contraindications&quot; = &quot;Severe allergic reactions&quot;</td><td>IMMZ.D5.DT.Meningococcal contraindications, IMMZ.D5.DT.Rabies contraindications, IMMZ.D5.DT.Dengue contraindications</td></tr><tr><td style=\"white-space:nowrap\">tcicp-32.56<a name=\"IMMZ.D5.DT.Inputs-tcicp-32.4656\"> </a></td><td>The client is currently pregnant</td><td>&quot;Potential contraindications&quot; = &quot;Currently pregnant&quot;</td><td>IMMZ.D5.DT.Hepatitis A contraindications, IMMZ.D5.DT.Dengue contraindications</td></tr><tr><td style=\"white-space:nowrap\">tcisi-40.64<a name=\"IMMZ.D5.DT.Inputs-tcisi-40.4664\"> </a></td><td>The client is severely immunocompromised</td><td>&quot;Potential contraindications&quot; = &quot;Severely immunocompromised&quot;</td><td>IMMZ.D5.DT.Hepatitis A contraindications, IMMZ.D5.DT.Dengue contraindications</td></tr><tr><td style=\"white-space:nowrap\">tchahosar-53.64<a name=\"IMMZ.D5.DT.Inputs-tchahosar-53.4664\"> </a></td><td>The client has a history of severe allergic reactions</td><td>'&quot;Potential contraindications&quot; = &quot;Severe allergic reactions&quot;</td><td>IMMZ.D5.DT.Hepatitis A contraindications</td></tr><tr><td style=\"white-space:nowrap\">tcii-31.55<a name=\"IMMZ.D5.DT.Inputs-tcii-31.4655\"> </a></td><td>The client is immunocompromised</td><td>&quot;Potential contraindications&quot; = &quot;Immunocompromised&quot;</td><td>IMMZ.D5.DT.Dengue contraindications</td></tr><tr><td style=\"white-space:nowrap\">tcicl-33.52<a name=\"IMMZ.D5.DT.Inputs-tcicl-33.4652\"> </a></td><td>The client is currently lactating</td><td>'&quot;Potential contraindications&quot; = &quot;Breastfeeding&quot;</td><td>IMMZ.D5.DT.Dengue contraindications</td></tr><tr><td style=\"white-space:nowrap\">tchhoar-48.70<a name=\"IMMZ.D5.DT.Inputs-tchhoar-48.4670\"> </a></td><td>The client has history of anaphylactic reactions</td><td>&quot;Potential contraindications&quot; =&quot;History of anaphylactic reactions&quot;</td><td>IMMZ.D5.DT.Dengue contraindications</td></tr><tr><td style=\"white-space:nowrap\">tchis-41.64<a name=\"IMMZ.D5.DT.Inputs-tchis-41.4664\"> </a></td><td>The client has immunodeficiency syndromes</td><td>&quot;Potential contraindications&quot; = &quot;Immunodeficiency syndromes&quot;</td><td>IMMZ.D5.DT.Dengue contraindications</td></tr><tr><td style=\"white-space:nowrap\">tcisi-39.63<a name=\"IMMZ.D5.DT.Inputs-tcisi-39.4663\"> </a></td><td>The client is severely immunosuppressed</td><td>&quot;Potential contraindications&quot; = &quot;Severely immunosuppressed&quot;</td><td>IMMZ.D5.DT.Dengue contraindications</td></tr><tr><td style=\"white-space:nowrap\">tchshi-40.63<a name=\"IMMZ.D5.DT.Inputs-tchshi-40.4663\"> </a></td><td>The client has symptomatic HIV infection</td><td>&quot;Potential contraindications&quot; = &quot;Symptomatic HIV infection&quot;</td><td>IMMZ.D5.DT.Dengue contraindications</td></tr><tr><td style=\"white-space:nowrap\">tchhtaotvc-64.72<a name=\"IMMZ.D5.DT.Inputs-tchhtaotvc-64.4672\"> </a></td><td>The client has hypersensitivity to any of the vaccine components</td><td>&quot;Potential contraindications&quot; = &quot;Hypersensitivity to vaccine components&quot;</td><td>IMMZ.D5.DT.Malaria contraindications</td></tr><tr><td style=\"white-space:nowrap\">tcicp-32.52<a name=\"IMMZ.D5.DT.Inputs-tcicp-32.4652\"> </a></td><td>The client is currently pregnant</td><td>&quot;Potential contraindications&quot; = &quot;Currently pregnant&quot;</td><td>IMMZ.D5.DT.Mumps contraindications, IMMZ.D5.DT.Varicella contraindications</td></tr><tr><td style=\"white-space:nowrap\">tchatvc-44.60<a name=\"IMMZ.D5.DT.Inputs-tchatvc-44.4660\"> </a></td><td>The client has allergy to vaccine components</td><td>'&quot;Potential contraindications&quot; = &quot;Severe allergic reactions&quot;</td><td>IMMZ.D5.DT.Mumps contraindications</td></tr><tr><td style=\"white-space:nowrap\">tchid-32.60<a name=\"IMMZ.D5.DT.Inputs-tchid-32.4660\"> </a></td><td>The client has immune deficiency</td><td>&quot;Potential contraindications&quot; = &quot;Immunodeficiency syndromes&quot;</td><td>IMMZ.D5.DT.Mumps contraindications, IMMZ.D5.DT.Varicella contraindications</td></tr><tr><td style=\"white-space:nowrap\">tcisi-39.59<a name=\"IMMZ.D5.DT.Inputs-tcisi-39.4659\"> </a></td><td>The client is severely immunosuppressed</td><td>&quot;Potential contraindications&quot; = &quot;Severely immunosuppressed&quot;</td><td>IMMZ.D5.DT.Mumps contraindications</td></tr><tr><td style=\"white-space:nowrap\">tchahoar-50.67<a name=\"IMMZ.D5.DT.Inputs-tchahoar-50.4667\"> </a></td><td>The client has a history of anaphylactic reactions</td><td>&quot;Potential contraindications&quot; = &quot;History of anaphylactic reactions&quot;</td><td>IMMZ.D5.DT.Seasonal influenza contraindications</td></tr><tr><td style=\"white-space:nowrap\">tchahosaraapdotavc-101.59<a name=\"IMMZ.D5.DT.Inputs-tchahosaraapdotavc-101.4659\"> </a></td><td>The client has a history of severe allergic reactions after a previous dose or to a vaccine component</td><td>&quot;Potential contraindications&quot; = &quot;Severe allergic reactions&quot;</td><td>IMMZ.D5.DT.Seasonal influenza contraindications</td></tr><tr><td style=\"white-space:nowrap\">tciptgpitnm-56.76<a name=\"IMMZ.D5.DT.Inputs-tciptgpitnm-56.4676\"> </a></td><td>The client is planning to get pregnant in the next month</td><td>&quot;Potential contraindications&quot; = &quot;Planning to get pregnant in the next month&quot;</td><td>IMMZ.D5.DT.Varicella contraindications</td></tr><tr><td style=\"white-space:nowrap\">tcii-31.51<a name=\"IMMZ.D5.DT.Inputs-tcii-31.4651\"> </a></td><td>The client is immunocompromised</td><td>&quot;Potential contraindications&quot; = &quot;Immunocompromised&quot;</td><td>IMMZ.D5.DT.Varicella contraindications</td></tr><tr><td style=\"white-space:nowrap\">tcirohrmtmbi-81.72<a name=\"IMMZ.D5.DT.Inputs-tcirohrmtmbi-81.4672\"> </a></td><td>The client is receiving or has received medications that may be immunosuppressive</td><td>&quot;Potential contraindications&quot; = &quot;Exposed to immunosuppressive treatment&quot;</td><td>IMMZ.D5.DT.Varicella contraindications</td></tr></table></div>"},"url":"http://smart.who.int/immunizations/CodeSystem/IMMZ.D5.DT.Inputs","version":"0.2.0","name":"IMMZ_D5_DT_Inputs","title":"IMMZ.D5.DT.Inputs CodeSystem for Decision Table Inputs","status":"active","experimental":false,"date":"2025-06-25T20:08:00+00:00","publisher":"WHO","contact":[{"name":"WHO","telecom":[{"system":"url","value":"http://who.int"}]}],"description":"CodeSystem for Decision Table Inputs","caseSensitive":false,"content":"complete","count":20,"property":[{"code":"table","description":"Contraindication Table ID","type":"string"}],"concept":[{"code":"tchhosar-51.63","display":"The client has history of severe allergic reactions","definition":"\"Potential contraindications\" = \"Severe allergic reactions\"","property":[{"code":"table","valueString":"IMMZ.D5.DT.Meningococcal contraindications"},{"code":"table","valueString":"IMMZ.D5.DT.Rabies contraindications"},{"code":"table","valueString":"IMMZ.D5.DT.Dengue contraindications"}]},{"code":"tcicp-32.56","display":"The client is currently pregnant","definition":"\"Potential contraindications\" = \"Currently pregnant\"","property":[{"code":"table","valueString":"IMMZ.D5.DT.Hepatitis A contraindications"},{"code":"table","valueString":"IMMZ.D5.DT.Dengue contraindications"}]},{"code":"tcisi-40.64","display":"The client is severely immunocompromised","definition":"\"Potential contraindications\" = \"Severely immunocompromised\"","property":[{"code":"table","valueString":"IMMZ.D5.DT.Hepatitis A contraindications"},{"code":"table","valueString":"IMMZ.D5.DT.Dengue contraindications"}]},{"code":"tchahosar-53.64","display":"The client has a history of severe allergic reactions","definition":"'\"Potential contraindications\" = \"Severe allergic reactions\"","property":[{"code":"table","valueString":"IMMZ.D5.DT.Hepatitis A contraindications"}]},{"code":"tcii-31.55","display":"The client is immunocompromised","definition":"\"Potential contraindications\" = \"Immunocompromised\"","property":[{"code":"table","valueString":"IMMZ.D5.DT.Dengue contraindications"}]},{"code":"tcicl-33.52","display":"The client is currently lactating","definition":"'\"Potential contraindications\" = \"Breastfeeding\"","property":[{"code":"table","valueString":"IMMZ.D5.DT.Dengue contraindications"}]},{"code":"tchhoar-48.70","display":"The client has history of anaphylactic reactions","definition":"\"Potential contraindications\" =\"History of anaphylactic reactions\"","property":[{"code":"table","valueString":"IMMZ.D5.DT.Dengue contraindications"}]},{"code":"tchis-41.64","display":"The client has immunodeficiency syndromes","definition":"\"Potential contraindications\" = \"Immunodeficiency syndromes\"","property":[{"code":"table","valueString":"IMMZ.D5.DT.Dengue contraindications"}]},{"code":"tcisi-39.63","display":"The client is severely immunosuppressed","definition":"\"Potential contraindications\" = \"Severely immunosuppressed\"","property":[{"code":"table","valueString":"IMMZ.D5.DT.Dengue contraindications"}]},{"code":"tchshi-40.63","display":"The client has symptomatic HIV infection","definition":"\"Potential contraindications\" = \"Symptomatic HIV infection\"","property":[{"code":"table","valueString":"IMMZ.D5.DT.Dengue contraindications"}]},{"code":"tchhtaotvc-64.72","display":"The client has hypersensitivity to any of the vaccine components","definition":"\"Potential contraindications\" = \"Hypersensitivity to vaccine components\"","property":[{"code":"table","valueString":"IMMZ.D5.DT.Malaria contraindications"}]},{"code":"tcicp-32.52","display":"The client is currently pregnant","definition":"\"Potential contraindications\" = \"Currently pregnant\"","property":[{"code":"table","valueString":"IMMZ.D5.DT.Mumps contraindications"},{"code":"table","valueString":"IMMZ.D5.DT.Varicella contraindications"}]},{"code":"tchatvc-44.60","display":"The client has allergy to vaccine components","definition":"'\"Potential contraindications\" = \"Severe allergic reactions\"","property":[{"code":"table","valueString":"IMMZ.D5.DT.Mumps contraindications"}]},{"code":"tchid-32.60","display":"The client has immune deficiency","definition":"\"Potential contraindications\" = \"Immunodeficiency syndromes\"","property":[{"code":"table","valueString":"IMMZ.D5.DT.Mumps contraindications"},{"code":"table","valueString":"IMMZ.D5.DT.Varicella contraindications"}]},{"code":"tcisi-39.59","display":"The client is severely immunosuppressed","definition":"\"Potential contraindications\" = \"Severely immunosuppressed\"","property":[{"code":"table","valueString":"IMMZ.D5.DT.Mumps contraindications"}]},{"code":"tchahoar-50.67","display":"The client has a history of anaphylactic reactions","definition":"\"Potential contraindications\" = \"History of anaphylactic reactions\"","property":[{"code":"table","valueString":"IMMZ.D5.DT.Seasonal influenza contraindications"}]},{"code":"tchahosaraapdotavc-101.59","display":"The client has a history of severe allergic reactions after a previous dose or to a vaccine component","definition":"\"Potential contraindications\" = \"Severe allergic reactions\"","property":[{"code":"table","valueString":"IMMZ.D5.DT.Seasonal influenza contraindications"}]},{"code":"tciptgpitnm-56.76","display":"The client is planning to get pregnant in the next month","definition":"\"Potential contraindications\" = \"Planning to get pregnant in the next month\"","property":[{"code":"table","valueString":"IMMZ.D5.DT.Varicella contraindications"}]},{"code":"tcii-31.51","display":"The client is immunocompromised","definition":"\"Potential contraindications\" = \"Immunocompromised\"","property":[{"code":"table","valueString":"IMMZ.D5.DT.Varicella contraindications"}]},{"code":"tcirohrmtmbi-81.72","display":"The client is receiving or has received medications that may be immunosuppressive","definition":"\"Potential contraindications\" = \"Exposed to immunosuppressive treatment\"","property":[{"code":"table","valueString":"IMMZ.D5.DT.Varicella contraindications"}]}]}