{"resourceType":"PlanDefinition","id":"IMMZD18SMeningococcalMenA2","meta":{"profile":["http://hl7.org/fhir/uv/cpg/StructureDefinition/cpg-recommendationdefinition","http://hl7.org/fhir/uv/crmi/StructureDefinition/crmi-shareableplandefinition","http://hl7.org/fhir/uv/crmi/StructureDefinition/crmi-publishableplandefinition"]},"extension":[{"url":"http://hl7.org/fhir/uv/cpg/StructureDefinition/cpg-knowledgeCapability","valueCode":"computable"}],"url":"http://smart.who.int/immunizations/PlanDefinition/IMMZD18SMeningococcalMenA2","version":"0.2.0","name":"IMMZD18SMeningococcalMenA2","title":"IMMZ.D18.S.Meningococcal.MenA conjugate vaccine 2-dose schedule","type":{"coding":[{"system":"http://terminology.hl7.org/CodeSystem/plan-definition-type","code":"eca-rule"}]},"status":"draft","experimental":false,"date":"2025-06-25T20:08:00+00:00","publisher":"WHO","contact":[{"name":"WHO","telecom":[{"system":"url","value":"http://who.int"}]}],"description":"IMMZ.D18.S.Meningococcal.MenA conjugate vaccine 2-dose schedule\nMenA conjugate vaccine, 2-dose schedule (specific context where there is a compelling reason to vaccinate infants aged under 9 months)","relatedArtifact":[{"type":"citation","citation":"WHO recommendations for routine immunization - summary tables (January 2025)"}],"library":["http://smart.who.int/immunizations/Library/IMMZD18SMeningococcalMenA2Logic"],"action":[{"title":"Meningococcal dose 1","description":"Provision of the meningococcal dose 1\nTrigger event: Child's birth\nTrigger date: \"Date of birth\"\nCreate condition: If, in a specific context, there is a compelling reason to vaccinate infants aged under 9 months, a 2-priming dose infant schedule should be used starting at 3 months of age.","condition":[{"kind":"applicability","expression":{"description":"Meningococcal dose 1","language":"text/cql-identifier","expression":"Meningococcal dose 1"}}],"definitionCanonical":"http://smart.who.int/immunizations/ActivityDefinition/IMMZD2DTCR","dynamicValue":[{"path":"status","expression":{"language":"text/cql-expression","expression":"'active'"}},{"path":"payload.contentString","expression":{"language":"text/cql-identifier","expression":"Meningococcal dose 1 Create"}},{"path":"category.coding","expression":{"description":"Category of communication","language":"text/cql-expression","expression":"Code { system: 'http://terminology.hl7.org/CodeSystem/communication-category', code: 'alert' }"}},{"path":"priority","expression":{"description":"Alert priority","language":"text/cql-expression","expression":"Code { system: 'http://hl7.org/fhir/request-priority', code: 'routine' }"}}]},{"title":"Meningococcal dose 2","description":"Provision of the meningococcal dose 2\nTrigger event: First meningococcal dose from the primary series was administered\nCount of vaccines administered (where \"Vaccine type\" = \"Meningococcal vaccines\") = 1\nTrigger date: \"Date and time of vaccination\" (where \"Vaccine type\" = \"Meningococcal vaccines\")\nCreate condition: Meningococcal dose 2 should be provided if the client's age is 3–9 months, 8 weeks after the first dose, and there is a compelling reason to vaccinate the infant.","condition":[{"kind":"applicability","expression":{"description":"Meningococcal dose 2","language":"text/cql-identifier","expression":"Meningococcal dose 2"}}],"definitionCanonical":"http://smart.who.int/immunizations/ActivityDefinition/IMMZD2DTCR","dynamicValue":[{"path":"status","expression":{"language":"text/cql-expression","expression":"'active'"}},{"path":"payload.contentString","expression":{"language":"text/cql-identifier","expression":"Meningococcal dose 2 Create"}},{"path":"category.coding","expression":{"description":"Category of communication","language":"text/cql-expression","expression":"Code { system: 'http://terminology.hl7.org/CodeSystem/communication-category', code: 'alert' }"}},{"path":"priority","expression":{"description":"Alert priority","language":"text/cql-expression","expression":"Code { system: 'http://hl7.org/fhir/request-priority', code: 'routine' }"}}]}]}