{"resourceType":"ValueSet","id":"IMMZ.D.Observation","text":{"status":"generated","div":"<div xmlns=\"http://www.w3.org/1999/xhtml\"><p class=\"res-header-id\"><b>Generated Narrative: ValueSet IMMZ.D.Observation</b></p><a name=\"IMMZ.D.Observation\"> </a><a name=\"hcIMMZ.D.Observation\"> </a><p>This value set expansion contains 21 concepts.</p><table class=\"codes\"><tr><td style=\"white-space:nowrap\"><b>Code</b></td><td><b>System</b></td><td><b>Display</b></td><td><b>Definition</b></td></tr><tr><td style=\"white-space:nowrap\"><a name=\"IMMZ.D.Observation-http://smart.who.int/immunizations/CodeSystem/IMMZ.D-DE263\"> </a>\u00a0\u00a0<a href=\"CodeSystem-IMMZ.D.html#IMMZ.D-DE263\">DE263</a></td><td>http://smart.who.int/immunizations/CodeSystem/IMMZ.D</td><td>Birth dose</td><td>Indicates if the client received a dose within 24 hours of birth. Whether a birth dose is counted as part of the primary series will depend on the antigen</td></tr><tr><td style=\"white-space:nowrap\"><a name=\"IMMZ.D.Observation-http://smart.who.int/immunizations/CodeSystem/IMMZ.D-DE203\"> </a>\u00a0\u00a0<a href=\"CodeSystem-IMMZ.D.html#IMMZ.D-DE203\">DE203</a></td><td>http://smart.who.int/immunizations/CodeSystem/IMMZ.D</td><td>Completed the primary vaccination series</td><td>Indicates if the client has completed the primary vaccination series of a product/antigen. If the client has not yet completed their primary series, it means they may be expected to receive more doses to complete their vaccination regimen for the respective product/antigen</td></tr><tr><td style=\"white-space:nowrap\"><a name=\"IMMZ.D.Observation-http://smart.who.int/immunizations/CodeSystem/IMMZ.D-DE257\"> </a>\u00a0\u00a0<a href=\"CodeSystem-IMMZ.D.html#IMMZ.D-DE257\">DE257</a></td><td>http://smart.who.int/immunizations/CodeSystem/IMMZ.D</td><td>Completed the booster series</td><td>Indicates if the client has completed the booster series of a product/antigen</td></tr><tr><td style=\"white-space:nowrap\"><a name=\"IMMZ.D.Observation-http://smart.who.int/immunizations/CodeSystem/IMMZ.D-DE242\"> </a>\u00a0\u00a0<a href=\"CodeSystem-IMMZ.D.html#IMMZ.D-DE242\">DE242</a></td><td>http://smart.who.int/immunizations/CodeSystem/IMMZ.D</td><td>Date when primary vaccination series was completed</td><td>The date when the client completed the primary vaccination series (per product/antigen)</td></tr><tr><td style=\"white-space:nowrap\"><a name=\"IMMZ.D.Observation-http://smart.who.int/immunizations/CodeSystem/IMMZ.D-DE204\"> </a>\u00a0\u00a0<a href=\"CodeSystem-IMMZ.D.html#IMMZ.D-DE204\">DE204</a></td><td>http://smart.who.int/immunizations/CodeSystem/IMMZ.D</td><td>HIV status</td><td>The current HIV status of the client</td></tr><tr><td style=\"white-space:nowrap\"><a name=\"IMMZ.D.Observation-http://smart.who.int/immunizations/CodeSystem/IMMZ.D-DE208\"> </a>\u00a0\u00a0<a href=\"CodeSystem-IMMZ.D.html#IMMZ.D-DE208\">DE208</a></td><td>http://smart.who.int/immunizations/CodeSystem/IMMZ.D</td><td>Preterm birth</td><td>The infant was preterm; the mother gave birth to the infant when gestational age was less than 37 weeks</td></tr><tr><td style=\"white-space:nowrap\"><a name=\"IMMZ.D.Observation-http://smart.who.int/immunizations/CodeSystem/IMMZ.D-DE209\"> </a>\u00a0\u00a0<a href=\"CodeSystem-IMMZ.D.html#IMMZ.D-DE209\">DE209</a></td><td>http://smart.who.int/immunizations/CodeSystem/IMMZ.D</td><td>Immunocompromised</td><td>The client is known to be immunocompromised. This means the client has a weakened immune system and having a reduced ability to fight infections and other diseases</td></tr><tr><td style=\"white-space:nowrap\"><a name=\"IMMZ.D.Observation-http://smart.who.int/immunizations/CodeSystem/IMMZ.D-DE210\"> </a>\u00a0\u00a0<a href=\"CodeSystem-IMMZ.D.html#IMMZ.D-DE210\">DE210</a></td><td>http://smart.who.int/immunizations/CodeSystem/IMMZ.D</td><td>Currently on ART</td><td>The client is currently receiving antiretroviral therapy (ART)</td></tr><tr><td style=\"white-space:nowrap\"><a name=\"IMMZ.D.Observation-http://smart.who.int/immunizations/CodeSystem/IMMZ.D-DE243\"> </a>\u00a0\u00a0<a href=\"CodeSystem-IMMZ.D.html#IMMZ.D-DE243\">DE243</a></td><td>http://smart.who.int/immunizations/CodeSystem/IMMZ.D</td><td>Type of TB infection test performed</td><td>The type of tuberculosis (TB) infection test performed</td></tr><tr><td style=\"white-space:nowrap\"><a name=\"IMMZ.D.Observation-http://smart.who.int/immunizations/CodeSystem/IMMZ.D-DE246\"> </a>\u00a0\u00a0<a href=\"CodeSystem-IMMZ.D.html#IMMZ.D-DE246\">DE246</a></td><td>http://smart.who.int/immunizations/CodeSystem/IMMZ.D</td><td>TB infection test result</td><td>Records the result of the TB infection test</td></tr><tr><td style=\"white-space:nowrap\"><a name=\"IMMZ.D.Observation-http://smart.who.int/immunizations/CodeSystem/IMMZ.D-DE249\"> </a>\u00a0\u00a0<a href=\"CodeSystem-IMMZ.D.html#IMMZ.D-DE249\">DE249</a></td><td>http://smart.who.int/immunizations/CodeSystem/IMMZ.D</td><td>Immunologically stable</td><td>The client is living with HIV and is immunologically stable with CD4 count or percentage above a minimum as defined in the HIV guidelines</td></tr><tr><td style=\"white-space:nowrap\"><a name=\"IMMZ.D.Observation-http://smart.who.int/immunizations/CodeSystem/IMMZ.D-DE250\"> </a>\u00a0\u00a0<a href=\"CodeSystem-IMMZ.D.html#IMMZ.D-DE250\">DE250</a></td><td>http://smart.who.int/immunizations/CodeSystem/IMMZ.D</td><td>Clinically well</td><td>The client is living with HIV and is clinically well, as defined in HIV guidelines and WHO clinical staging</td></tr><tr><td style=\"white-space:nowrap\"><a name=\"IMMZ.D.Observation-http://smart.who.int/immunizations/CodeSystem/IMMZ.D-DE211\"> </a>\u00a0\u00a0<a href=\"CodeSystem-IMMZ.D.html#IMMZ.D-DE211\">DE211</a></td><td>http://smart.who.int/immunizations/CodeSystem/IMMZ.D</td><td>Birth weight in grams</td><td>Represents the client's birth weight value measures in grams</td></tr><tr><td style=\"white-space:nowrap\"><a name=\"IMMZ.D.Observation-http://smart.who.int/immunizations/CodeSystem/IMMZ.D-DE215\"> </a>\u00a0\u00a0<a href=\"CodeSystem-IMMZ.D.html#IMMZ.D-DE215\">DE215</a></td><td>http://smart.who.int/immunizations/CodeSystem/IMMZ.D</td><td>ART start date</td><td>The date on which the client started or restarted ART</td></tr><tr><td style=\"white-space:nowrap\"><a name=\"IMMZ.D.Observation-http://smart.who.int/immunizations/CodeSystem/IMMZ.D-DE251\"> </a>\u00a0\u00a0<a href=\"CodeSystem-IMMZ.D.html#IMMZ.D-DE251\">DE251</a></td><td>http://smart.who.int/immunizations/CodeSystem/IMMZ.D</td><td>High risk of pneumococcal infection</td><td>The client is at high risk for pneumococcal infection because of underlying medical conditions (i.e. HIV infection or sickle-cell disease)</td></tr><tr><td style=\"white-space:nowrap\"><a name=\"IMMZ.D.Observation-http://smart.who.int/immunizations/CodeSystem/IMMZ.D-DE236\"> </a>\u00a0\u00a0<a href=\"CodeSystem-IMMZ.D.html#IMMZ.D-DE236\">DE236</a></td><td>http://smart.who.int/immunizations/CodeSystem/IMMZ.D</td><td>Age in months when client received first meningococcal dose</td><td>The age in months when client received their first meningococcal dose</td></tr><tr><td style=\"white-space:nowrap\"><a name=\"IMMZ.D.Observation-http://smart.who.int/immunizations/CodeSystem/IMMZ.D-DE240\"> </a>\u00a0\u00a0<a href=\"CodeSystem-IMMZ.D.html#IMMZ.D-DE240\">DE240</a></td><td>http://smart.who.int/immunizations/CodeSystem/IMMZ.D</td><td>VNA level</td><td>Vaccine-induced neutralizing antibody (VNA) level, measured as a serum antibody concentration from the result of the concentrated, purified cell culture-derived and embryonated egg-based rabies vaccines (CCEEV)</td></tr><tr><td style=\"white-space:nowrap\"><a name=\"IMMZ.D.Observation-http://smart.who.int/immunizations/CodeSystem/IMMZ.D-DE253\"> </a>\u00a0\u00a0<a href=\"CodeSystem-IMMZ.D.html#IMMZ.D-DE253\">DE253</a></td><td>http://smart.who.int/immunizations/CodeSystem/IMMZ.D</td><td>Risk of occupational exposure to rabies virus</td><td>Professional at risk of occupational exposure to rabies virus, particularly animal health workers. Also considered for medical professionals who regularly provide care to persons with rabies</td></tr><tr><td style=\"white-space:nowrap\"><a name=\"IMMZ.D.Observation-http://smart.who.int/immunizations/CodeSystem/IMMZ.D-DE241\"> </a>\u00a0\u00a0<a href=\"CodeSystem-IMMZ.D.html#IMMZ.D-DE241\">DE241</a></td><td>http://smart.who.int/immunizations/CodeSystem/IMMZ.D</td><td>Dengue serostatus</td><td>Indicates the result of a serological test determining whether the client has antibodies against the dengue virus</td></tr><tr><td style=\"white-space:nowrap\"><a name=\"IMMZ.D.Observation-http://smart.who.int/immunizations/CodeSystem/IMMZ.D-DE201\"> </a>\u00a0\u00a0<a href=\"CodeSystem-IMMZ.D.html#IMMZ.D-DE201\">DE201</a></td><td>http://smart.who.int/immunizations/CodeSystem/IMMZ.D</td><td>Contact date</td><td>The date and time of the client's contact</td></tr><tr><td style=\"white-space:nowrap\"><a name=\"IMMZ.D.Observation-http://smart.who.int/immunizations/CodeSystem/IMMZ.D-DE202\"> </a>\u00a0\u00a0<a href=\"CodeSystem-IMMZ.D.html#IMMZ.D-DE202\">DE202</a></td><td>http://smart.who.int/immunizations/CodeSystem/IMMZ.D</td><td>ANC contact number</td><td>The antenatal care (ANC) contact or visit number </td></tr></table></div>"},"url":"http://smart.who.int/immunizations/ValueSet/IMMZ.D.Observation","version":"0.2.0","name":"IMMZ_D_Observation","title":"IMMZ.D.Observation ValueSet for Sex","status":"active","date":"2025-06-25T20:08:00+00:00","publisher":"WHO","contact":[{"name":"WHO","telecom":[{"system":"url","value":"http://who.int"}]}],"description":"ValueSet for Observation codes for IMMZ.D","compose":{"include":[{"system":"http://smart.who.int/immunizations/CodeSystem/IMMZ.D","concept":[{"code":"DE263","display":"Birth dose"},{"code":"DE203","display":"Completed the primary vaccination series"},{"code":"DE257","display":"Completed the booster series"},{"code":"DE242","display":"Date when primary vaccination series was completed"},{"code":"DE204","display":"HIV status"},{"code":"DE208","display":"Preterm birth"},{"code":"DE209","display":"Immunocompromised"},{"code":"DE210","display":"Currently on ART"},{"code":"DE243","display":"Type of TB infection test performed"},{"code":"DE246","display":"TB infection test result"},{"code":"DE249","display":"Immunologically stable"},{"code":"DE250","display":"Clinically well"},{"code":"DE211","display":"Birth weight in grams"},{"code":"DE215","display":"ART start date"},{"code":"DE251","display":"High risk of pneumococcal infection"},{"code":"DE236","display":"Age in months when client received first meningococcal dose"},{"code":"DE240","display":"VNA level"},{"code":"DE253","display":"Risk of occupational exposure to rabies virus"},{"code":"DE241","display":"Dengue serostatus"},{"code":"DE201","display":"Contact date"},{"code":"DE202","display":"ANC contact number"}]}]},"expansion":{"timestamp":"2025-06-25T16:39:07.092Z","contains":[{"system":"http://smart.who.int/immunizations/CodeSystem/IMMZ.D","code":"DE263","display":"Birth dose"},{"system":"http://smart.who.int/immunizations/CodeSystem/IMMZ.D","code":"DE203","display":"Completed the primary vaccination series"},{"system":"http://smart.who.int/immunizations/CodeSystem/IMMZ.D","code":"DE257","display":"Completed the booster series"},{"system":"http://smart.who.int/immunizations/CodeSystem/IMMZ.D","code":"DE242","display":"Date when primary vaccination series was completed"},{"system":"http://smart.who.int/immunizations/CodeSystem/IMMZ.D","code":"DE204","display":"HIV status"},{"system":"http://smart.who.int/immunizations/CodeSystem/IMMZ.D","code":"DE208","display":"Preterm birth"},{"system":"http://smart.who.int/immunizations/CodeSystem/IMMZ.D","code":"DE209","display":"Immunocompromised"},{"system":"http://smart.who.int/immunizations/CodeSystem/IMMZ.D","code":"DE210","display":"Currently on ART"},{"system":"http://smart.who.int/immunizations/CodeSystem/IMMZ.D","code":"DE243","display":"Type of TB infection test performed"},{"system":"http://smart.who.int/immunizations/CodeSystem/IMMZ.D","code":"DE246","display":"TB infection test result"},{"system":"http://smart.who.int/immunizations/CodeSystem/IMMZ.D","code":"DE249","display":"Immunologically stable"},{"system":"http://smart.who.int/immunizations/CodeSystem/IMMZ.D","code":"DE250","display":"Clinically well"},{"system":"http://smart.who.int/immunizations/CodeSystem/IMMZ.D","code":"DE211","display":"Birth weight in grams"},{"system":"http://smart.who.int/immunizations/CodeSystem/IMMZ.D","code":"DE215","display":"ART start date"},{"system":"http://smart.who.int/immunizations/CodeSystem/IMMZ.D","code":"DE251","display":"High risk of pneumococcal infection"},{"system":"http://smart.who.int/immunizations/CodeSystem/IMMZ.D","code":"DE236","display":"Age in months when client received first meningococcal dose"},{"system":"http://smart.who.int/immunizations/CodeSystem/IMMZ.D","code":"DE240","display":"VNA level"},{"system":"http://smart.who.int/immunizations/CodeSystem/IMMZ.D","code":"DE253","display":"Risk of occupational exposure to rabies virus"},{"system":"http://smart.who.int/immunizations/CodeSystem/IMMZ.D","code":"DE241","display":"Dengue serostatus"},{"system":"http://smart.who.int/immunizations/CodeSystem/IMMZ.D","code":"DE201","display":"Contact date"},{"system":"http://smart.who.int/immunizations/CodeSystem/IMMZ.D","code":"DE202","display":"ANC contact number"}]}}