{"resourceType":"ValueSet","id":"IMMZ.Z.DE23","text":{"status":"generated","div":"<div xmlns=\"http://www.w3.org/1999/xhtml\"><p class=\"res-header-id\"><b>Generated Narrative: ValueSet IMMZ.Z.DE23</b></p><a name=\"IMMZ.Z.DE23\"> </a><a name=\"hcIMMZ.Z.DE23\"> </a><p>This value set expansion contains 7 concepts.</p><table class=\"codes\"><tr><td style=\"white-space:nowrap\"><b>Code</b></td><td><b>System</b></td><td><b>Display</b></td><td><b>Definition</b></td></tr><tr><td style=\"white-space:nowrap\"><a name=\"IMMZ.Z.DE23-http://smart.who.int/immunizations/CodeSystem/IMMZ.Z-DE23\"> </a>\u00a0\u00a0<a href=\"CodeSystem-IMMZ.Z.html#IMMZ.Z-DE23\">DE23</a></td><td>http://smart.who.int/immunizations/CodeSystem/IMMZ.Z</td><td>Yellow fever vaccines</td><td>Vaccine terminology codes for yellow fever</td></tr><tr><td style=\"white-space:nowrap\"><a name=\"IMMZ.Z.DE23-http://id.who.int/icd/release/11/mms-XM0N24\"> </a>\u00a0\u00a0XM0N24</td><td>http://id.who.int/icd/release/11/mms</td><td>Yellow fever vaccine</td><td/></tr><tr><td style=\"white-space:nowrap\"><a name=\"IMMZ.Z.DE23-http://snomed.info/sct-836385002\"> </a>\u00a0\u00a0<a href=\"http://snomed.info/id/836385002\">836385002</a></td><td>http://snomed.info/sct</td><td>Yellow fever virus antigen-containing vaccine product</td><td/></tr><tr><td style=\"white-space:nowrap\"><a name=\"IMMZ.Z.DE23-http://www.whocc.no/atc-J07BL\"> </a>\u00a0\u00a0J07BL</td><td>http://www.whocc.no/atc</td><td>Yellow fever vaccines</td><td/></tr><tr><td style=\"white-space:nowrap\"><a name=\"IMMZ.Z.DE23-http://id.who.int/icd/release/11/mms-XM3418\"> </a>\u00a0\u00a0XM3418</td><td>http://id.who.int/icd/release/11/mms</td><td>Yellow fever, live attenuated</td><td/></tr><tr><td style=\"white-space:nowrap\"><a name=\"IMMZ.Z.DE23-http://snomed.info/sct-1121000221106\"> </a>\u00a0\u00a0<a href=\"http://snomed.info/id/1121000221106\">1121000221106</a></td><td>http://snomed.info/sct</td><td>Live attenuated Yellow fever virus antigen only vaccine product</td><td/></tr><tr><td style=\"white-space:nowrap\"><a name=\"IMMZ.Z.DE23-http://www.whocc.no/atc-J07BL01\"> </a>\u00a0\u00a0J07BL01</td><td>http://www.whocc.no/atc</td><td>Yellow fever, live attenuated</td><td/></tr></table></div>"},"url":"http://smart.who.int/immunizations/ValueSet/IMMZ.Z.DE23","version":"0.2.0","name":"IMMZ_Z_DE23","title":"IMMZ.Z.DE23 ValueSet for Yellow fever vaccines","status":"active","date":"2025-06-25T20:08:00+00:00","publisher":"WHO","contact":[{"name":"WHO","telecom":[{"system":"url","value":"http://who.int"}]}],"description":"ValueSet for Yellow fever vaccines for IMMZ.Z.DE23","compose":{"include":[{"system":"http://smart.who.int/immunizations/CodeSystem/IMMZ.Z","concept":[{"code":"DE23","display":"Yellow fever vaccines"}]},{"system":"http://id.who.int/icd/release/11/mms","concept":[{"code":"XM0N24","display":"Yellow fever vaccine"},{"code":"XM3418","display":"Yellow fever, live attenuated"}]},{"system":"http://snomed.info/sct","concept":[{"code":"836385002","display":"Yellow fever virus antigen-containing vaccine product"},{"code":"1121000221106","display":"Live attenuated Yellow fever virus antigen only vaccine product"}]},{"system":"http://www.whocc.no/atc","concept":[{"code":"J07BL","display":"Yellow fever vaccines"},{"code":"J07BL01","display":"Yellow fever, live attenuated"}]}]},"expansion":{"timestamp":"2025-06-25T16:39:07.092Z","contains":[{"system":"http://smart.who.int/immunizations/CodeSystem/IMMZ.Z","code":"DE23","display":"Yellow fever vaccines"},{"system":"http://id.who.int/icd/release/11/mms","code":"XM0N24","display":"Yellow fever vaccine"},{"system":"http://snomed.info/sct","code":"836385002","display":"Yellow fever virus antigen-containing vaccine product"},{"system":"http://www.whocc.no/atc","code":"J07BL","display":"Yellow fever vaccines"},{"system":"http://id.who.int/icd/release/11/mms","code":"XM3418","display":"Yellow fever, live attenuated"},{"system":"http://snomed.info/sct","code":"1121000221106","display":"Live attenuated Yellow fever virus antigen only vaccine product"},{"system":"http://www.whocc.no/atc","code":"J07BL01","display":"Yellow fever, live attenuated"}]}}