{"resourceType":"ValueSet","id":"IMMZ.Z.DE21","text":{"status":"generated","div":"<div xmlns=\"http://www.w3.org/1999/xhtml\"><p class=\"res-header-id\"><b>Generated Narrative: ValueSet IMMZ.Z.DE21</b></p><a name=\"IMMZ.Z.DE21\"> </a><a name=\"hcIMMZ.Z.DE21\"> </a><p>This value set expansion contains 14 concepts.</p><table class=\"codes\"><tr><td style=\"white-space:nowrap\"><b>Code</b></td><td><b>System</b></td><td><b>Display</b></td><td><b>Definition</b></td></tr><tr><td style=\"white-space:nowrap\"><a name=\"IMMZ.Z.DE21-http://smart.who.int/immunizations/CodeSystem/IMMZ.Z-DE21\"> </a>\u00a0\u00a0<a href=\"CodeSystem-IMMZ.Z.html#IMMZ.Z-DE21\">DE21</a></td><td>http://smart.who.int/immunizations/CodeSystem/IMMZ.Z</td><td>Typhoid vaccines</td><td>Vaccine terminology codes for typhoid</td></tr><tr><td style=\"white-space:nowrap\"><a name=\"IMMZ.Z.DE21-http://id.who.int/icd/release/11/mms-XM8BU8\"> </a>\u00a0\u00a0XM8BU8</td><td>http://id.who.int/icd/release/11/mms</td><td>Typhoid vaccines</td><td/></tr><tr><td style=\"white-space:nowrap\"><a name=\"IMMZ.Z.DE21-http://www.whocc.no/atc-J07AP\"> </a>\u00a0\u00a0J07AP</td><td>http://www.whocc.no/atc</td><td>Typhoid vaccines</td><td/></tr><tr><td style=\"white-space:nowrap\"><a name=\"IMMZ.Z.DE21-http://id.who.int/icd/release/11/mms-XM3JA6\"> </a>\u00a0\u00a0XM3JA6</td><td>http://id.who.int/icd/release/11/mms</td><td>Typhoid, hepatitis A vaccines</td><td/></tr><tr><td style=\"white-space:nowrap\"><a name=\"IMMZ.Z.DE21-http://www.whocc.no/atc-J07CA10\"> </a>\u00a0\u00a0J07CA10</td><td>http://www.whocc.no/atc</td><td>Typhoid-hepatitis A</td><td/></tr><tr><td style=\"white-space:nowrap\"><a name=\"IMMZ.Z.DE21-http://id.who.int/icd/release/11/mms-XM33K4\"> </a>\u00a0\u00a0XM33K4</td><td>http://id.who.int/icd/release/11/mms</td><td>Typhoid, oral, live attenuated vaccines</td><td/></tr><tr><td style=\"white-space:nowrap\"><a name=\"IMMZ.Z.DE21-http://www.whocc.no/atc-J07AP01\"> </a>\u00a0\u00a0J07AP01</td><td>http://www.whocc.no/atc</td><td>Typhoid, oral, live attenuated</td><td/></tr><tr><td style=\"white-space:nowrap\"><a name=\"IMMZ.Z.DE21-http://id.who.int/icd/release/11/mms-XM89G3\"> </a>\u00a0\u00a0XM89G3</td><td>http://id.who.int/icd/release/11/mms</td><td>Typhoid, inactivated, whole cell vaccines</td><td/></tr><tr><td style=\"white-space:nowrap\"><a name=\"IMMZ.Z.DE21-http://www.whocc.no/atc-J07AP02\"> </a>\u00a0\u00a0J07AP02</td><td>http://www.whocc.no/atc</td><td>Typhoid, inactivated, whole cell</td><td/></tr><tr><td style=\"white-space:nowrap\"><a name=\"IMMZ.Z.DE21-http://id.who.int/icd/release/11/mms-XM3SF6\"> </a>\u00a0\u00a0XM3SF6</td><td>http://id.who.int/icd/release/11/mms</td><td>Typhoid, purified polysaccharide antigen vaccines</td><td/></tr><tr><td style=\"white-space:nowrap\"><a name=\"IMMZ.Z.DE21-http://www.whocc.no/atc-J07AP03\"> </a>\u00a0\u00a0J07AP03</td><td>http://www.whocc.no/atc</td><td>Typhoid, purified polysaccharide antigen</td><td/></tr><tr><td style=\"white-space:nowrap\"><a name=\"IMMZ.Z.DE21-http://id.who.int/icd/release/11/mms-XM9UB1\"> </a>\u00a0\u00a0XM9UB1</td><td>http://id.who.int/icd/release/11/mms</td><td>Typhoid-paratyphoid vaccines</td><td/></tr><tr><td style=\"white-space:nowrap\"><a name=\"IMMZ.Z.DE21-http://www.whocc.no/atc-J07AP10\"> </a>\u00a0\u00a0J07AP10</td><td>http://www.whocc.no/atc</td><td>Typhoid, combinations with paratyphi types</td><td/></tr><tr><td style=\"white-space:nowrap\"><a name=\"IMMZ.Z.DE21-http://www.whocc.no/atc-J07AE51\"> </a>\u00a0\u00a0J07AE51</td><td>http://www.whocc.no/atc</td><td>Cholera, combinations with typhoid vaccine, inactivated, whole cell</td><td/></tr></table></div>"},"url":"http://smart.who.int/immunizations/ValueSet/IMMZ.Z.DE21","version":"0.2.0","name":"IMMZ_Z_DE21","title":"IMMZ.Z.DE21 ValueSet for Typhoid vaccines","status":"active","date":"2025-06-25T20:08:00+00:00","publisher":"WHO","contact":[{"name":"WHO","telecom":[{"system":"url","value":"http://who.int"}]}],"description":"ValueSet for Typhoid vaccines for IMMZ.Z.DE21","compose":{"include":[{"system":"http://smart.who.int/immunizations/CodeSystem/IMMZ.Z","concept":[{"code":"DE21","display":"Typhoid vaccines"}]},{"system":"http://id.who.int/icd/release/11/mms","concept":[{"code":"XM8BU8","display":"Typhoid vaccines"},{"code":"XM3JA6","display":"Typhoid, hepatitis A vaccines"},{"code":"XM33K4","display":"Typhoid, oral, live attenuated vaccines"},{"code":"XM89G3","display":"Typhoid, inactivated, whole cell vaccines"},{"code":"XM3SF6","display":"Typhoid, purified polysaccharide antigen vaccines"},{"code":"XM9UB1","display":"Typhoid-paratyphoid vaccines"}]},{"system":"http://www.whocc.no/atc","concept":[{"code":"J07AP","display":"Typhoid vaccines"},{"code":"J07CA10","display":"Typhoid-hepatitis A"},{"code":"J07AP01","display":"Typhoid, oral, live attenuated"},{"code":"J07AP02","display":"Typhoid, inactivated, whole cell"},{"code":"J07AP03","display":"Typhoid, purified polysaccharide antigen"},{"code":"J07AP10","display":"Typhoid, combinations with paratyphi types"},{"code":"J07AE51","display":"Cholera, combinations with typhoid vaccine, inactivated, whole cell"}]}]},"expansion":{"timestamp":"2025-06-25T16:39:07.092Z","contains":[{"system":"http://smart.who.int/immunizations/CodeSystem/IMMZ.Z","code":"DE21","display":"Typhoid vaccines"},{"system":"http://id.who.int/icd/release/11/mms","code":"XM8BU8","display":"Typhoid vaccines"},{"system":"http://www.whocc.no/atc","code":"J07AP","display":"Typhoid vaccines"},{"system":"http://id.who.int/icd/release/11/mms","code":"XM3JA6","display":"Typhoid, hepatitis A vaccines"},{"system":"http://www.whocc.no/atc","code":"J07CA10","display":"Typhoid-hepatitis A"},{"system":"http://id.who.int/icd/release/11/mms","code":"XM33K4","display":"Typhoid, oral, live attenuated vaccines"},{"system":"http://www.whocc.no/atc","code":"J07AP01","display":"Typhoid, oral, live attenuated"},{"system":"http://id.who.int/icd/release/11/mms","code":"XM89G3","display":"Typhoid, inactivated, whole cell vaccines"},{"system":"http://www.whocc.no/atc","code":"J07AP02","display":"Typhoid, inactivated, whole cell"},{"system":"http://id.who.int/icd/release/11/mms","code":"XM3SF6","display":"Typhoid, purified polysaccharide antigen vaccines"},{"system":"http://www.whocc.no/atc","code":"J07AP03","display":"Typhoid, purified polysaccharide antigen"},{"system":"http://id.who.int/icd/release/11/mms","code":"XM9UB1","display":"Typhoid-paratyphoid vaccines"},{"system":"http://www.whocc.no/atc","code":"J07AP10","display":"Typhoid, combinations with paratyphi types"},{"system":"http://www.whocc.no/atc","code":"J07AE51","display":"Cholera, combinations with typhoid vaccine, inactivated, whole cell"}]}}