{"resourceType":"ValueSet","id":"IMMZ.D.DE19","text":{"status":"generated","div":"<div xmlns=\"http://www.w3.org/1999/xhtml\"><p class=\"res-header-id\"><b>Generated Narrative: ValueSet IMMZ.D.DE19</b></p><a name=\"IMMZ.D.DE19\"> </a><a name=\"hcIMMZ.D.DE19\"> </a><ul><li>Import all the codes that are contained in <a href=\"ValueSet-IMMZ.Z.VS.html\">IMMZ.Z.VS ValueSet for vaccine types</a></li></ul></div>"},"url":"http://smart.who.int/immunizations/ValueSet/IMMZ.D.DE19","version":"0.2.0","name":"IMMZ_D_DE19","title":"IMMZ.D.DE19 ValueSet for Vaccine type","status":"active","date":"2025-06-25T20:08:00+00:00","publisher":"WHO","contact":[{"name":"WHO","telecom":[{"system":"url","value":"http://who.int"}]}],"description":"ValueSet for Vaccine type for IMMZ.D.DE19","compose":{"include":[{"valueSet":["http://smart.who.int/immunizations/ValueSet/IMMZ.Z.VS"]}]}}