"Id","Path","Slice Name","Alias(s)","Label","Min","Max","Must Support?","Is Modifier?","Is Summary?","Type(s)","Short","Definition","Comments","Requirements","Default Value","Meaning When Missing","Fixed Value","Pattern","Example","Minimum Value","Maximum Value","Maximum Length","Binding Strength","Binding Description","Binding Value Set","Code","Slicing Discriminator","Slicing Description","Slicing Ordered","Slicing Rules","Base Path","Base Min","Base Max","Condition(s)","Constraint(s)","Mapping: RIM Mapping"
"IMMZD5CheckContraindications","IMMZD5CheckContraindications","","","",0,*,"","","","null {[]} {[]}
","IMMZ.D5 Check Contraindications","Data elements for the IMMZ.D5 Check Contraindications Data Dictionary.","","","","","","","","","",,,,,"",,,,"Base",0,*,"",""
"IMMZD5CheckContraindications.patient","IMMZD5CheckContraindications.patient","","","",1,1,"","","","Reference {[]} {[]}
","Patient","The patient who is being checked for contraindications.","","","","","","","","","",,,,,"",,,,"IMMZD5CheckContraindications.patient",1,1,"",""
"IMMZD5CheckContraindications.contraindications","IMMZD5CheckContraindications.contraindications","","","",0,*,"","","","Coding {[]} {[]}
","Potential contraindications","Specific situations or medical conditions in which it is advised or recommended to avoid or delay administering a particular vaccine.","","","","","","","","","",,"required","","http://smart.who.int/ig/smart-immunizations/ValueSet/IMMZ.D.DE161","http://smart.who.int/ig/smart-immunizations/CodeSystem/IMMZ.D#DE161
",,,,"IMMZD5CheckContraindications.contraindications",0,*,"",""
