<?xml version="1.0" encoding="UTF-8"?><ActivityDefinition xmlns="http://hl7.org/fhir"><id value="IMMZD2DTPolioOPVMR"/><meta><profile value="http://hl7.org/fhir/uv/cpg/StructureDefinition/cpg-immunizationactivity"/></meta><extension url="http://hl7.org/fhir/uv/cpg/StructureDefinition/cpg-knowledgeCapability"><valueCode value="computable"/></extension><url value="http://smart.who.int/immunizations/ActivityDefinition/IMMZD2DTPolioOPVMR"/><version value="0.2.0"/><name value="IMMZD2DTPolioOPVMedicationRequest"/><title value="IMMZ.D2.DT.Polio.OPV.MR"/><status value="draft"/><experimental value="false"/><date value="2023-10-23"/><publisher value="WHO"/><contact><name value="WHO"/><telecom><system value="url"/><value value="http://who.int"/></telecom></contact><description value="Provide measles OPV immunization"/><kind value="MedicationRequest"/><profile value="http://hl7.org/fhir/uv/cpg/StructureDefinition/cpg-immunizationrequest"/><intent value="proposal"/><doNotPerform value="false"/><productCodeableConcept><coding><system value="http://smart.who.int/immunizations/CodeSystem/IMMZ.Z"/><code value="DE30"/><display value="Oral polio vaccines"/></coding></productCodeableConcept></ActivityDefinition>