<?xml version="1.0" encoding="UTF-8"?><CodeSystem xmlns="http://hl7.org/fhir"><id value="IMMZ.D5.DT.Outputs"/><text><status value="generated"/><div xmlns="http://www.w3.org/1999/xhtml"><p class="res-header-id"><b>Generated Narrative: CodeSystem IMMZ.D5.DT.Outputs</b></p><a name="IMMZ.D5.DT.Outputs"> </a><a name="hcIMMZ.D5.DT.Outputs"> </a><p><b>Properties</b></p><p><b>This code system defines the following properties for its concepts</b></p><table class="grid"><tr><td><b>Name</b></td><td><b>Code</b></td><td><b>Type</b></td><td><b>Description</b></td></tr><tr><td>table</td><td>table</td><td>string</td><td>Contraindication Table ID</td></tr></table><p><b>Concepts</b></p><p>This case-insensitive code system <code>http://smart.who.int/immunizations/CodeSystem/IMMZ.D5.DT.Outputs</code> defines the following codes:</p><table class="codes"><tr><td style="white-space:nowrap"><b>Code</b></td><td><b>Display</b></td><td><b>Definition</b></td><td><b>table</b></td></tr><tr><td style="white-space:nowrap">mvcbccjircacn-106.138<a name="IMMZ.D5.DT.Outputs-mvcbccjircacn-106.46138"> </a></td><td>Meningococcal vaccination could be contraindicated. Clinical judgement is required. Create a clinical note</td><td>&quot;Immunization recommendation status&quot; (where &quot;Type of meningococcal dose&quot; = &quot;Polysaccharide vaccine&quot;) = &quot;Further evaluation needed&quot;</td><td>IMMZ.D5.DT.Meningococcal contraindications</td></tr><tr><td style="white-space:nowrap">lahacvic-66.139<a name="IMMZ.D5.DT.Outputs-lahacvic-66.46139"> </a></td><td>Live attentuated Hepatitis A-containing vaccine is contraindicated</td><td>&quot;Immunization recommendation status&quot; = &quot;Contraindicated&quot; (where &quot;Type of hepatitis A dose&quot; = &quot;Live attenuated hepatitis A vaccine&quot;)</td><td>IMMZ.D5.DT.Hepatitis A contraindications</td></tr><tr><td style="white-space:nowrap">havcbccjircacn-104.70<a name="IMMZ.D5.DT.Outputs-havcbccjircacn-104.4670"> </a></td><td>Hepatitis A vaccination could be contraindicated. Clinical judgement is required. Create a clinical note</td><td>&quot;Immunization recommendation status&quot; = &quot;Further evaluation needed&quot;</td><td>IMMZ.D5.DT.Hepatitis A contraindications</td></tr><tr><td style="white-space:nowrap">cjircacn-54.70<a name="IMMZ.D5.DT.Outputs-cjircacn-54.4670"> </a></td><td>Clinical judgement is required. Create a clinical note</td><td>&quot;Immunization recommendation status&quot; = &quot;Further evaluation needed&quot;</td><td>IMMZ.D5.DT.Rabies contraindications</td></tr><tr><td style="white-space:nowrap">dvic-37.60<a name="IMMZ.D5.DT.Outputs-dvic-37.4660"> </a></td><td>Dengue vaccination is contraindicated</td><td>&quot;Immunization recommendation status&quot; = &quot;Contraindicated&quot;</td><td>IMMZ.D5.DT.Dengue contraindications</td></tr><tr><td style="white-space:nowrap">dvcbccjircacn-100.70<a name="IMMZ.D5.DT.Outputs-dvcbccjircacn-100.4670"> </a></td><td>Dengue vaccination could be contraindicated. Clinical judgement is required. Create a clinical note.</td><td>&quot;Immunization recommendation status&quot; = &quot;Further evaluation needed&quot;</td><td>IMMZ.D5.DT.Dengue contraindications</td></tr><tr><td style="white-space:nowrap">mvcbccjircacn-100.67<a name="IMMZ.D5.DT.Outputs-mvcbccjircacn-100.4667"> </a></td><td>Malaria vaccination could be contraindicated. Clinical judgement is required. Create a clinical note</td><td>&quot;Immunization recommendation status&quot; =  &quot;Further evaluation needed&quot;</td><td>IMMZ.D5.DT.Malaria contraindications</td></tr><tr><td style="white-space:nowrap">mvic-36.56<a name="IMMZ.D5.DT.Outputs-mvic-36.4656"> </a></td><td>Mumps vaccination is contraindicated</td><td>&quot;Immunization recommendation status&quot; = &quot;Contraindicated&quot;</td><td>IMMZ.D5.DT.Mumps contraindications</td></tr><tr><td style="white-space:nowrap">mvcbccjir-75.23<a name="IMMZ.D5.DT.Outputs-mvcbccjir-75.4623"> </a></td><td>Mumps vaccination could be contraindicated. Clinical judgement is required.</td><td>Create a clinical note.</td><td>IMMZ.D5.DT.Mumps contraindications</td></tr><tr><td style="white-space:nowrap">sivcbccjircacn-111.67<a name="IMMZ.D5.DT.Outputs-sivcbccjircacn-111.4667"> </a></td><td>Seasonal influenza vaccination could be contraindicated. Clinical judgement is required. Create a clinical note</td><td>'&quot;Immunization recommendation status&quot; = &quot;Further evaluation needed&quot;</td><td>IMMZ.D5.DT.Seasonal influenza contraindications</td></tr><tr><td style="white-space:nowrap">vvic-40.56<a name="IMMZ.D5.DT.Outputs-vvic-40.4656"> </a></td><td>Varicella vaccination is contraindicated</td><td>&quot;Immunization recommendation status&quot; = &quot;Contraindicated&quot;</td><td>IMMZ.D5.DT.Varicella contraindications</td></tr><tr><td style="white-space:nowrap">cjirccn-52.66<a name="IMMZ.D5.DT.Outputs-cjirccn-52.4666"> </a></td><td>Clinical judgement is required. Create clinical note</td><td>&quot;Immunization recommendation status&quot; = &quot;Further evaluation needed&quot;</td><td>IMMZ.D5.DT.Varicella contraindications</td></tr><tr><td style="white-space:nowrap">vvcbccjirccn-100.66<a name="IMMZ.D5.DT.Outputs-vvcbccjirccn-100.4666"> </a></td><td>Varicella vaccination could be contraindicated. Clinical judgement is required. Create clinical note</td><td>&quot;Immunization recommendation status&quot; = &quot;Further evaluation needed&quot;</td><td>IMMZ.D5.DT.Varicella contraindications</td></tr><tr><td style="white-space:nowrap">cjirccn-52.67<a name="IMMZ.D5.DT.Outputs-cjirccn-52.4667"> </a></td><td>Clinical judgement is required. Create clinical note</td><td>'&quot;Immunization recommendation status&quot; = &quot;Further evaluation needed&quot;</td><td>IMMZ.D5.DT.Varicella contraindications</td></tr></table></div></text><url value="http://smart.who.int/immunizations/CodeSystem/IMMZ.D5.DT.Outputs"/><version value="0.2.0"/><name value="IMMZ_D5_DT_Outputs"/><title value="IMMZ.D5.DT.Outputs CodeSystem for Decision Table Outputs"/><status value="active"/><experimental value="false"/><date value="2025-07-23T20:56:04+00:00"/><publisher value="WHO"/><contact><name value="WHO"/><telecom><system value="url"/><value value="http://who.int"/></telecom></contact><description value="CodeSystem for Decision Table Outputs"/><caseSensitive value="false"/><content value="complete"/><count value="14"/><property><code value="table"/><description value="Contraindication Table ID"/><type value="string"/></property><concept><code value="mvcbccjircacn-106.138"/><display value="Meningococcal vaccination could be contraindicated. Clinical judgement is required. Create a clinical note"/><definition value="&quot;Immunization recommendation status&quot; (where &quot;Type of meningococcal dose&quot; = &quot;Polysaccharide vaccine&quot;) = &quot;Further evaluation needed&quot;"/><property><code value="table"/><valueString value="IMMZ.D5.DT.Meningococcal contraindications"/></property></concept><concept><code value="lahacvic-66.139"/><display value="Live attentuated Hepatitis A-containing vaccine is contraindicated"/><definition value="&quot;Immunization recommendation status&quot; = &quot;Contraindicated&quot; (where &quot;Type of hepatitis A dose&quot; = &quot;Live attenuated hepatitis A vaccine&quot;)"/><property><code value="table"/><valueString value="IMMZ.D5.DT.Hepatitis A contraindications"/></property></concept><concept><code value="havcbccjircacn-104.70"/><display value="Hepatitis A vaccination could be contraindicated. Clinical judgement is required. Create a clinical note"/><definition value="&quot;Immunization recommendation status&quot; = &quot;Further evaluation needed&quot;"/><property><code value="table"/><valueString value="IMMZ.D5.DT.Hepatitis A contraindications"/></property></concept><concept><code value="cjircacn-54.70"/><display value="Clinical judgement is required. Create a clinical note"/><definition value="&quot;Immunization recommendation status&quot; = &quot;Further evaluation needed&quot;"/><property><code value="table"/><valueString value="IMMZ.D5.DT.Rabies contraindications"/></property></concept><concept><code value="dvic-37.60"/><display value="Dengue vaccination is contraindicated"/><definition value="&quot;Immunization recommendation status&quot; = &quot;Contraindicated&quot;"/><property><code value="table"/><valueString value="IMMZ.D5.DT.Dengue contraindications"/></property></concept><concept><code value="dvcbccjircacn-100.70"/><display value="Dengue vaccination could be contraindicated. Clinical judgement is required. Create a clinical note."/><definition value="&quot;Immunization recommendation status&quot; = &quot;Further evaluation needed&quot;"/><property><code value="table"/><valueString value="IMMZ.D5.DT.Dengue contraindications"/></property></concept><concept><code value="mvcbccjircacn-100.67"/><display value="Malaria vaccination could be contraindicated. Clinical judgement is required. Create a clinical note"/><definition value="&quot;Immunization recommendation status&quot; =  &quot;Further evaluation needed&quot;"/><property><code value="table"/><valueString value="IMMZ.D5.DT.Malaria contraindications"/></property></concept><concept><code value="mvic-36.56"/><display value="Mumps vaccination is contraindicated"/><definition value="&quot;Immunization recommendation status&quot; = &quot;Contraindicated&quot;"/><property><code value="table"/><valueString value="IMMZ.D5.DT.Mumps contraindications"/></property></concept><concept><code value="mvcbccjir-75.23"/><display value="Mumps vaccination could be contraindicated. Clinical judgement is required."/><definition value="Create a clinical note."/><property><code value="table"/><valueString value="IMMZ.D5.DT.Mumps contraindications"/></property></concept><concept><code value="sivcbccjircacn-111.67"/><display value="Seasonal influenza vaccination could be contraindicated. Clinical judgement is required. Create a clinical note"/><definition value="'&quot;Immunization recommendation status&quot; = &quot;Further evaluation needed&quot;"/><property><code value="table"/><valueString value="IMMZ.D5.DT.Seasonal influenza contraindications"/></property></concept><concept><code value="vvic-40.56"/><display value="Varicella vaccination is contraindicated"/><definition value="&quot;Immunization recommendation status&quot; = &quot;Contraindicated&quot;"/><property><code value="table"/><valueString value="IMMZ.D5.DT.Varicella contraindications"/></property></concept><concept><code value="cjirccn-52.66"/><display value="Clinical judgement is required. Create clinical note"/><definition value="&quot;Immunization recommendation status&quot; = &quot;Further evaluation needed&quot;"/><property><code value="table"/><valueString value="IMMZ.D5.DT.Varicella contraindications"/></property></concept><concept><code value="vvcbccjirccn-100.66"/><display value="Varicella vaccination could be contraindicated. Clinical judgement is required. Create clinical note"/><definition value="&quot;Immunization recommendation status&quot; = &quot;Further evaluation needed&quot;"/><property><code value="table"/><valueString value="IMMZ.D5.DT.Varicella contraindications"/></property></concept><concept><code value="cjirccn-52.67"/><display value="Clinical judgement is required. Create clinical note"/><definition value="'&quot;Immunization recommendation status&quot; = &quot;Further evaluation needed&quot;"/><property><code value="table"/><valueString value="IMMZ.D5.DT.Varicella contraindications"/></property></concept></CodeSystem>