<?xml version="1.0" encoding="UTF-8"?><ValueSet xmlns="http://hl7.org/fhir"><id value="IMMZ.D2.DT.Meningococcal.MenA1"/><text><status value="generated"/><div xmlns="http://www.w3.org/1999/xhtml"><p class="res-header-id"><b>Generated Narrative: ValueSet IMMZ.D2.DT.Meningococcal.MenA1</b></p><a name="IMMZ.D2.DT.Meningococcal.MenA1"> </a><a name="hcIMMZ.D2.DT.Meningococcal.MenA1"> </a><p>This value set expansion contains 7 concepts.</p><table class="codes"><tr><td style="white-space:nowrap"><b>Code</b></td><td><b>System</b></td><td><b>Display</b></td><td><b>Definition</b></td></tr><tr><td style="white-space:nowrap"><a name="IMMZ.D2.DT.Meningococcal.MenA1-http://smart.who.int/immunizations/CodeSystem/IMMZ.D2.DT.Inputs-csailt9m-34.43"> </a>  <a href="CodeSystem-IMMZ.D2.DT.Inputs.html#IMMZ.D2.DT.Inputs-csailt9m-34.4643">csailt9m-34.43</a></td><td>http://smart.who.int/immunizations/CodeSystem/IMMZ.D2.DT.Inputs</td><td>Client's age is less than 9 months</td><td>Today's date − &quot;Date of birth&quot; &lt; 9 months</td></tr><tr><td style="white-space:nowrap"><a name="IMMZ.D2.DT.Meningococcal.MenA1-http://smart.who.int/immunizations/CodeSystem/IMMZ.D2.DT.Inputs-nmpsdwa-53.130"> </a>  <a href="CodeSystem-IMMZ.D2.DT.Inputs.html#IMMZ.D2.DT.Inputs-nmpsdwa-53.46130">nmpsdwa-53.130</a></td><td>http://smart.who.int/immunizations/CodeSystem/IMMZ.D2.DT.Inputs</td><td>No meningococcal primary series dose was administered</td><td>Count of vaccines administered (where &quot;Vaccine type&quot; = &quot;Meningococcal vaccines&quot; and &quot;Type of dose&quot; = &quot;Primary series&quot;) = 0</td></tr><tr><td style="white-space:nowrap"><a name="IMMZ.D2.DT.Meningococcal.MenA1-http://smart.who.int/immunizations/CodeSystem/IMMZ.D2.DT.Inputs-csaimt9m-34.43"> </a>  <a href="CodeSystem-IMMZ.D2.DT.Inputs.html#IMMZ.D2.DT.Inputs-csaimt9m-34.4643">csaimt9m-34.43</a></td><td>http://smart.who.int/immunizations/CodeSystem/IMMZ.D2.DT.Inputs</td><td>Client's age is more than 9 months</td><td>Today's date − &quot;Date of birth&quot; ≥ 9 months</td></tr><tr><td style="white-space:nowrap"><a name="IMMZ.D2.DT.Meningococcal.MenA1-http://smart.who.int/immunizations/CodeSystem/IMMZ.D2.DT.Inputs-ompsdwa-54.130"> </a>  <a href="CodeSystem-IMMZ.D2.DT.Inputs.html#IMMZ.D2.DT.Inputs-ompsdwa-54.46130">ompsdwa-54.130</a></td><td>http://smart.who.int/immunizations/CodeSystem/IMMZ.D2.DT.Inputs</td><td>One meningococcal primary series dose was administered</td><td>Count of vaccines administered (where &quot;Vaccine type&quot; = &quot;Meningococcal vaccines&quot; and &quot;Type of dose&quot; = &quot;Primary series&quot;) = 1</td></tr><tr><td style="white-space:nowrap"><a name="IMMZ.D2.DT.Meningococcal.MenA1-http://smart.who.int/immunizations/CodeSystem/IMMZ.D2.DT.Outputs-cindfmv-47.52"> </a>  <a href="CodeSystem-IMMZ.D2.DT.Outputs.html#IMMZ.D2.DT.Outputs-cindfmv-47.4652">cindfmv-47.52</a></td><td>http://smart.who.int/immunizations/CodeSystem/IMMZ.D2.DT.Outputs</td><td>Client is not due for meningococcal vaccination</td><td>&quot;Immunization recommendation status&quot; = &quot;Not due&quot;</td></tr><tr><td style="white-space:nowrap"><a name="IMMZ.D2.DT.Meningococcal.MenA1-http://smart.who.int/immunizations/CodeSystem/IMMZ.D2.DT.Outputs-cidfmv-43.48"> </a>  <a href="CodeSystem-IMMZ.D2.DT.Outputs.html#IMMZ.D2.DT.Outputs-cidfmv-43.4648">cidfmv-43.48</a></td><td>http://smart.who.int/immunizations/CodeSystem/IMMZ.D2.DT.Outputs</td><td>Client is due for meningococcal vaccination</td><td>&quot;Immunization recommendation status&quot; = &quot;Due&quot;</td></tr><tr><td style="white-space:nowrap"><a name="IMMZ.D2.DT.Meningococcal.MenA1-http://smart.who.int/immunizations/CodeSystem/IMMZ.D2.DT.Outputs-misic-47.53"> </a>  <a href="CodeSystem-IMMZ.D2.DT.Outputs.html#IMMZ.D2.DT.Outputs-misic-47.4653">misic-47.53</a></td><td>http://smart.who.int/immunizations/CodeSystem/IMMZ.D2.DT.Outputs</td><td>Meningococcal immunization schedule is complete</td><td>&quot;Immunization recommendation status&quot; = &quot;Complete&quot;</td></tr></table></div></text><url value="http://smart.who.int/immunizations/ValueSet/IMMZ.D2.DT.Meningococcal.MenA1"/><version value="0.2.0"/><name value="IMMZ_D2_DT_Meningococcal_MenA_conjugate_vaccine_1_dose"/><title value="IMMZ.D2.DT.Meningococcal.MenA1 ValueSet for Decision Table"/><status value="active"/><date value="2025-07-23T20:56:04+00:00"/><publisher value="WHO"/><contact><name value="WHO"/><telecom><system value="url"/><value value="http://who.int"/></telecom></contact><description value="ValueSet IMMZ.D2.DT.Meningococcal.MenA1 for IMMZ.D2.DT.Meningococcal.MenA conjugate vaccine 1 dose.&#xA;Business rule: Determine if the client is due for a meningococcal vaccination according to the national immunization schedule&#xA;Trigger: IMMZ.D2 Determine required vaccination(s) if any  &#xA;Table: MenA conjugate vaccine, 1-dose schedule"/><compose><include><system value="http://smart.who.int/immunizations/CodeSystem/IMMZ.D2.DT.Inputs"/><concept><code value="csailt9m-34.43"/><display value="Client's age is less than 9 months"/></concept><concept><code value="nmpsdwa-53.130"/><display value="No meningococcal primary series dose was administered"/></concept><concept><code value="csaimt9m-34.43"/><display value="Client's age is more than 9 months"/></concept><concept><code value="ompsdwa-54.130"/><display value="One meningococcal primary series dose was administered"/></concept></include><include><system value="http://smart.who.int/immunizations/CodeSystem/IMMZ.D2.DT.Outputs"/><concept><code value="cindfmv-47.52"/><display value="Client is not due for meningococcal vaccination"/></concept><concept><code value="cidfmv-43.48"/><display value="Client is due for meningococcal vaccination"/></concept><concept><code value="misic-47.53"/><display value="Meningococcal immunization schedule is complete"/></concept></include></compose><expansion><timestamp value="2025-06-25T16:39:07.092Z"/><contains><system value="http://smart.who.int/immunizations/CodeSystem/IMMZ.D2.DT.Inputs"/><code value="csailt9m-34.43"/><display value="Client's age is less than 9 months"/></contains><contains><system value="http://smart.who.int/immunizations/CodeSystem/IMMZ.D2.DT.Inputs"/><code value="nmpsdwa-53.130"/><display value="No meningococcal primary series dose was administered"/></contains><contains><system value="http://smart.who.int/immunizations/CodeSystem/IMMZ.D2.DT.Inputs"/><code value="csaimt9m-34.43"/><display value="Client's age is more than 9 months"/></contains><contains><system value="http://smart.who.int/immunizations/CodeSystem/IMMZ.D2.DT.Inputs"/><code value="ompsdwa-54.130"/><display value="One meningococcal primary series dose was administered"/></contains><contains><system value="http://smart.who.int/immunizations/CodeSystem/IMMZ.D2.DT.Outputs"/><code value="cindfmv-47.52"/><display value="Client is not due for meningococcal vaccination"/></contains><contains><system value="http://smart.who.int/immunizations/CodeSystem/IMMZ.D2.DT.Outputs"/><code value="cidfmv-43.48"/><display value="Client is due for meningococcal vaccination"/></contains><contains><system value="http://smart.who.int/immunizations/CodeSystem/IMMZ.D2.DT.Outputs"/><code value="misic-47.53"/><display value="Meningococcal immunization schedule is complete"/></contains></expansion></ValueSet>