<?xml version="1.0" encoding="UTF-8"?><ValueSet xmlns="http://hl7.org/fhir"><id value="IMMZ.D2.DT.Varicella.2Dose"/><text><status value="generated"/><div xmlns="http://www.w3.org/1999/xhtml"><p class="res-header-id"><b>Generated Narrative: ValueSet IMMZ.D2.DT.Varicella.2Dose</b></p><a name="IMMZ.D2.DT.Varicella.2Dose"> </a><a name="hcIMMZ.D2.DT.Varicella.2Dose"> </a><p>This value set expansion contains 12 concepts.</p><table class="codes"><tr><td style="white-space:nowrap"><b>Code</b></td><td><b>System</b></td><td><b>Display</b></td><td><b>Definition</b></td></tr><tr><td style="white-space:nowrap"><a name="IMMZ.D2.DT.Varicella.2Dose-http://smart.who.int/immunizations/CodeSystem/IMMZ.D2.DT.Inputs-csailt12m-35.42"> </a>  <a href="CodeSystem-IMMZ.D2.DT.Inputs.html#IMMZ.D2.DT.Inputs-csailt12m-35.4642">csailt12m-35.42</a></td><td>http://smart.who.int/immunizations/CodeSystem/IMMZ.D2.DT.Inputs</td><td>Client's age is less than 12 months</td><td>Today's date − &quot;Date of birth&quot; &lt; 12 months</td></tr><tr><td style="white-space:nowrap"><a name="IMMZ.D2.DT.Varicella.2Dose-http://smart.who.int/immunizations/CodeSystem/IMMZ.D2.DT.Inputs-lvwaitp4w-49.92"> </a>  <a href="CodeSystem-IMMZ.D2.DT.Inputs.html#IMMZ.D2.DT.Inputs-lvwaitp4w-49.4692">lvwaitp4w-49.92</a></td><td>http://smart.who.int/immunizations/CodeSystem/IMMZ.D2.DT.Inputs</td><td>Live vaccine was administered in the past 4 weeks</td><td>Today's date − latest &quot;Date and time of vaccination&quot; (where &quot;Live vaccine&quot; = TRUE) &lt; 4 weeks</td></tr><tr><td style="white-space:nowrap"><a name="IMMZ.D2.DT.Varicella.2Dose-http://smart.who.int/immunizations/CodeSystem/IMMZ.D2.DT.Inputs-nlvwaitp4w-52.92"> </a>  <a href="CodeSystem-IMMZ.D2.DT.Inputs.html#IMMZ.D2.DT.Inputs-nlvwaitp4w-52.4692">nlvwaitp4w-52.92</a></td><td>http://smart.who.int/immunizations/CodeSystem/IMMZ.D2.DT.Inputs</td><td>No live vaccine was administered in the past 4 weeks</td><td>Today's date − latest &quot;Date and time of vaccination&quot; (where &quot;Live vaccine&quot; = TRUE) ≥ 4 weeks</td></tr><tr><td style="white-space:nowrap"><a name="IMMZ.D2.DT.Varicella.2Dose-http://smart.who.int/immunizations/CodeSystem/IMMZ.D2.DT.Inputs-csaimtoet12m-46.42"> </a>  <a href="CodeSystem-IMMZ.D2.DT.Inputs.html#IMMZ.D2.DT.Inputs-csaimtoet12m-46.4642">csaimtoet12m-46.42</a></td><td>http://smart.who.int/immunizations/CodeSystem/IMMZ.D2.DT.Inputs</td><td>Cient's age is more than or equal to 12 months</td><td>Today's date − &quot;Date of birth&quot; ≥ 12 months</td></tr><tr><td style="white-space:nowrap"><a name="IMMZ.D2.DT.Varicella.2Dose-http://smart.who.int/immunizations/CodeSystem/IMMZ.D2.DT.Inputs-nvpsdwa-51.129"> </a>  <a href="CodeSystem-IMMZ.D2.DT.Inputs.html#IMMZ.D2.DT.Inputs-nvpsdwa-51.46129">nvpsdwa-51.129</a></td><td>http://smart.who.int/immunizations/CodeSystem/IMMZ.D2.DT.Inputs</td><td>No varicella primary series doses were administered</td><td>Count of vaccines administered (where &quot;Vaccine type&quot; = &quot;Varicella-containing vaccines&quot; and &quot;Type of dose&quot; = &quot;Primary series&quot;) = 0</td></tr><tr><td style="white-space:nowrap"><a name="IMMZ.D2.DT.Varicella.2Dose-http://smart.who.int/immunizations/CodeSystem/IMMZ.D2.DT.Inputs-ovpsdwa-50.128"> </a>  <a href="CodeSystem-IMMZ.D2.DT.Inputs.html#IMMZ.D2.DT.Inputs-ovpsdwa-50.46128">ovpsdwa-50.128</a></td><td>http://smart.who.int/immunizations/CodeSystem/IMMZ.D2.DT.Inputs</td><td>One varicella primary series dose was administered</td><td>Count of vaccines administered (where &quot;Vaccine type&quot; = &quot;Varicella-containing vaccines&quot; and &quot;Type of dose&quot; = &quot;Primary series&quot;) =1</td></tr><tr><td style="white-space:nowrap"><a name="IMMZ.D2.DT.Varicella.2Dose-http://smart.who.int/immunizations/CodeSystem/IMMZ.D2.DT.Inputs-tlvdalt4wa-60.112"> </a>  <a href="CodeSystem-IMMZ.D2.DT.Inputs.html#IMMZ.D2.DT.Inputs-tlvdalt4wa-60.46112">tlvdalt4wa-60.112</a></td><td>http://smart.who.int/immunizations/CodeSystem/IMMZ.D2.DT.Inputs</td><td>The latest varicella dose administered less than 4 weeks ago</td><td>Today's date − &quot;Date and time of vaccination&quot; (where &quot;Vaccine type&quot; = &quot;Varicella-containing vaccines&quot;) &lt; 4 weeks</td></tr><tr><td style="white-space:nowrap"><a name="IMMZ.D2.DT.Varicella.2Dose-http://smart.who.int/immunizations/CodeSystem/IMMZ.D2.DT.Inputs-tlvdamt4wa-60.112"> </a>  <a href="CodeSystem-IMMZ.D2.DT.Inputs.html#IMMZ.D2.DT.Inputs-tlvdamt4wa-60.46112">tlvdamt4wa-60.112</a></td><td>http://smart.who.int/immunizations/CodeSystem/IMMZ.D2.DT.Inputs</td><td>The latest varicella dose administered more than 4 weeks ago</td><td>Today's date − &quot;Date and time of vaccination&quot; (where &quot;Vaccine type&quot; = &quot;Varicella-containing vaccines&quot;) ≥ 4 weeks</td></tr><tr><td style="white-space:nowrap"><a name="IMMZ.D2.DT.Varicella.2Dose-http://smart.who.int/immunizations/CodeSystem/IMMZ.D2.DT.Inputs-tvpsdwa-52.129"> </a>  <a href="CodeSystem-IMMZ.D2.DT.Inputs.html#IMMZ.D2.DT.Inputs-tvpsdwa-52.46129">tvpsdwa-52.129</a></td><td>http://smart.who.int/immunizations/CodeSystem/IMMZ.D2.DT.Inputs</td><td>Two varicella primary series doses were administered</td><td>Count of vaccines administered (where &quot;Vaccine type&quot; = &quot;Varicella-containing vaccines&quot; and &quot;Type of dose&quot; = &quot;Primary series&quot;) = 2</td></tr><tr><td style="white-space:nowrap"><a name="IMMZ.D2.DT.Varicella.2Dose-http://smart.who.int/immunizations/CodeSystem/IMMZ.D2.DT.Outputs-cindfvv-43.48"> </a>  <a href="CodeSystem-IMMZ.D2.DT.Outputs.html#IMMZ.D2.DT.Outputs-cindfvv-43.4648">cindfvv-43.48</a></td><td>http://smart.who.int/immunizations/CodeSystem/IMMZ.D2.DT.Outputs</td><td>Client is not due for varicella vaccination</td><td>&quot;Immunization recommendation status&quot; = &quot;Not due&quot;</td></tr><tr><td style="white-space:nowrap"><a name="IMMZ.D2.DT.Varicella.2Dose-http://smart.who.int/immunizations/CodeSystem/IMMZ.D2.DT.Outputs-cidfvv-39.44"> </a>  <a href="CodeSystem-IMMZ.D2.DT.Outputs.html#IMMZ.D2.DT.Outputs-cidfvv-39.4644">cidfvv-39.44</a></td><td>http://smart.who.int/immunizations/CodeSystem/IMMZ.D2.DT.Outputs</td><td>Client is due for varicella vaccination</td><td>&quot;Immunization recommendation status&quot; = &quot;Due&quot;</td></tr><tr><td style="white-space:nowrap"><a name="IMMZ.D2.DT.Varicella.2Dose-http://smart.who.int/immunizations/CodeSystem/IMMZ.D2.DT.Outputs-visic-43.49"> </a>  <a href="CodeSystem-IMMZ.D2.DT.Outputs.html#IMMZ.D2.DT.Outputs-visic-43.4649">visic-43.49</a></td><td>http://smart.who.int/immunizations/CodeSystem/IMMZ.D2.DT.Outputs</td><td>Varicella immunization schedule is complete</td><td>&quot;Immunization recommendation status&quot; = &quot;Complete&quot;</td></tr></table></div></text><url value="http://smart.who.int/immunizations/ValueSet/IMMZ.D2.DT.Varicella.2Dose"/><version value="0.2.0"/><name value="IMMZ_D2_DT_Varicella_2_doses"/><title value="IMMZ.D2.DT.Varicella.2Dose ValueSet for Decision Table"/><status value="active"/><date value="2025-07-23T20:56:04+00:00"/><publisher value="WHO"/><contact><name value="WHO"/><telecom><system value="url"/><value value="http://who.int"/></telecom></contact><description value="ValueSet IMMZ.D2.DT.Varicella.2Dose for IMMZ.D2.DT.Varicella.2 doses.&#xA;Business rule: Determine if the client is due for a varicella vaccination according to the national immunization schedule&#xA;Trigger: IMMZ.D2 Determine required vaccination(s) if any  &#xA;Table: 2-dose schedule"/><compose><include><system value="http://smart.who.int/immunizations/CodeSystem/IMMZ.D2.DT.Inputs"/><concept><code value="csailt12m-35.42"/><display value="Client's age is less than 12 months"/></concept><concept><code value="lvwaitp4w-49.92"/><display value="Live vaccine was administered in the past 4 weeks"/></concept><concept><code value="nlvwaitp4w-52.92"/><display value="No live vaccine was administered in the past 4 weeks"/></concept><concept><code value="csaimtoet12m-46.42"/><display value="Cient's age is more than or equal to 12 months"/></concept><concept><code value="nvpsdwa-51.129"/><display value="No varicella primary series doses were administered"/></concept><concept><code value="ovpsdwa-50.128"/><display value="One varicella primary series dose was administered"/></concept><concept><code value="tlvdalt4wa-60.112"/><display value="The latest varicella dose administered less than 4 weeks ago"/></concept><concept><code value="tlvdamt4wa-60.112"/><display value="The latest varicella dose administered more than 4 weeks ago"/></concept><concept><code value="tvpsdwa-52.129"/><display value="Two varicella primary series doses were administered"/></concept></include><include><system value="http://smart.who.int/immunizations/CodeSystem/IMMZ.D2.DT.Outputs"/><concept><code value="cindfvv-43.48"/><display value="Client is not due for varicella vaccination"/></concept><concept><code value="cidfvv-39.44"/><display value="Client is due for varicella vaccination"/></concept><concept><code value="visic-43.49"/><display value="Varicella immunization schedule is complete"/></concept></include></compose><expansion><timestamp value="2025-06-25T16:39:07.092Z"/><contains><system value="http://smart.who.int/immunizations/CodeSystem/IMMZ.D2.DT.Inputs"/><code value="csailt12m-35.42"/><display value="Client's age is less than 12 months"/></contains><contains><system value="http://smart.who.int/immunizations/CodeSystem/IMMZ.D2.DT.Inputs"/><code value="lvwaitp4w-49.92"/><display value="Live vaccine was administered in the past 4 weeks"/></contains><contains><system value="http://smart.who.int/immunizations/CodeSystem/IMMZ.D2.DT.Inputs"/><code value="nlvwaitp4w-52.92"/><display value="No live vaccine was administered in the past 4 weeks"/></contains><contains><system value="http://smart.who.int/immunizations/CodeSystem/IMMZ.D2.DT.Inputs"/><code value="csaimtoet12m-46.42"/><display value="Cient's age is more than or equal to 12 months"/></contains><contains><system value="http://smart.who.int/immunizations/CodeSystem/IMMZ.D2.DT.Inputs"/><code value="nvpsdwa-51.129"/><display value="No varicella primary series doses were administered"/></contains><contains><system value="http://smart.who.int/immunizations/CodeSystem/IMMZ.D2.DT.Inputs"/><code value="ovpsdwa-50.128"/><display value="One varicella primary series dose was administered"/></contains><contains><system value="http://smart.who.int/immunizations/CodeSystem/IMMZ.D2.DT.Inputs"/><code value="tlvdalt4wa-60.112"/><display value="The latest varicella dose administered less than 4 weeks ago"/></contains><contains><system value="http://smart.who.int/immunizations/CodeSystem/IMMZ.D2.DT.Inputs"/><code value="tlvdamt4wa-60.112"/><display value="The latest varicella dose administered more than 4 weeks ago"/></contains><contains><system value="http://smart.who.int/immunizations/CodeSystem/IMMZ.D2.DT.Inputs"/><code value="tvpsdwa-52.129"/><display value="Two varicella primary series doses were administered"/></contains><contains><system value="http://smart.who.int/immunizations/CodeSystem/IMMZ.D2.DT.Outputs"/><code value="cindfvv-43.48"/><display value="Client is not due for varicella vaccination"/></contains><contains><system value="http://smart.who.int/immunizations/CodeSystem/IMMZ.D2.DT.Outputs"/><code value="cidfvv-39.44"/><display value="Client is due for varicella vaccination"/></contains><contains><system value="http://smart.who.int/immunizations/CodeSystem/IMMZ.D2.DT.Outputs"/><code value="visic-43.49"/><display value="Varicella immunization schedule is complete"/></contains></expansion></ValueSet>