<?xml version="1.0" encoding="UTF-8"?><ActivityDefinition xmlns="http://hl7.org/fhir"><id value="IMMZD2DTPertussisMR"/><meta><profile value="http://hl7.org/fhir/uv/cpg/StructureDefinition/cpg-immunizationactivity"/></meta><extension url="http://hl7.org/fhir/uv/cpg/StructureDefinition/cpg-knowledgeCapability"><valueCode value="computable"/></extension><url value="http://smart.who.int/ig/smart-immunizations/ActivityDefinition/IMMZD2DTPertussisMR"/><version value="0.1.0"/><name value="IMMZD2DTPertussisMedicationRequest"/><title value="IMMZ.D2.DT.Pertussis.MR"/><status value="draft"/><experimental value="false"/><date value="2024-02-29"/><publisher value="World Health Organization (WHO)"/><contact><name value="World Health Organization (WHO)"/><telecom><system value="url"/><value value="https://www.who.int"/></telecom></contact><description value="Provide immunization"/><jurisdiction><coding><system value="http://unstats.un.org/unsd/methods/m49/m49.htm"/><code value="001"/></coding></jurisdiction><kind value="MedicationRequest"/><profile value="http://hl7.org/fhir/uv/cpg/StructureDefinition/cpg-immunizationrequest"/><intent value="proposal"/><doNotPerform value="false"/><productCodeableConcept><coding><system value="http://hl7.org/fhir/sid/icd-11"/><code value="XM43M9"/><display value="Pertussis vaccines"/></coding></productCodeableConcept></ActivityDefinition>