<?xml version="1.0" encoding="UTF-8"?><ValueSet xmlns="http://hl7.org/fhir"><id value="IMMZ.D.DE126"/><text><status value="extensions"/><div xmlns="http://www.w3.org/1999/xhtml"><ul><li>Include these codes as defined in <a href="CodeSystem-IMMZ.D.html"><code>http://smart.who.int/ig/smart-immunizations/CodeSystem/IMMZ.D</code></a><table class="none"><tr><td style="white-space:nowrap"><b>Code</b></td><td><b>Display</b></td><td><b>Definition</b></td></tr><tr><td><a href="CodeSystem-IMMZ.D.html#IMMZ.D-DE127">DE127</a></td><td>Typhoid</td><td>The vaccine preventable disease being targeted is typhoid</td></tr><tr><td><a href="CodeSystem-IMMZ.D.html#IMMZ.D-DE128">DE128</a></td><td>Influenza</td><td>The vaccine preventable disease being targeted is  influenza</td></tr><tr><td><a href="CodeSystem-IMMZ.D.html#IMMZ.D-DE129">DE129</a></td><td>Measles</td><td>The vaccine preventable disease being targeted is measles</td></tr><tr><td><a href="CodeSystem-IMMZ.D.html#IMMZ.D-DE133">DE133</a></td><td>Pertussis</td><td>The vaccine preventable disease being targeted is pertussis</td></tr><tr><td><a href="CodeSystem-IMMZ.D.html#IMMZ.D-DE135">DE135</a></td><td>Mumps</td><td>The vaccine preventable disease being targeted is mumps</td></tr><tr><td><a href="CodeSystem-IMMZ.D.html#IMMZ.D-DE136">DE136</a></td><td>Varicella</td><td>The vaccine preventable disease being targeted is varicella</td></tr><tr><td><a href="CodeSystem-IMMZ.D.html#IMMZ.D-DE137">DE137</a></td><td>Viral hepatitis A</td><td>The vaccine preventable disease being targeted is viral hepatitis A</td></tr><tr><td><a href="CodeSystem-IMMZ.D.html#IMMZ.D-DE139">DE139</a></td><td>Tuberculosis</td><td>The vaccine preventable disease being targeted is tuberculosis</td></tr><tr><td><a href="CodeSystem-IMMZ.D.html#IMMZ.D-DE140">DE140</a></td><td>Viral hepatitis B</td><td>The vaccine preventable disease being targeted is viral hepatitis B</td></tr><tr><td><a href="CodeSystem-IMMZ.D.html#IMMZ.D-DE141">DE141</a></td><td>Haemophilus influenzae type B</td><td>The vaccine preventable disease being targeted is Haemophilus influenzae type B (Hib)</td></tr><tr><td><a href="CodeSystem-IMMZ.D.html#IMMZ.D-DE142">DE142</a></td><td>Tetanus</td><td>The vaccine preventable disease being targeted is tetanus</td></tr><tr><td><a href="CodeSystem-IMMZ.D.html#IMMZ.D-DE143">DE143</a></td><td>Rotavirus</td><td>The vaccine preventable disease being targeted is rotavirus</td></tr><tr><td><a href="CodeSystem-IMMZ.D.html#IMMZ.D-DE144">DE144</a></td><td>Human papillomavirus</td><td>The vaccine preventable disease being targeted is Human papillomavirus (HPV) infection</td></tr><tr><td><a href="CodeSystem-IMMZ.D.html#IMMZ.D-DE175">DE175</a></td><td>Japanese encephalitis</td><td>The vaccine preventable disease being targeted is japanese encephalitis</td></tr><tr><td><a href="CodeSystem-IMMZ.D.html#IMMZ.D-DE146">DE146</a></td><td>Poliomyelitis</td><td>The vaccine preventable disease being targeted is poliomyelitis</td></tr><tr><td><a href="CodeSystem-IMMZ.D.html#IMMZ.D-DE176">DE176</a></td><td>Diphtheria</td><td>The vaccine preventable disease being targeted is diphtheria</td></tr><tr><td><a href="CodeSystem-IMMZ.D.html#IMMZ.D-DE177">DE177</a></td><td>Pneumococcal disease</td><td>The vaccine preventable disease being targeted is pneumococcal</td></tr><tr><td><a href="CodeSystem-IMMZ.D.html#IMMZ.D-DE178">DE178</a></td><td>Rubella</td><td>The vaccine preventable disease being targeted is rubella</td></tr><tr><td><a href="CodeSystem-IMMZ.D.html#IMMZ.D-DE179">DE179</a></td><td>Dengue</td><td>The vaccine preventable disease being targeted is dengue</td></tr><tr><td><a href="CodeSystem-IMMZ.D.html#IMMZ.D-DE180">DE180</a></td><td>Rabies</td><td>The vaccine preventable disease being targeted is rabies</td></tr><tr><td><a href="CodeSystem-IMMZ.D.html#IMMZ.D-DE181">DE181</a></td><td>Meningococcal</td><td>The vaccine preventable disease being targeted is meningococcal</td></tr><tr><td><a href="CodeSystem-IMMZ.D.html#IMMZ.D-DE182">DE182</a></td><td>Cholera</td><td>The vaccine preventable disease being targeted is cholera</td></tr><tr><td><a href="CodeSystem-IMMZ.D.html#IMMZ.D-DE183">DE183</a></td><td>Tick-borne encephalitis</td><td>The vaccine preventable disease being targeted is Tick-Borne encephalitis</td></tr><tr><td><a href="CodeSystem-IMMZ.D.html#IMMZ.D-DE184">DE184</a></td><td>Yellow fever</td><td>The vaccine preventable disease being targeted is yellow fever</td></tr><tr><td><a href="CodeSystem-IMMZ.D.html#IMMZ.D-DE148">DE148</a></td><td>COVID-19</td><td>The vaccine preventable disease being targeted is coronovirus disease (COVID-19)</td></tr></table></li></ul></div></text><url value="http://smart.who.int/ig/smart-immunizations/ValueSet/IMMZ.D.DE126"/><version value="0.1.0"/><name value="IMMZ_D_DE126"/><title value="IMMZ.D.DE126 ValueSet for Disease targeted"/><status value="active"/><experimental value="false"/><date value="2024-03-22T16:39:50+00:00"/><publisher value="World Health Organization (WHO)"/><contact><name value="World Health Organization (WHO)"/><telecom><system value="url"/><value value="https://www.who.int"/></telecom></contact><description value="ValueSet for Disease targeted for IMMZ.D.DE126"/><jurisdiction><coding><system value="http://unstats.un.org/unsd/methods/m49/m49.htm"/><code value="001"/></coding></jurisdiction><compose><include><system value="http://smart.who.int/ig/smart-immunizations/CodeSystem/IMMZ.D"/><concept><code value="DE127"/><display value="Typhoid"/></concept><concept><code value="DE128"/><display value="Influenza"/></concept><concept><code value="DE129"/><display value="Measles"/></concept><concept><code value="DE133"/><display value="Pertussis"/></concept><concept><code value="DE135"/><display value="Mumps"/></concept><concept><code value="DE136"/><display value="Varicella"/></concept><concept><code value="DE137"/><display value="Viral hepatitis A"/></concept><concept><code value="DE139"/><display value="Tuberculosis"/></concept><concept><code value="DE140"/><display value="Viral hepatitis B"/></concept><concept><code value="DE141"/><display value="Haemophilus influenzae type B"/></concept><concept><code value="DE142"/><display value="Tetanus"/></concept><concept><code value="DE143"/><display value="Rotavirus"/></concept><concept><code value="DE144"/><display value="Human papillomavirus"/></concept><concept><code value="DE175"/><display value="Japanese encephalitis"/></concept><concept><code value="DE146"/><display value="Poliomyelitis"/></concept><concept><code value="DE176"/><display value="Diphtheria"/></concept><concept><code value="DE177"/><display value="Pneumococcal disease"/></concept><concept><code value="DE178"/><display value="Rubella"/></concept><concept><code value="DE179"/><display value="Dengue"/></concept><concept><code value="DE180"/><display value="Rabies"/></concept><concept><code value="DE181"/><display value="Meningococcal"/></concept><concept><code value="DE182"/><display value="Cholera"/></concept><concept><code value="DE183"/><display value="Tick-borne encephalitis"/></concept><concept><code value="DE184"/><display value="Yellow fever"/></concept><concept><code value="DE148"/><display value="COVID-19"/></concept></include></compose></ValueSet>