<?xml version="1.0" encoding="UTF-8"?><ValueSet xmlns="http://hl7.org/fhir"><id value="IMMZ.D.DE21"/><text><status value="generated"/><div xmlns="http://www.w3.org/1999/xhtml"><p>This value set includes codes based on the following rules:</p><ul/></div></text><url value="http://smart.who.int/ig/smart-immunizations/ValueSet/IMMZ.D.DE21"/><version value="0.1.0"/><name value="IMMZ_D_DE21"/><title value="IMMZ.D.DE21 ValueSet for Country of vaccination"/><status value="active"/><experimental value="false"/><date value="2024-03-22T16:39:50+00:00"/><publisher value="World Health Organization (WHO)"/><contact><name value="World Health Organization (WHO)"/><telecom><system value="url"/><value value="https://www.who.int"/></telecom></contact><description value="ValueSet for Country of vaccination for IMMZ.D.DE21"/><jurisdiction><coding><system value="http://unstats.un.org/unsd/methods/m49/m49.htm"/><code value="001"/></coding></jurisdiction></ValueSet>