{"resourceType":"Measure","id":"IMMZIND40Measles","meta":{"profile":["http://hl7.org/fhir/us/cqfmeasures/StructureDefinition/proportion-measure-cqfm"]},"url":"http://smart.who.int/ig/smart-immunizations/Measure/IMMZIND40Measles","version":"0.1.0","name":"IMMZIND40Measles","title":"IMMZIND08Measles","status":"draft","experimental":false,"date":"2024-01-06","publisher":"World Health Organization (WHO)","contact":[{"name":"World Health Organization (WHO)","telecom":[{"system":"url","value":"https://www.who.int"}]}],"description":"IMMZ.IND.40 Dropout rate of MCV1 to MCV2.","jurisdiction":[{"coding":[{"system":"http://unstats.un.org/unsd/methods/m49/m49.htm","code":"001"}]}],"library":["http://smart.who.int/ig/smart-immunizations/Library/IMMZIND40Measles"],"scoring":{"coding":[{"system":"http://terminology.hl7.org/CodeSystem/measure-scoring","code":"proportion","display":"Proportion"}]},"group":[{"population":[{"id":"IMMZ.IND.40.IP","extension":[{"url":"http://hl7.org/fhir/us/cqfmeasures/StructureDefinition/cqfm-populationBasis","valueCode":"boolean"}],"code":{"coding":[{"system":"http://terminology.hl7.org/CodeSystem/measure-population","code":"initial-population","display":"Initial Population"}]},"description":"Initial Population","criteria":{"language":"text/cql","expression":"Initial Population"}},{"id":"IMMZ.IND.40.D","extension":[{"url":"http://hl7.org/fhir/us/cqfmeasures/StructureDefinition/cqfm-populationBasis","valueCode":"boolean"}],"code":{"coding":[{"system":"http://terminology.hl7.org/CodeSystem/measure-population","code":"denominator","display":"Denominator"}]},"description":"Denominator","criteria":{"language":"text/cql","expression":"Denominator"}},{"id":"IMMZ.IND.40.N","extension":[{"url":"http://hl7.org/fhir/us/cqfmeasures/StructureDefinition/cqfm-populationBasis","valueCode":"boolean"}],"code":{"coding":[{"system":"http://terminology.hl7.org/CodeSystem/measure-population","code":"numerator","display":"Numerator"}]},"description":"Numerator","criteria":{"language":"text/cql","expression":"Numerator"}}],"stratifier":[{"id":"IMMZ.IND.40.S1","criteria":{"language":"text/cql","expression":"Stratification 1"}},{"id":"IMMZ.IND.40.S2","criteria":{"language":"text/cql","expression":"Stratification 2"}},{"id":"IMMZ.IND.40.S3","criteria":{"language":"text/cql","expression":"Stratification 3"}},{"id":"IMMZ.IND.40.S4","criteria":{"language":"text/cql","expression":"Stratification 4"}}]}]}