{"resourceType":"PlanDefinition","id":"IMMZD2DTPolioIPVOnly","meta":{"profile":["http://hl7.org/fhir/uv/cpg/StructureDefinition/cpg-recommendationdefinition"]},"extension":[{"url":"http://hl7.org/fhir/uv/cpg/StructureDefinition/cpg-knowledgeCapability","valueCode":"computable"}],"url":"http://smart.who.int/ig/smart-immunizations/PlanDefinition/IMMZD2DTPolioIPVOnly","version":"0.1.0","name":"IMMZD2DTPolioIPVOnly","title":"IMMZ.D2.DT.Polio.IPVOnly","type":{"coding":[{"system":"http://terminology.hl7.org/CodeSystem/plan-definition-type","code":"eca-rule"}]},"status":"draft","experimental":false,"date":"2024-03-15T12:36:35+00:00","publisher":"World Health Organization (WHO)","contact":[{"name":"World Health Organization (WHO)","telecom":[{"system":"url","value":"https://www.who.int"}]}],"description":"Determine if the client is due for a polio vaccination according to the national immunization protocol.\nIPV-only (in countries, in polio-free regions, with a very low risk of importation and sustained high routine immunization coverage (DTP3 >90%)","jurisdiction":[{"coding":[{"system":"http://unstats.un.org/unsd/methods/m49/m49.htm","code":"001"}]}],"library":["http://smart.who.int/ig/smart-immunizations/Library/IMMZD2DTPolioIPVOnly"],"action":[{"title":"Determine if the client is due for polio IPV dose.","description":"Determine if the client is due for a polio IPV vaccination according to the national immunization schedule.\nIPV-only (in countries, in polio-free regions, with a very low risk of importation and sustained high routine immunization coverage (DTP3 >90%)","condition":[{"kind":"applicability","expression":{"description":"Client is due for IPV vaccination","language":"text/cql-identifier","expression":"Client is due for IPV vaccination"}}],"definitionCanonical":"http://smart.who.int/ig/smart-immunizations/ActivityDefinition/IMMZD2DTPolioIPVMR","dynamicValue":[{"path":"status","expression":{"language":"text/cql","expression":"'draft'"}},{"path":"intent","expression":{"language":"text/cql","expression":"'proposal'"}}]},{"title":"Send Guidance for the patient regarding polio sequential IPV only primary series.","description":"Send Guidance for the patient regarding polio sequential IPV only primary series.\nIPV-only (in countries, in polio-free regions, with a very low risk of importation and sustained high routine immunization coverage (DTP3 >90%)","condition":[{"kind":"applicability","expression":{"description":"Guidance","language":"text/cql-identifier","expression":"Guidance"}}],"definitionCanonical":"http://smart.who.int/ig/smart-immunizations/ActivityDefinition/IMMZD2DTCR","dynamicValue":[{"path":"status","expression":{"language":"text/cql","expression":"'active'"}},{"path":"payload.contentAttachment.title","expression":{"language":"text/cql-identifier","expression":"Guidance"}},{"path":"payload.contentAttachment.language","expression":{"language":"text/cql","expression":"'en-US'"}},{"path":"payload.contentAttachment.contentType","expression":{"language":"text/cql","expression":"'text/plain'"}},{"path":"category.coding","expression":{"description":"Category of communication","language":"text/cql","expression":"Code { system: 'http://terminology.hl7.org/CodeSystem/communication-category', code: 'alert' }"}},{"path":"priority","expression":{"description":"Alert priority","language":"text/cql","expression":"Code { system: 'http://hl7.org/fhir/request-priority', code: 'routine' }"}}]}]}