{"resourceType":"StructureMap","id":"IMMZD5QRToResources","text":{"status":"generated","div":"<div xmlns=\"http://www.w3.org/1999/xhtml\"><pre class=\"fml\">\r\n<b>map</b><span style=\"color: navy\"> &quot;</span>http://smart.who.int/ig/smart-immunizations/StructureMap/IMMZD5QRToResources<span style=\"color: navy\">&quot; = &quot;</span>IMMZD5QRToResources<span style=\"color: navy\">&quot;\r\n\r\n</span><b>uses</b><span style=\"color: navy\"> &quot;</span><a href=\"http://hl7.org/fhir/R4/questionnaireresponse.html\" title=\"QuestionnaireResponse\">http://hl7.org/fhir/StructureDefinition/QuestionnaireResponse</a><span style=\"color: navy\">&quot; </span><b>alias </b>QResp <b>as </b><b>source</b>\r\n<b>uses</b><span style=\"color: navy\"> &quot;</span><a href=\"StructureDefinition-IMMZD5CheckContraindications.html\" title=\"IMMZ.D5 Check Contraindications\">http://smart.who.int/ig/smart-immunizations/StructureDefinition/IMMZD5CheckContraindications</a><span style=\"color: navy\">&quot; </span><b>alias </b>IMMZD5 <b>as </b><b>source</b>\r\n<b>uses</b><span style=\"color: navy\"> &quot;</span><a href=\"http://hl7.org/fhir/R4/bundle.html\" title=\"Bundle\">http://hl7.org/fhir/StructureDefinition/Bundle</a><span style=\"color: navy\">&quot; </span><b>alias </b>Bundle <b>as </b><b>target</b>\r\n\r\n<b>imports</b><span style=\"color: navy\"> &quot;</span><a href=\"StructureMap-IMMZD5QRToLM.html\" title=\"IMMZD5QRToLM\">http://smart.who.int/ig/smart-immunizations/StructureMap/IMMZD5QRToLM</a><span style=\"color: navy\">&quot;\r\n</span><b>imports</b><span style=\"color: navy\"> &quot;</span><a href=\"StructureMap-IMMZD5LMToResources.html\" title=\"IMMZD5LMToResources\">http://smart.who.int/ig/smart-immunizations/StructureMap/IMMZD5LMToResources</a><span style=\"color: navy\">&quot;\r\n</span>\r\n<b>group </b>QRespToBundle<span style=\"color: navy\">(</span><b>source</b> <span style=\"color: maroon\">qr</span><span style=\"color: navy\"> : </span>QResp, <b>target</b> <span style=\"color: maroon\">bundle</span><span style=\"color: navy\"> : </span>Bundle<span style=\"color: navy\">)</span><span style=\"color: navy\"> {\r\n</span>  qr<span style=\"color: navy\"><b> -&gt; </b></span><b>create</b><span style=\"color: navy\">(</span><span style=\"color: blue\">'http://smart.who.int/ig/smart-immunizations/StructureDefinition/IMMZD5CheckContraindications'</span><span style=\"color: navy\">)</span><b> as </b><span style=\"color: maroon\">model</span><b> then</b><span style=\"color: navy\"> {\r\n</span>    qr<span style=\"color: navy\"><b> -&gt; </b></span>model<b> then </b>QRespToIMMZD5<span style=\"color: navy\">(</span><span style=\"color: maroon\">qr</span><span style=\"color: navy\">, </span><span style=\"color: maroon\">model</span><span style=\"color: navy\">)</span> <i>&quot;QRtoLM&quot;</i><span style=\"color: navy\">;</span>\r\n    qr<span style=\"color: navy\"><b> -&gt; </b></span>bundle<b> then </b>IMMZD5ToBundle<span style=\"color: navy\">(</span><span style=\"color: maroon\">model</span><span style=\"color: navy\">, </span><span style=\"color: maroon\">bundle</span><span style=\"color: navy\">)</span> <i>&quot;LMtoBundle&quot;</i><span style=\"color: navy\">;</span>\r\n  <span style=\"color: navy\">}</span> <i>&quot;QRtoBundle&quot;</i><span style=\"color: navy\">;</span>\r\n<span style=\"color: navy\">}\r\n\r\n</span></pre></div>"},"url":"http://smart.who.int/ig/smart-immunizations/StructureMap/IMMZD5QRToResources","version":"0.1.0","name":"IMMZD5QRToResources","status":"draft","date":"2024-03-15T12:36:35+00:00","publisher":"World Health Organization (WHO)","contact":[{"name":"World Health Organization (WHO)","telecom":[{"system":"url","value":"https://www.who.int"}]}],"jurisdiction":[{"coding":[{"system":"http://unstats.un.org/unsd/methods/m49/m49.htm","code":"001"}]}],"structure":[{"url":"http://hl7.org/fhir/StructureDefinition/QuestionnaireResponse","mode":"source","alias":"QResp"},{"url":"http://smart.who.int/ig/smart-immunizations/StructureDefinition/IMMZD5CheckContraindications","mode":"source","alias":"IMMZD5"},{"url":"http://hl7.org/fhir/StructureDefinition/Bundle","mode":"target","alias":"Bundle"}],"import":["http://smart.who.int/ig/smart-immunizations/StructureMap/IMMZD5QRToLM","http://smart.who.int/ig/smart-immunizations/StructureMap/IMMZD5LMToResources"],"group":[{"name":"QRespToBundle","typeMode":"none","input":[{"name":"qr","type":"QResp","mode":"source"},{"name":"bundle","type":"Bundle","mode":"target"}],"rule":[{"name":"QRtoBundle","source":[{"context":"qr"}],"target":[{"contextType":"variable","variable":"model","transform":"create","parameter":[{"valueString":"http://smart.who.int/ig/smart-immunizations/StructureDefinition/IMMZD5CheckContraindications"}]}],"rule":[{"name":"QRtoLM","source":[{"context":"qr"}],"target":[{"context":"model","contextType":"variable"}],"dependent":[{"name":"QRespToIMMZD5","variable":["qr","model"]}]},{"name":"LMtoBundle","source":[{"context":"qr"}],"target":[{"context":"bundle","contextType":"variable"}],"dependent":[{"name":"IMMZD5ToBundle","variable":["model","bundle"]}]}]}]}]}