{"resourceType":"ValueSet","id":"IMMZ.D.DE25","text":{"status":"generated","div":"<div xmlns=\"http://www.w3.org/1999/xhtml\"><p>This value set includes codes based on the following rules:</p><ul/></div>"},"url":"http://smart.who.int/ig/smart-immunizations/ValueSet/IMMZ.D.DE25","version":"0.1.0","name":"IMMZ_D_DE25","title":"IMMZ.D.DE25 ValueSet for Vaccine market authorization holder","status":"active","experimental":false,"date":"2024-03-15T12:36:35+00:00","publisher":"World Health Organization (WHO)","contact":[{"name":"World Health Organization (WHO)","telecom":[{"system":"url","value":"https://www.who.int"}]}],"description":"ValueSet for Vaccine market authorization holder for IMMZ.D.DE25","jurisdiction":[{"coding":[{"system":"http://unstats.un.org/unsd/methods/m49/m49.htm","code":"001"}]}]}