{
  "resourceType" : "ActivityDefinition",
  "id" : "IMMZD2DTRubellaMR",
  "meta" : {
    "profile" : ["http://hl7.org/fhir/uv/cpg/StructureDefinition/cpg-immunizationactivity"]
  },
  "text" : {
    "status" : "extensions",
    "div" : "<div xmlns=\"http://www.w3.org/1999/xhtml\"><p><b>Generated Narrative: ActivityDefinition</b><a name=\"IMMZD2DTRubellaMR\"> </a><a name=\"hcIMMZD2DTRubellaMR\"> </a></p><div style=\"display: inline-block; background-color: #d9e0e7; padding: 6px; margin: 4px; border: 1px solid #8da1b4; border-radius: 5px; line-height: 60%\"><p style=\"margin-bottom: 0px\">Resource ActivityDefinition &quot;IMMZD2DTRubellaMR&quot; </p><p style=\"margin-bottom: 0px\">Profile: <a href=\"https://build.fhir.org/ig/HL7/cqf-recommendations//StructureDefinition-cpg-immunizationactivity.html\">CPG Immunization Activity</a></p></div><p><b>knowledgeCapability</b>: computable</p><p><b>url</b>: <code>http://smart.who.int/ig/smart-immunizations/ActivityDefinition/IMMZD2DTRubellaMR</code></p><p><b>version</b>: 0.1.0</p><p><b>name</b>: IMMZD2DTRubellaMedicationRequest</p><p><b>title</b>: IMMZ.D2.DT.Rubella.MR</p><p><b>status</b>: draft</p><p><b>experimental</b>: false</p><p><b>date</b>: 2024-02-29</p><p><b>publisher</b>: World Health Organization (WHO)</p><p><b>contact</b>: World Health Organization (WHO): <a href=\"https://www.who.int\">https://www.who.int</a></p><p><b>description</b>: Provide immunization</p><p><b>jurisdiction</b>: Global (Whole world) <span style=\"background: LightGoldenRodYellow; margin: 4px; border: 1px solid khaki\"> (m49.htm#001)</span></p><p><b>kind</b>: MedicationRequest</p><p><b>profile</b>: <a href=\"https://build.fhir.org/ig/HL7/cqf-recommendations//StructureDefinition-cpg-immunizationrequest.html\">CPG Immunization Request</a></p><p><b>intent</b>: proposal</p><p><b>doNotPerform</b>: false</p><p><b>product</b>: Rubella vaccine <span style=\"background: LightGoldenRodYellow; margin: 4px; border: 1px solid khaki\"> (icd-11#XM7PP1)</span></p></div>"
  },
  "extension" : [{
    "url" : "http://hl7.org/fhir/uv/cpg/StructureDefinition/cpg-knowledgeCapability",
    "valueCode" : "computable"
  }],
  "url" : "http://smart.who.int/ig/smart-immunizations/ActivityDefinition/IMMZD2DTRubellaMR",
  "version" : "0.1.0",
  "name" : "IMMZD2DTRubellaMedicationRequest",
  "title" : "IMMZ.D2.DT.Rubella.MR",
  "status" : "draft",
  "experimental" : false,
  "date" : "2024-02-29",
  "publisher" : "World Health Organization (WHO)",
  "contact" : [{
    "name" : "World Health Organization (WHO)",
    "telecom" : [{
      "system" : "url",
      "value" : "https://www.who.int"
    }]
  }],
  "description" : "Provide immunization",
  "jurisdiction" : [{
    "coding" : [{
      "system" : "http://unstats.un.org/unsd/methods/m49/m49.htm",
      "code" : "001"
    }]
  }],
  "kind" : "MedicationRequest",
  "profile" : "http://hl7.org/fhir/uv/cpg/StructureDefinition/cpg-immunizationrequest",
  "intent" : "proposal",
  "doNotPerform" : false,
  "productCodeableConcept" : {
    "coding" : [{
      "system" : "http://hl7.org/fhir/sid/icd-11",
      "code" : "XM7PP1",
      "display" : "Rubella vaccine"
    }]
  }
}