{
  "resourceType" : "Measure",
  "id" : "IMMZIND08Measles",
  "meta" : {
    "profile" : ["http://hl7.org/fhir/us/cqfmeasures/StructureDefinition/proportion-measure-cqfm"]
  },
  "text" : {
    "status" : "extensions",
    "div" : "<div xmlns=\"http://www.w3.org/1999/xhtml\"><p><b>Generated Narrative: Measure</b><a name=\"IMMZIND08Measles\"> </a><a name=\"hcIMMZIND08Measles\"> </a></p><div style=\"display: inline-block; background-color: #d9e0e7; padding: 6px; margin: 4px; border: 1px solid #8da1b4; border-radius: 5px; line-height: 60%\"><p style=\"margin-bottom: 0px\">Resource Measure &quot;IMMZIND08Measles&quot; </p><p style=\"margin-bottom: 0px\">Profile: <a href=\"https://build.fhir.org/ig/HL7/cqf-measures//StructureDefinition-proportion-measure-cqfm.html\">CQFM Proportion Measure</a></p></div><p><b>url</b>: <code>http://smart.who.int/ig/smart-immunizations/Measure/IMMZIND08Measles</code></p><p><b>version</b>: 0.1.0</p><p><b>name</b>: IMMZIND08Measles</p><p><b>title</b>: IMMZIND08Measles</p><p><b>status</b>: draft</p><p><b>experimental</b>: false</p><p><b>date</b>: 2024-01-06</p><p><b>publisher</b>: World Health Organization (WHO)</p><p><b>contact</b>: World Health Organization (WHO): <a href=\"https://www.who.int\">https://www.who.int</a></p><p><b>description</b>: IMMZ.IND.08 Measles indicator for second dose.</p><p><b>jurisdiction</b>: Global (Whole world) <span style=\"background: LightGoldenRodYellow; margin: 4px; border: 1px solid khaki\"> (m49.htm#001)</span></p><p><b>library</b>: <a href=\"Library-IMMZIND08Measles.html\">IMMZIND08Measles</a></p><p><b>scoring</b>: Proportion <span style=\"background: LightGoldenRodYellow; margin: 4px; border: 1px solid khaki\"> (<a href=\"http://terminology.hl7.org/5.4.0/CodeSystem-measure-scoring.html\">MeasureScoring</a>#proportion)</span></p><blockquote><p><b>group</b></p><blockquote><p><b>population</b></p><blockquote><p><b>id</b></p>IMMZ.IND.08.IP</blockquote><p><b>CQFM Population Basis</b>: boolean</p><p><b>code</b>: Initial Population <span style=\"background: LightGoldenRodYellow; margin: 4px; border: 1px solid khaki\"> (<a href=\"http://terminology.hl7.org/5.4.0/CodeSystem-measure-population.html\">MeasurePopulationType</a>#initial-population)</span></p><p><b>description</b>: Initial Population</p><h3>Criteria</h3><table class=\"grid\"><tr><td style=\"display: none\">-</td><td><b>Language</b></td><td><b>Expression</b></td></tr><tr><td style=\"display: none\">*</td><td>text/cql</td><td>Initial Population</td></tr></table></blockquote><blockquote><p><b>population</b></p><blockquote><p><b>id</b></p>IMMZ.IND.08.D</blockquote><p><b>CQFM Population Basis</b>: boolean</p><p><b>code</b>: Denominator <span style=\"background: LightGoldenRodYellow; margin: 4px; border: 1px solid khaki\"> (<a href=\"http://terminology.hl7.org/5.4.0/CodeSystem-measure-population.html\">MeasurePopulationType</a>#denominator)</span></p><p><b>description</b>: Denominator</p><h3>Criteria</h3><table class=\"grid\"><tr><td style=\"display: none\">-</td><td><b>Language</b></td><td><b>Expression</b></td></tr><tr><td style=\"display: none\">*</td><td>text/cql</td><td>Denominator</td></tr></table></blockquote><blockquote><p><b>population</b></p><blockquote><p><b>id</b></p>IMMZ.IND.08.N</blockquote><p><b>CQFM Population Basis</b>: boolean</p><p><b>code</b>: Numerator <span style=\"background: LightGoldenRodYellow; margin: 4px; border: 1px solid khaki\"> (<a href=\"http://terminology.hl7.org/5.4.0/CodeSystem-measure-population.html\">MeasurePopulationType</a>#numerator)</span></p><p><b>description</b>: Numerator</p><h3>Criteria</h3><table class=\"grid\"><tr><td style=\"display: none\">-</td><td><b>Language</b></td><td><b>Expression</b></td></tr><tr><td style=\"display: none\">*</td><td>text/cql</td><td>Numerator</td></tr></table></blockquote><blockquote><p><b>stratifier</b></p><blockquote><p><b>id</b></p>IMMZ.IND.08.S1</blockquote><h3>Criteria</h3><table class=\"grid\"><tr><td style=\"display: none\">-</td><td><b>Language</b></td><td><b>Expression</b></td></tr><tr><td style=\"display: none\">*</td><td>text/cql</td><td>Stratification 1</td></tr></table></blockquote><blockquote><p><b>stratifier</b></p><blockquote><p><b>id</b></p>IMMZ.IND.08.S2</blockquote><h3>Criteria</h3><table class=\"grid\"><tr><td style=\"display: none\">-</td><td><b>Language</b></td><td><b>Expression</b></td></tr><tr><td style=\"display: none\">*</td><td>text/cql</td><td>Stratification 2</td></tr></table></blockquote><blockquote><p><b>stratifier</b></p><blockquote><p><b>id</b></p>IMMZ.IND.08.S3</blockquote><h3>Criteria</h3><table class=\"grid\"><tr><td style=\"display: none\">-</td><td><b>Language</b></td><td><b>Expression</b></td></tr><tr><td style=\"display: none\">*</td><td>text/cql</td><td>Stratification 3</td></tr></table></blockquote><blockquote><p><b>stratifier</b></p><blockquote><p><b>id</b></p>IMMZ.IND.08.S4</blockquote><h3>Criteria</h3><table class=\"grid\"><tr><td style=\"display: none\">-</td><td><b>Language</b></td><td><b>Expression</b></td></tr><tr><td style=\"display: none\">*</td><td>text/cql</td><td>Stratification 4</td></tr></table></blockquote></blockquote></div>"
  },
  "url" : "http://smart.who.int/ig/smart-immunizations/Measure/IMMZIND08Measles",
  "version" : "0.1.0",
  "name" : "IMMZIND08Measles",
  "title" : "IMMZIND08Measles",
  "status" : "draft",
  "experimental" : false,
  "date" : "2024-01-06",
  "publisher" : "World Health Organization (WHO)",
  "contact" : [{
    "name" : "World Health Organization (WHO)",
    "telecom" : [{
      "system" : "url",
      "value" : "https://www.who.int"
    }]
  }],
  "description" : "IMMZ.IND.08 Measles indicator for second dose.",
  "jurisdiction" : [{
    "coding" : [{
      "system" : "http://unstats.un.org/unsd/methods/m49/m49.htm",
      "code" : "001"
    }]
  }],
  "library" : ["http://smart.who.int/ig/smart-immunizations/Library/IMMZIND08Measles"],
  "scoring" : {
    "coding" : [{
      "system" : "http://terminology.hl7.org/CodeSystem/measure-scoring",
      "code" : "proportion",
      "display" : "Proportion"
    }]
  },
  "group" : [{
    "population" : [{
      "id" : "IMMZ.IND.08.IP",
      "extension" : [{
        "url" : "http://hl7.org/fhir/us/cqfmeasures/StructureDefinition/cqfm-populationBasis",
        "valueCode" : "boolean"
      }],
      "code" : {
        "coding" : [{
          "system" : "http://terminology.hl7.org/CodeSystem/measure-population",
          "code" : "initial-population",
          "display" : "Initial Population"
        }]
      },
      "description" : "Initial Population",
      "criteria" : {
        "language" : "text/cql",
        "expression" : "Initial Population"
      }
    },
    {
      "id" : "IMMZ.IND.08.D",
      "extension" : [{
        "url" : "http://hl7.org/fhir/us/cqfmeasures/StructureDefinition/cqfm-populationBasis",
        "valueCode" : "boolean"
      }],
      "code" : {
        "coding" : [{
          "system" : "http://terminology.hl7.org/CodeSystem/measure-population",
          "code" : "denominator",
          "display" : "Denominator"
        }]
      },
      "description" : "Denominator",
      "criteria" : {
        "language" : "text/cql",
        "expression" : "Denominator"
      }
    },
    {
      "id" : "IMMZ.IND.08.N",
      "extension" : [{
        "url" : "http://hl7.org/fhir/us/cqfmeasures/StructureDefinition/cqfm-populationBasis",
        "valueCode" : "boolean"
      }],
      "code" : {
        "coding" : [{
          "system" : "http://terminology.hl7.org/CodeSystem/measure-population",
          "code" : "numerator",
          "display" : "Numerator"
        }]
      },
      "description" : "Numerator",
      "criteria" : {
        "language" : "text/cql",
        "expression" : "Numerator"
      }
    }],
    "stratifier" : [{
      "id" : "IMMZ.IND.08.S1",
      "criteria" : {
        "language" : "text/cql",
        "expression" : "Stratification 1"
      }
    },
    {
      "id" : "IMMZ.IND.08.S2",
      "criteria" : {
        "language" : "text/cql",
        "expression" : "Stratification 2"
      }
    },
    {
      "id" : "IMMZ.IND.08.S3",
      "criteria" : {
        "language" : "text/cql",
        "expression" : "Stratification 3"
      }
    },
    {
      "id" : "IMMZ.IND.08.S4",
      "criteria" : {
        "language" : "text/cql",
        "expression" : "Stratification 4"
      }
    }]
  }]
}