{
  "resourceType" : "StructureMap",
  "id" : "IMMZD1HepatitisBQRToLM",
  "text" : {
    "status" : "generated",
    "div" : "<div xmlns=\"http://www.w3.org/1999/xhtml\"><pre class=\"fml\">\r\n<b>map</b><span style=\"color: navy\"> &quot;</span>http://smart.who.int/ig/smart-immunizations/StructureMap/IMMZD1HepatitisBQRToLM<span style=\"color: navy\">&quot; = &quot;</span>IMMZD1HepatitisBQRToLM<span style=\"color: navy\">&quot;\r\n\r\n</span><b>uses</b><span style=\"color: navy\"> &quot;</span><a href=\"http://hl7.org/fhir/R4/questionnaireresponse.html\" title=\"QuestionnaireResponse\">http://hl7.org/fhir/StructureDefinition/QuestionnaireResponse</a><span style=\"color: navy\">&quot; </span><b>alias </b>QResp <b>as </b><b>source</b>\r\n<b>uses</b><span style=\"color: navy\"> &quot;</span><a href=\"StructureDefinition-IMMZD1ClientHistoryHepatitisB.html\" title=\"IMMZ.D1 Capture Client History for Hepatitis B\">http://smart.who.int/ig/smart-immunizations/StructureDefinition/IMMZD1ClientHistoryHepatitisB</a><span style=\"color: navy\">&quot; </span><b>alias </b>IMMZD1 <b>as </b><b>target</b>\r\n\r\n<b>imports</b><span style=\"color: navy\"> &quot;</span><a href=\"StructureMap-IMMZD1QRToLM.html\" title=\"IMMZD1QRToLM\">http://smart.who.int/ig/smart-immunizations/StructureMap/IMMZD1QRToLM</a><span style=\"color: navy\">&quot;\r\n</span>\r\n<b>group </b>HepatitisBQRespToIMMZD1<span style=\"color: navy\">(</span><b>source</b> <span style=\"color: maroon\">qr</span><span style=\"color: navy\"> : </span>QResp, <b>target</b> <span style=\"color: maroon\">immz</span><span style=\"color: navy\"> : </span>IMMZD1<span style=\"color: navy\">)</span><b> extends </b>QRespToIMMZD1<span style=\"color: navy\"> {\r\n</span>  qr.item<b> as </b><span style=\"color: maroon\">item</span><b> then</b><span style=\"color: navy\"> {\r\n</span>    item.answer first<b> as </b><span style=\"color: maroon\">answer</span><b> where </b>item.linkId = 'birth'<b> then</b><span style=\"color: navy\"> {\r\n</span>      answer.value<b> as </b><span style=\"color: maroon\">content</span><span style=\"color: navy\"><b> -&gt; </b></span>immz.birth = <span style=\"color: maroon\">content</span> <i>&quot;SetBirth&quot;</i><span style=\"color: navy\">;</span>\r\n    <span style=\"color: navy\">}</span> <i>&quot;FirstAnswerForBirth&quot;</i><span style=\"color: navy\">;</span>\r\n    item.answer first<b> as </b><span style=\"color: maroon\">answer</span><b> where </b>item.linkId = 'birthweight'<b> then</b><span style=\"color: navy\"> {\r\n</span>      answer.value<b> as </b><span style=\"color: maroon\">content</span><span style=\"color: navy\"><b> -&gt; </b></span>immz.birthweight = <span style=\"color: maroon\">content</span> <i>&quot;SetBirthWeight&quot;</i><span style=\"color: navy\">;</span>\r\n    <span style=\"color: navy\">}</span> <i>&quot;FirstAnswerForBirthWeight&quot;</i><span style=\"color: navy\">;</span>\r\n    item.answer first<b> as </b><span style=\"color: maroon\">answer</span><b> where </b>item.linkId = 'hepbtype'<b> then</b><span style=\"color: navy\"> {\r\n</span>      answer.value<b> as </b><span style=\"color: maroon\">coding</span><span style=\"color: navy\"><b> -&gt; </b></span>immz.hepbtype = <span style=\"color: maroon\">coding</span> <i>&quot;SetHepatitisBType&quot;</i><span style=\"color: navy\">;</span>\r\n    <span style=\"color: navy\">}</span> <i>&quot;FirstAnswerForHepatitisBType&quot;</i><span style=\"color: navy\">;</span>\r\n  <span style=\"color: navy\">}</span> <i>&quot;processItems&quot;</i><span style=\"color: navy\">;</span>\r\n<span style=\"color: navy\">}\r\n\r\n</span></pre></div>"
  },
  "url" : "http://smart.who.int/ig/smart-immunizations/StructureMap/IMMZD1HepatitisBQRToLM",
  "version" : "0.1.0",
  "name" : "IMMZD1HepatitisBQRToLM",
  "status" : "draft",
  "date" : "2024-03-22T16:39:50+00:00",
  "publisher" : "World Health Organization (WHO)",
  "contact" : [{
    "name" : "World Health Organization (WHO)",
    "telecom" : [{
      "system" : "url",
      "value" : "https://www.who.int"
    }]
  }],
  "jurisdiction" : [{
    "coding" : [{
      "system" : "http://unstats.un.org/unsd/methods/m49/m49.htm",
      "code" : "001"
    }]
  }],
  "structure" : [{
    "url" : "http://hl7.org/fhir/StructureDefinition/QuestionnaireResponse",
    "mode" : "source",
    "alias" : "QResp"
  },
  {
    "url" : "http://smart.who.int/ig/smart-immunizations/StructureDefinition/IMMZD1ClientHistoryHepatitisB",
    "mode" : "target",
    "alias" : "IMMZD1"
  }],
  "import" : ["http://smart.who.int/ig/smart-immunizations/StructureMap/IMMZD1QRToLM"],
  "group" : [{
    "name" : "HepatitisBQRespToIMMZD1",
    "extends" : "QRespToIMMZD1",
    "typeMode" : "none",
    "input" : [{
      "name" : "qr",
      "type" : "QResp",
      "mode" : "source"
    },
    {
      "name" : "immz",
      "type" : "IMMZD1",
      "mode" : "target"
    }],
    "rule" : [{
      "name" : "processItems",
      "source" : [{
        "context" : "qr",
        "element" : "item",
        "variable" : "item"
      }],
      "rule" : [{
        "name" : "FirstAnswerForBirth",
        "source" : [{
          "context" : "item",
          "element" : "answer",
          "listMode" : "first",
          "variable" : "answer",
          "condition" : "item.linkId = 'birth'"
        }],
        "rule" : [{
          "name" : "SetBirth",
          "source" : [{
            "context" : "answer",
            "element" : "value",
            "variable" : "content"
          }],
          "target" : [{
            "context" : "immz",
            "contextType" : "variable",
            "element" : "birth",
            "transform" : "copy",
            "parameter" : [{
              "valueId" : "content"
            }]
          }]
        }]
      },
      {
        "name" : "FirstAnswerForBirthWeight",
        "source" : [{
          "context" : "item",
          "element" : "answer",
          "listMode" : "first",
          "variable" : "answer",
          "condition" : "item.linkId = 'birthweight'"
        }],
        "rule" : [{
          "name" : "SetBirthWeight",
          "source" : [{
            "context" : "answer",
            "element" : "value",
            "variable" : "content"
          }],
          "target" : [{
            "context" : "immz",
            "contextType" : "variable",
            "element" : "birthweight",
            "transform" : "copy",
            "parameter" : [{
              "valueId" : "content"
            }]
          }]
        }]
      },
      {
        "name" : "FirstAnswerForHepatitisBType",
        "source" : [{
          "context" : "item",
          "element" : "answer",
          "listMode" : "first",
          "variable" : "answer",
          "condition" : "item.linkId = 'hepbtype'"
        }],
        "rule" : [{
          "name" : "SetHepatitisBType",
          "source" : [{
            "context" : "answer",
            "element" : "value",
            "variable" : "coding"
          }],
          "target" : [{
            "context" : "immz",
            "contextType" : "variable",
            "element" : "hepbtype",
            "transform" : "copy",
            "parameter" : [{
              "valueId" : "coding"
            }]
          }]
        }]
      }]
    }]
  }]
}