{
  "resourceType" : "ActivityDefinition",
  "id" : "IMMZ.DT.03.Polio.bOPV",
  "meta" : {
    "profile" : ["http://hl7.org/fhir/uv/cpg/StructureDefinition/cpg-immunizationactivity"]
  },
  "text" : {
    "status" : "generated",
    "div" : "<div xmlns=\"http://www.w3.org/1999/xhtml\"><p><b>Generated Narrative: ActivityDefinition</b><a name=\"IMMZ.DT.03.Polio.bOPV\"> </a></p><div style=\"display: inline-block; background-color: #d9e0e7; padding: 6px; margin: 4px; border: 1px solid #8da1b4; border-radius: 5px; line-height: 60%\"><p style=\"margin-bottom: 0px\">Resource ActivityDefinition &quot;IMMZ.DT.03.Polio.bOPV&quot; </p><p style=\"margin-bottom: 0px\">Profile: <code>http://hl7.org/fhir/uv/cpg/StructureDefinition/cpg-immunizationactivity</code></p></div><p><b>url</b>: <code>http://fhir.org/guides/who/smart-immunization/ActivityDefinition/IMMZ.DT.03.Polio.01</code></p><p><b>version</b>: 0.1.0</p><p><b>title</b>: IMMZ.DT.03.Polio.01</p><p><b>status</b>: draft</p><p><b>experimental</b>: true</p><p><b>date</b>: 2022-05-06 12:05:47-0400</p><p><b>publisher</b>: World Health Organization (WHO)</p><p><b>contact</b>: <a href=\"https://who.int\">https://who.int</a></p><p><b>description</b>: Provide Polio (bOPV) vaccination</p><p><b>jurisdiction</b>: Global (Whole world) <span style=\"background: LightGoldenRodYellow; margin: 4px; border: 1px solid khaki\"> (m49.htm#001)</span></p><p><b>kind</b>: ImmunizationRecommendation</p><p><b>code</b>: Administration of vaccine to produce active immunity <span style=\"background: LightGoldenRodYellow; margin: 4px; border: 1px solid khaki\"> (<a href=\"https://browser.ihtsdotools.org/\">SNOMED CT</a>#33879002)</span></p><p><b>intent</b>: proposal</p><p><b>doNotPerform</b>: false</p><blockquote><p><b>dynamicValue</b></p><p><b>path</b>: recommendation.targetDisease</p><h3>Expressions</h3><table class=\"grid\"><tr><td>-</td><td><b>Language</b></td><td><b>Expression</b></td></tr><tr><td>*</td><td>text/cql</td><td>Code { system: 'http://id.who.int/icd/release/11/mms', code: 'XN3M0', display: 'Poliovirus' }</td></tr></table></blockquote><blockquote><p><b>dynamicValue</b></p><p><b>path</b>: recommendation.seriesDoses</p><h3>Expressions</h3><table class=\"grid\"><tr><td>-</td><td><b>Description</b></td><td><b>Language</b></td><td><b>Expression</b></td></tr><tr><td>*</td><td>The number of doses in this series.</td><td>text/cql</td><td>Number of Required bOPV Doses</td></tr></table></blockquote><blockquote><p><b>dynamicValue</b></p><p><b>path</b>: recommendation.doseNumber</p><h3>Expressions</h3><table class=\"grid\"><tr><td>-</td><td><b>Description</b></td><td><b>Language</b></td><td><b>Expression</b></td></tr><tr><td>*</td><td>The dose number being given.</td><td>text/cql</td><td>bOPV Next Dose Number</td></tr></table></blockquote><blockquote><p><b>dynamicValue</b></p><p><b>path</b>: recommendation.forecastStatus</p><h3>Expressions</h3><table class=\"grid\"><tr><td>-</td><td><b>Language</b></td><td><b>Expression</b></td></tr><tr><td>*</td><td>text/cql</td><td>Code { system: 'http://terminology.hl7.org/CodeSystem/immunization-recommendation-status', code: 'due' }</td></tr></table></blockquote><blockquote><p><b>dynamicValue</b></p><p><b>path</b>: recommendation.dateCriterion[0].value</p><h3>Expressions</h3><table class=\"grid\"><tr><td>-</td><td><b>Description</b></td><td><b>Language</b></td><td><b>Expression</b></td></tr><tr><td>*</td><td>Due date of the dose</td><td>text/cql</td><td>Schedule Due Date for bOPV dose</td></tr></table></blockquote><blockquote><p><b>dynamicValue</b></p><p><b>path</b>: recommendation.dateCriterion[0].code</p><h3>Expressions</h3><table class=\"grid\"><tr><td>-</td><td><b>Description</b></td><td><b>Language</b></td><td><b>Expression</b></td></tr><tr><td>*</td><td>Date vaccine due</td><td>text/cql</td><td>Code { system: 'http://loinc.org', code: '30980-7' }</td></tr></table></blockquote><blockquote><p><b>dynamicValue</b></p><p><b>path</b>: recommendation.dateCriterion[1].value</p><h3>Expressions</h3><table class=\"grid\"><tr><td>-</td><td><b>Description</b></td><td><b>Language</b></td><td><b>Expression</b></td></tr><tr><td>*</td><td>Expiration date for bOPV dose</td><td>text/cql</td><td>Expiration Date for bOPV dose</td></tr></table></blockquote><blockquote><p><b>dynamicValue</b></p><p><b>path</b>: recommendation.dateCriterion[1].code</p><h3>Expressions</h3><table class=\"grid\"><tr><td>-</td><td><b>Description</b></td><td><b>Language</b></td><td><b>Expression</b></td></tr><tr><td>*</td><td>Latest date to give immunization</td><td>text/cql</td><td>Code { system: 'http://loinc.org', code: '59777-3' }</td></tr></table></blockquote><blockquote><p><b>dynamicValue</b></p><p><b>path</b>: recommendation.dateCriterion[2].value</p><h3>Expressions</h3><table class=\"grid\"><tr><td>-</td><td><b>Description</b></td><td><b>Language</b></td><td><b>Expression</b></td></tr><tr><td>*</td><td>Overdue date for bOPV dose</td><td>text/cql</td><td>Overdue Date for bOPV dose</td></tr></table></blockquote><blockquote><p><b>dynamicValue</b></p><p><b>path</b>: recommendation.dateCriterion[2].code</p><h3>Expressions</h3><table class=\"grid\"><tr><td>-</td><td><b>Description</b></td><td><b>Language</b></td><td><b>Expression</b></td></tr><tr><td>*</td><td>Date when overdue for immunization</td><td>text/cql</td><td>Code { system: 'http://loinc.org', code: '59778-1' }</td></tr></table></blockquote></div>"
  },
  "url" : "http://fhir.org/guides/who/smart-immunization/ActivityDefinition/IMMZ.DT.03.Polio.01",
  "version" : "0.1.0",
  "title" : "IMMZ.DT.03.Polio.01",
  "status" : "draft",
  "experimental" : true,
  "date" : "2022-05-06T12:05:47.5036102-04:00",
  "publisher" : "World Health Organization (WHO)",
  "contact" : [{
    "telecom" : [{
      "system" : "url",
      "value" : "https://who.int"
    }]
  }],
  "description" : "Provide Polio (bOPV) vaccination",
  "jurisdiction" : [{
    "coding" : [{
      "system" : "http://unstats.un.org/unsd/methods/m49/m49.htm",
      "code" : "001"
    }]
  }],
  "kind" : "ImmunizationRecommendation",
  "code" : {
    "coding" : [{
      "system" : "http://snomed.info/sct",
      "code" : "33879002",
      "display" : "Administration of vaccine to produce active immunity"
    }]
  },
  "intent" : "proposal",
  "doNotPerform" : false,
  "dynamicValue" : [{
    "path" : "recommendation.targetDisease",
    "expression" : {
      "language" : "text/cql",
      "expression" : "Code { system: 'http://id.who.int/icd/release/11/mms', code: 'XN3M0', display: 'Poliovirus' }"
    }
  },
  {
    "path" : "recommendation.seriesDoses",
    "expression" : {
      "description" : "The number of doses in this series.",
      "language" : "text/cql",
      "expression" : "Number of Required bOPV Doses"
    }
  },
  {
    "path" : "recommendation.doseNumber",
    "expression" : {
      "description" : "The dose number being given.",
      "language" : "text/cql",
      "expression" : "bOPV Next Dose Number"
    }
  },
  {
    "path" : "recommendation.forecastStatus",
    "expression" : {
      "language" : "text/cql",
      "expression" : "Code { system: 'http://terminology.hl7.org/CodeSystem/immunization-recommendation-status', code: 'due' }"
    }
  },
  {
    "path" : "recommendation.dateCriterion[0].value",
    "expression" : {
      "description" : "Due date of the dose",
      "language" : "text/cql",
      "expression" : "Schedule Due Date for bOPV dose"
    }
  },
  {
    "path" : "recommendation.dateCriterion[0].code",
    "expression" : {
      "description" : "Date vaccine due",
      "language" : "text/cql",
      "expression" : "Code { system: 'http://loinc.org', code: '30980-7' }"
    }
  },
  {
    "path" : "recommendation.dateCriterion[1].value",
    "expression" : {
      "description" : "Expiration date for bOPV dose",
      "language" : "text/cql",
      "expression" : "Expiration Date for bOPV dose"
    }
  },
  {
    "path" : "recommendation.dateCriterion[1].code",
    "expression" : {
      "description" : "Latest date to give immunization",
      "language" : "text/cql",
      "expression" : "Code { system: 'http://loinc.org', code: '59777-3' }"
    }
  },
  {
    "path" : "recommendation.dateCriterion[2].value",
    "expression" : {
      "description" : "Overdue date for bOPV dose",
      "language" : "text/cql",
      "expression" : "Overdue Date for bOPV dose"
    }
  },
  {
    "path" : "recommendation.dateCriterion[2].code",
    "expression" : {
      "description" : "Date when overdue for immunization",
      "language" : "text/cql",
      "expression" : "Code { system: 'http://loinc.org', code: '59778-1' }"
    }
  }]
}