{
  "resourceType" : "Measure",
  "id" : "IMMZIND23",
  "meta" : {
    "profile" : ["http://hl7.org/fhir/us/cqfmeasures/StructureDefinition/computable-measure-cqfm"]
  },
  "text" : {
    "status" : "generated",
    "div" : "<div xmlns=\"http://www.w3.org/1999/xhtml\"><p><b>Generated Narrative: Measure</b><a name=\"IMMZIND23\"> </a></p><div style=\"display: inline-block; background-color: #d9e0e7; padding: 6px; margin: 4px; border: 1px solid #8da1b4; border-radius: 5px; line-height: 60%\"><p style=\"margin-bottom: 0px\">Resource Measure &quot;IMMZIND23&quot; </p><p style=\"margin-bottom: 0px\">Profile: <code>http://hl7.org/fhir/us/cqfmeasures/StructureDefinition/computable-measure-cqfm</code></p></div><p><b>url</b>: <code>http://fhir.org/guides/who/smart-immunization/Measure/IMMZIND23</code></p><p><b>version</b>: 0.1.0</p><p><b>name</b>: IMMZIND23</p><p><b>title</b>: IMMZ.IND.23 Dropout Rate of DTP1 to DTP3 (Target / Reported Cohort)</p><p><b>status</b>: draft</p><p><b>date</b>: 2022-05-12 15:36:34-0400</p><p><b>publisher</b>: World Health Organization (WHO)</p><p><b>description</b>: Indicates the aggregate dropout rate of DTP containing vaccines protocol. \n\nThe indicator compares the number of administrations of first dose of DTP containing vaccines (DTP1) minus the number of administrations of the final dose (DTP3) protocol divided by the number of administrations of first dose (DTP1 - DTP3 / DTP1)</p><p><b>jurisdiction</b>: Global (Whole world) <span style=\"background: LightGoldenRodYellow; margin: 4px; border: 1px solid khaki\"> (m49.htm#001)</span></p><p><b>library</b>: <a href=\"Library-IMMZIND23.html\">IMMZIND23</a></p><p><b>scoring</b>: Proportion <span style=\"background: LightGoldenRodYellow; margin: 4px; border: 1px solid khaki\"> (<a href=\"http://terminology.hl7.org/5.0.0/CodeSystem-measure-scoring.html\">MeasureScoring</a>#proportion)</span></p><p><b>type</b>: Process <span style=\"background: LightGoldenRodYellow; margin: 4px; border: 1px solid khaki\"> (<a href=\"http://terminology.hl7.org/5.0.0/CodeSystem-measure-type.html\">MeasureType</a>#process)</span></p><p><b>improvementNotation</b>: Decreased score indicates improvement <span style=\"background: LightGoldenRodYellow; margin: 4px; border: 1px solid khaki\"> (<a href=\"http://terminology.hl7.org/5.0.0/CodeSystem-measure-improvement-notation.html\">MeasureImprovementNotation</a>#decrease)</span></p><blockquote><p><b>group</b></p><blockquote><p><b>id</b></p>IMMZIND23</blockquote><blockquote><p><b>population</b></p><blockquote><p><b>id</b></p>numerator</blockquote><p><b>code</b>: Numerator <span style=\"background: LightGoldenRodYellow; margin: 4px; border: 1px solid khaki\"> (<a href=\"http://terminology.hl7.org/5.0.0/CodeSystem-measure-population.html\">MeasurePopulationType</a>#numerator)</span></p><p><b>description</b>: Number of administrations of DTP1 administered during reporting period minus the number of administrations of DTP3 administered during report period</p><h3>Criteria</h3><table class=\"grid\"><tr><td>-</td><td><b>Language</b></td><td><b>Expression</b></td></tr><tr><td>*</td><td>text/cql</td><td>numerator</td></tr></table></blockquote><blockquote><p><b>population</b></p><blockquote><p><b>id</b></p>numerator-exclusion</blockquote><p><b>code</b>: Numerator Exclusion <span style=\"background: LightGoldenRodYellow; margin: 4px; border: 1px solid khaki\"> (<a href=\"http://terminology.hl7.org/5.0.0/CodeSystem-measure-population.html\">MeasurePopulationType</a>#numerator-exclusion)</span></p><p><b>description</b>: Number of administrations of DTP1 administered during reporting period minus the number of administrations of DTP3 administered during report period</p><h3>Criteria</h3><table class=\"grid\"><tr><td>-</td><td><b>Language</b></td><td><b>Expression</b></td></tr><tr><td>*</td><td>text/cql</td><td>numerator-exclusion</td></tr></table></blockquote><blockquote><p><b>population</b></p><blockquote><p><b>id</b></p>denominator</blockquote><p><b>code</b>: Denominator <span style=\"background: LightGoldenRodYellow; margin: 4px; border: 1px solid khaki\"> (<a href=\"http://terminology.hl7.org/5.0.0/CodeSystem-measure-population.html\">MeasurePopulationType</a>#denominator)</span></p><p><b>description</b>: Number of doses of DTP1 administered</p><h3>Criteria</h3><table class=\"grid\"><tr><td>-</td><td><b>Language</b></td><td><b>Expression</b></td></tr><tr><td>*</td><td>text/cql</td><td>denominator</td></tr></table></blockquote><blockquote><p><b>stratifier</b></p><blockquote><p><b>id</b></p>geographic-region-stratifier</blockquote><h3>Criteria</h3><table class=\"grid\"><tr><td>-</td><td><b>Language</b></td><td><b>Expression</b></td></tr><tr><td>*</td><td>text/cql</td><td>Geographic Region Stratifier</td></tr></table></blockquote></blockquote></div>"
  },
  "contained" : [{
    "resourceType" : "Library",
    "id" : "effective-data-requirements",
    "extension" : [{
      "extension" : [{
        "url" : "libraryName",
        "valueString" : "IMMZCommon"
      },
      {
        "url" : "name",
        "valueString" : "Doses Administered to Patient"
      },
      {
        "url" : "statement",
        "valueString" : "/**\n * @dataElement All Doses Administered to Patient to patient ordered newest to oldest\n */\ndefine \"Doses Administered to Patient\":\n  [Immunization] I\n    where I.status = 'completed'\n    sort by date from (occurrence as FHIR.dateTime) desc"
      },
      {
        "url" : "displaySequence",
        "valueInteger" : 0
      }],
      "url" : "http://hl7.org/fhir/us/cqfmeasures/StructureDefinition/cqfm-logicDefinition"
    },
    {
      "extension" : [{
        "url" : "libraryName",
        "valueString" : "IMMZCommon"
      },
      {
        "url" : "name",
        "valueString" : "DTP Doses Administered to Patient"
      },
      {
        "url" : "statement",
        "valueString" : "/**\n * @dataElement DTP containing Doses Administered to Patient\n */\ndefine \"DTP Doses Administered to Patient\":\n  \"Doses Administered to Patient\" I\n  where\n    I.vaccineCode in IMMZc.\"DTP Vaccine\""
      },
      {
        "url" : "displaySequence",
        "valueInteger" : 1
      }],
      "url" : "http://hl7.org/fhir/us/cqfmeasures/StructureDefinition/cqfm-logicDefinition"
    },
    {
      "extension" : [{
        "url" : "libraryName",
        "valueString" : "IMMZIndicatorCommon"
      },
      {
        "url" : "name",
        "valueString" : "DTP Doses Administered to Patient During Measurement Period"
      },
      {
        "url" : "statement",
        "valueString" : "/*\n * DTP Doses administered to the patient during the measurement period\n */\ndefine \"DTP Doses Administered to Patient During Measurement Period\":\n    IMMZCom.\"DTP Doses Administered to Patient\" I\n\t\twhere IMMZCom.ToDate(I.occurrence) during \"Measurement Period\""
      },
      {
        "url" : "displaySequence",
        "valueInteger" : 2
      }],
      "url" : "http://hl7.org/fhir/us/cqfmeasures/StructureDefinition/cqfm-logicDefinition"
    },
    {
      "extension" : [{
        "url" : "libraryName",
        "valueString" : "IMMZIND23"
      },
      {
        "url" : "name",
        "valueString" : "numerator-exclusion"
      },
      {
        "url" : "statement",
        "valueString" : "/** \n * Exclude the dose 3\n */\ndefine \"numerator-exclusion\":\n\texists(IMMZIndCom.\"DTP Doses Administered to Patient During Measurement Period\" I where (singleton from I.protocolApplied).doseNumber = 3)"
      },
      {
        "url" : "displaySequence",
        "valueInteger" : 3
      }],
      "url" : "http://hl7.org/fhir/us/cqfmeasures/StructureDefinition/cqfm-logicDefinition"
    },
    {
      "extension" : [{
        "url" : "libraryName",
        "valueString" : "IMMZIndicatorCommon"
      },
      {
        "url" : "name",
        "valueString" : "By Geographic Region Stratifier"
      },
      {
        "url" : "statement",
        "valueString" : "/**\n * By Administrative Gender of Patient Stratifier\n */\ndefine \"By Geographic Region Stratifier\":\n    First(Patient.address A where A.use in { 'home' }).state"
      },
      {
        "url" : "displaySequence",
        "valueInteger" : 4
      }],
      "url" : "http://hl7.org/fhir/us/cqfmeasures/StructureDefinition/cqfm-logicDefinition"
    },
    {
      "extension" : [{
        "url" : "libraryName",
        "valueString" : "IMMZIND23"
      },
      {
        "url" : "name",
        "valueString" : "Geographic Region Stratifier"
      },
      {
        "url" : "statement",
        "valueString" : "/*\n * Disaggregator: Geographic Region\n */\ndefine \"Geographic Region Stratifier\":\n\tIMMZIndCom.\"By Geographic Region Stratifier\""
      },
      {
        "url" : "displaySequence",
        "valueInteger" : 5
      }],
      "url" : "http://hl7.org/fhir/us/cqfmeasures/StructureDefinition/cqfm-logicDefinition"
    },
    {
      "extension" : [{
        "url" : "libraryName",
        "valueString" : "IMMZIND23"
      },
      {
        "url" : "name",
        "valueString" : "numerator"
      },
      {
        "url" : "statement",
        "valueString" : "/*\n * Numerator: Number of administrations of DTP1 administered during reporting period minus the number of administrations of DTP3 administered during report period\n * Numerator Computation: COUNT immunization events WHERE administered product is DTP (IMMZ.A1.DE24) AND dose sequence is 1  during reporting period\nSUBTRACT\nCOUNT immunization events WHERE administered product is DTP (IMMZ.A1.DE24) AND dose sequence is 3  during reporting period\n */\ndefine \"numerator\":\n\texists(IMMZIndCom.\"DTP Doses Administered to Patient During Measurement Period\" I where (singleton from I.protocolApplied).doseNumber = 1)"
      },
      {
        "url" : "displaySequence",
        "valueInteger" : 6
      }],
      "url" : "http://hl7.org/fhir/us/cqfmeasures/StructureDefinition/cqfm-logicDefinition"
    },
    {
      "extension" : [{
        "url" : "libraryName",
        "valueString" : "IMMZIND23"
      },
      {
        "url" : "name",
        "valueString" : "denominator"
      },
      {
        "url" : "statement",
        "valueString" : "/*\n * Denominator: Number of doses of DTP1 administered\n * Denominator Computation: COUNT immunization events WHERE administered product is DTP (IMMZ.A1.DE24) AND dose sequence is 1 during reporting period\n */\ndefine \"denominator\":\n\texists(IMMZIndCom.\"DTP Doses Administered to Patient During Measurement Period\" I where (singleton from I.protocolApplied).doseNumber = 1)"
      },
      {
        "url" : "displaySequence",
        "valueInteger" : 7
      }],
      "url" : "http://hl7.org/fhir/us/cqfmeasures/StructureDefinition/cqfm-logicDefinition"
    }],
    "status" : "active",
    "type" : {
      "coding" : [{
        "system" : "http://terminology.hl7.org/CodeSystem/library-type",
        "code" : "module-definition"
      }]
    },
    "relatedArtifact" : [{
      "type" : "depends-on",
      "display" : "Library IMMZIndCom",
      "resource" : "http://fhir.org/guides/who/smart-immunization/Library/IMMZIndicatorCommon"
    },
    {
      "type" : "depends-on",
      "display" : "Library IMMZCom",
      "resource" : "http://fhir.org/guides/who/smart-immunization/Library/IMMZCommon"
    },
    {
      "type" : "depends-on",
      "display" : "Library FHIRHelpers",
      "resource" : "http://fhir.org/guides/who/smart-immunization/Library/FHIRHelpers|4.0.1"
    },
    {
      "type" : "depends-on",
      "display" : "Library IMMZc",
      "resource" : "http://fhir.org/guides/who/smart-immunization/Library/IMMZConcepts"
    },
    {
      "type" : "depends-on",
      "display" : "Value set DTP Vaccine",
      "resource" : "http://fhir.org/guides/who/smart-immunization/ValueSet/IMMZ.A1.DE24"
    }],
    "parameter" : [{
      "name" : "Measurement Period",
      "use" : "in",
      "min" : 0,
      "max" : "1",
      "type" : "Period"
    },
    {
      "name" : "numerator-exclusion",
      "use" : "out",
      "min" : 0,
      "max" : "1",
      "type" : "boolean"
    },
    {
      "name" : "Geographic Region Stratifier",
      "use" : "out",
      "min" : 0,
      "max" : "1",
      "type" : "string"
    },
    {
      "name" : "numerator",
      "use" : "out",
      "min" : 0,
      "max" : "1",
      "type" : "boolean"
    },
    {
      "name" : "denominator",
      "use" : "out",
      "min" : 0,
      "max" : "1",
      "type" : "boolean"
    }],
    "dataRequirement" : [{
      "type" : "Immunization",
      "profile" : ["http://hl7.org/fhir/StructureDefinition/Immunization"],
      "mustSupport" : ["status",
      "vaccineCode",
      "occurrence",
      "protocolApplied",
      "protocolApplied.doseNumber"]
    },
    {
      "type" : "Patient",
      "profile" : ["http://hl7.org/fhir/StructureDefinition/Patient"],
      "mustSupport" : ["use"]
    }]
  }],
  "extension" : [{
    "url" : "http://hl7.org/fhir/us/cqfmeasures/StructureDefinition/cqfm-softwaresystem",
    "valueReference" : {
      "reference" : "Device/cqf-tooling"
    }
  },
  {
    "id" : "effective-data-requirements",
    "url" : "http://hl7.org/fhir/us/cqfmeasures/StructureDefinition/cqfm-effectiveDataRequirements",
    "valueReference" : {
      "reference" : "#effective-data-requirements"
    }
  }],
  "url" : "http://fhir.org/guides/who/smart-immunization/Measure/IMMZIND23",
  "version" : "0.1.0",
  "name" : "IMMZIND23",
  "title" : "IMMZ.IND.23 Dropout Rate of DTP1 to DTP3 (Target / Reported Cohort)",
  "status" : "draft",
  "date" : "2022-05-12T15:36:34.999-04:00",
  "publisher" : "World Health Organization (WHO)",
  "description" : "Indicates the aggregate dropout rate of DTP containing vaccines protocol. \n\nThe indicator compares the number of administrations of first dose of DTP containing vaccines (DTP1) minus the number of administrations of the final dose (DTP3) protocol divided by the number of administrations of first dose (DTP1 - DTP3 / DTP1)",
  "jurisdiction" : [{
    "coding" : [{
      "system" : "http://unstats.un.org/unsd/methods/m49/m49.htm",
      "code" : "001"
    }]
  }],
  "library" : ["http://fhir.org/guides/who/smart-immunization/Library/IMMZIND23"],
  "scoring" : {
    "coding" : [{
      "system" : "http://terminology.hl7.org/CodeSystem/measure-scoring",
      "code" : "proportion"
    }]
  },
  "type" : [{
    "coding" : [{
      "system" : "http://terminology.hl7.org/CodeSystem/measure-type",
      "code" : "process"
    }]
  }],
  "improvementNotation" : {
    "coding" : [{
      "system" : "http://terminology.hl7.org/CodeSystem/measure-improvement-notation",
      "code" : "decrease"
    }]
  },
  "group" : [{
    "id" : "IMMZIND23",
    "population" : [{
      "id" : "numerator",
      "code" : {
        "coding" : [{
          "system" : "http://terminology.hl7.org/CodeSystem/measure-population",
          "code" : "numerator"
        }]
      },
      "description" : "Number of administrations of DTP1 administered during reporting period minus the number of administrations of DTP3 administered during report period",
      "criteria" : {
        "language" : "text/cql",
        "expression" : "numerator"
      }
    },
    {
      "id" : "numerator-exclusion",
      "code" : {
        "coding" : [{
          "system" : "http://terminology.hl7.org/CodeSystem/measure-population",
          "code" : "numerator-exclusion"
        }]
      },
      "description" : "Number of administrations of DTP1 administered during reporting period minus the number of administrations of DTP3 administered during report period",
      "criteria" : {
        "language" : "text/cql",
        "expression" : "numerator-exclusion"
      }
    },
    {
      "id" : "denominator",
      "code" : {
        "coding" : [{
          "system" : "http://terminology.hl7.org/CodeSystem/measure-population",
          "code" : "denominator"
        }]
      },
      "description" : "Number of doses of DTP1 administered",
      "criteria" : {
        "language" : "text/cql",
        "expression" : "denominator"
      }
    }],
    "stratifier" : [{
      "id" : "geographic-region-stratifier",
      "criteria" : {
        "language" : "text/cql",
        "expression" : "Geographic Region Stratifier"
      }
    }]
  }]
}