<?xml version="1.0" encoding="UTF-8"?><PlanDefinition xmlns="http://hl7.org/fhir"><id value="IMMZ.DT.01.BCG"/><url value="http://fhir.org/guides/who/smart-immunization/PlanDefinition/IMMZ.DT.01.BCG"/><version value="0.1.0"/><name value="IMMZ.DT.01.BCG"/><title value="IMMZ.DT.01.BCG"/><status value="draft"/><date value="2023-04-13T07:36:12+00:00"/><publisher value="World Health Organization (WHO)"/><description value="If child or person has not been vaccinated, give BCG vaccine as soon as possible after birth"/><jurisdiction><coding><system value="http://unstats.un.org/unsd/methods/m49/m49.htm"/><code value="001"/></coding></jurisdiction><library value="http://fhir.org/guides/who/smart-immunization/Library/IMMZDT01"/><action><title value="Schedule Patient for BCG"/><description value="Schedule BCG immunizations"/><condition><kind value="applicability"/><expression><description value="Provision of the BCG dose"/><language value="text/cql-expression"/><expression value="Provision of the BCG dose"/></expression></condition><definitionCanonical value="http://fhir.org/guides/who/smart-immunization/ActivityDefinition/IMMZ.DT.01.BCG.01"/></action></PlanDefinition>