{"resourceType":"ActivityDefinition","id":"IMMZD2DTCR","meta":{"profile":["http://hl7.org/fhir/uv/cpg/StructureDefinition/cpg-communicationactivity"]},"extension":[{"url":"http://hl7.org/fhir/uv/cpg/StructureDefinition/cpg-knowledgeCapability","valueCode":"computable"}],"url":"http://smart.who.int/ig/smart-immunizations/ActivityDefinition/IMMZD2DTCR","version":"0.1.0","name":"IMMZD2DTCommunicationRequest","title":"IMMZ.D2.DT.CR","status":"draft","experimental":false,"date":"2023-12-03","publisher":"World Health Organization (WHO)","contact":[{"name":"World Health Organization (WHO)","telecom":[{"system":"url","value":"https://www.who.int"}]}],"description":"Provide measles immunization communication","jurisdiction":[{"coding":[{"system":"http://unstats.un.org/unsd/methods/m49/m49.htm","code":"001"}]}],"kind":"CommunicationRequest","profile":"http://hl7.org/fhir/uv/cpg/StructureDefinition/cpg-communicationrequest","intent":"proposal","doNotPerform":false}