{"resourceType":"CodeSystem","id":"IMMZ.D","text":{"status":"generated","div":"<div xmlns=\"http://www.w3.org/1999/xhtml\"><p>This case-insensitive code system <code>http://smart.who.int/ig/smart-immunizations/CodeSystem/IMMZ.D</code> defines the following codes:</p><table class=\"codes\"><tr><td style=\"white-space:nowrap\"><b>Code</b></td><td><b>Display</b></td><td><b>Definition</b></td></tr><tr><td style=\"white-space:nowrap\">DE156<a name=\"IMMZ.D-DE156\"> </a></td><td>Immunization recommendation status</td><td>The current status or recommendation for a specific immunization for an client</td></tr><tr><td style=\"white-space:nowrap\">DE157<a name=\"IMMZ.D-DE157\"> </a></td><td>Not due</td><td>The client is not currently eligible or scheduled for the specified immunization</td></tr><tr><td style=\"white-space:nowrap\">DE158<a name=\"IMMZ.D-DE158\"> </a></td><td>Due</td><td>The client is currently eligible and should receive the specified immunization based on the recommended schedule</td></tr><tr><td style=\"white-space:nowrap\">DE189<a name=\"IMMZ.D-DE189\"> </a></td><td>Complete</td><td>The client has received the specified immunization(s) based on the recommended schedule</td></tr><tr><td style=\"white-space:nowrap\">DE159<a name=\"IMMZ.D-DE159\"> </a></td><td>Contraindicated</td><td>The specified immunization is not recommended for the client due to contraindications</td></tr><tr><td style=\"white-space:nowrap\">DE160<a name=\"IMMZ.D-DE160\"> </a></td><td>Further evaluation needed</td><td>Additional assessment is necessary before making a recommendation regarding the specified immunization</td></tr><tr><td style=\"white-space:nowrap\">DE161<a name=\"IMMZ.D-DE161\"> </a></td><td>Potential contraindications</td><td>Specific situations or medical conditions in which it is advised or recommended to avoid or delay administering a particular vaccine</td></tr><tr><td style=\"white-space:nowrap\">DE162<a name=\"IMMZ.D-DE162\"> </a></td><td>Currently pregnant</td><td>The client is currently pregnant</td></tr><tr><td style=\"white-space:nowrap\">DE163<a name=\"IMMZ.D-DE163\"> </a></td><td>Immunocompromised</td><td>The client is known to be immunocompromised</td></tr><tr><td style=\"white-space:nowrap\">DE200<a name=\"IMMZ.D-DE200\"> </a></td><td>Severely immunocompromised</td><td>The client is known to be severely immunocompromised</td></tr><tr><td style=\"white-space:nowrap\">DE164<a name=\"IMMZ.D-DE164\"> </a></td><td>Exposed to immunosuppressive treatment</td><td>The client is undergoing immunosuppressive treatment or was exposed to immunosuppressive treatment in utero or via breastfeeding.</td></tr><tr><td style=\"white-space:nowrap\">DE165<a name=\"IMMZ.D-DE165\"> </a></td><td>Severely immunosuppressed</td><td>The client is known to be severely immunosuppressed</td></tr><tr><td style=\"white-space:nowrap\">DE187<a name=\"IMMZ.D-DE187\"> </a></td><td>Immunodeficiency syndromes</td><td>The client has  immunodeficiency syndromes (e.g. HIV/AIDS, known or suspected congenital immunodeficiency, leukaemia, lymphoma or other malignant disease)</td></tr><tr><td style=\"white-space:nowrap\">DE166<a name=\"IMMZ.D-DE166\"> </a></td><td>History of anaphylactic reactions</td><td>The client is known to have history of anaphylaxis in the past</td></tr><tr><td style=\"white-space:nowrap\">DE167<a name=\"IMMZ.D-DE167\"> </a></td><td>Severe allergic reactions</td><td>The client is known to have severe allergic reaction</td></tr><tr><td style=\"white-space:nowrap\">DE168<a name=\"IMMZ.D-DE168\"> </a></td><td>Symptomatic HIV infection</td><td>The client is experiencing HIV-related symptoms</td></tr><tr><td style=\"white-space:nowrap\">DE169<a name=\"IMMZ.D-DE169\"> </a></td><td>Planning to get pregnant in the next month</td><td>The client's intention or desire is to become pregnant in the next month</td></tr><tr><td style=\"white-space:nowrap\">DE170<a name=\"IMMZ.D-DE170\"> </a></td><td>Receiving blood products</td><td>The client is receiving blood or blood-related products as part of a medical treatment.</td></tr><tr><td style=\"white-space:nowrap\">DE188<a name=\"IMMZ.D-DE188\"> </a></td><td>Severe acute illness</td><td>The client has a severe acute illness</td></tr><tr><td style=\"white-space:nowrap\">DE190<a name=\"IMMZ.D-DE190\"> </a></td><td>TB disease</td><td>The client has been diagnosed with Tuberculosis</td></tr><tr><td style=\"white-space:nowrap\">DE191<a name=\"IMMZ.D-DE191\"> </a></td><td>Breastfeeding</td><td>The client is currently breastfeeding</td></tr><tr><td style=\"white-space:nowrap\">DE192<a name=\"IMMZ.D-DE192\"> </a></td><td>Spina bifida</td><td>The client has Spina bifida</td></tr><tr><td style=\"white-space:nowrap\">DE193<a name=\"IMMZ.D-DE193\"> </a></td><td>Bladder exstrophy</td><td>The client has Exstrophy of urinary bladder</td></tr><tr><td style=\"white-space:nowrap\">DE194<a name=\"IMMZ.D-DE194\"> </a></td><td>Acute gastroenteritis</td><td>The client has acute gastroenteritis</td></tr><tr><td style=\"white-space:nowrap\">DE195<a name=\"IMMZ.D-DE195\"> </a></td><td>Moderate to severe fever</td><td>The client has moderate to severe fever</td></tr><tr><td style=\"white-space:nowrap\">DE196<a name=\"IMMZ.D-DE196\"> </a></td><td>Prior history of intussusception</td><td>The client has prior history of intussusception</td></tr><tr><td style=\"white-space:nowrap\">DE197<a name=\"IMMZ.D-DE197\"> </a></td><td>Altered immunocompetence</td><td>The client's immune system is not functioning at its typical capacity</td></tr><tr><td style=\"white-space:nowrap\">DE198<a name=\"IMMZ.D-DE198\"> </a></td><td>Hypersensitivity to vaccine components</td><td>The client has heightened sensitivity or allergic reactions to specific components found in vaccines</td></tr><tr><td style=\"white-space:nowrap\">DE199<a name=\"IMMZ.D-DE199\"> </a></td><td>Taking antibiotics</td><td>The client is currently taking antibiotics to treat certain infections</td></tr><tr><td style=\"white-space:nowrap\">DE1<a name=\"IMMZ.D-DE1\"> </a></td><td>Immunization event status</td><td>The current status of the individual immunization event</td></tr><tr><td style=\"white-space:nowrap\">DE2<a name=\"IMMZ.D-DE2\"> </a></td><td>Completed</td><td>The immunization event was successfully carried out as intended</td></tr><tr><td style=\"white-space:nowrap\">DE3<a name=\"IMMZ.D-DE3\"> </a></td><td>Entered in error</td><td>Immunization event record has been mistakenly created or entered into system. Recorded information is incorrect or should not have been documented, though it is possible that real-world decisions were based on it</td></tr><tr><td style=\"white-space:nowrap\">DE4<a name=\"IMMZ.D-DE4\"> </a></td><td>Not done</td><td>Planned immunization event was not carried out for some reason</td></tr><tr><td style=\"white-space:nowrap\">DE5<a name=\"IMMZ.D-DE5\"> </a></td><td>Reason vaccine was not administered</td><td>The reason this immunization event was not performed</td></tr><tr><td style=\"white-space:nowrap\">DE6<a name=\"IMMZ.D-DE6\"> </a></td><td>Immunity</td><td>Testing has shown that the client already has immunity to the agent targeted by the immunization</td></tr><tr><td style=\"white-space:nowrap\">DE7<a name=\"IMMZ.D-DE7\"> </a></td><td>Medical precaution</td><td>The client currently has a medical condition for which the vaccine is contraindicated or for which precaution is warranted</td></tr><tr><td style=\"white-space:nowrap\">DE8<a name=\"IMMZ.D-DE8\"> </a></td><td>Product out of stock</td><td>There was no supply of the product on hand to perform the service</td></tr><tr><td style=\"white-space:nowrap\">DE9<a name=\"IMMZ.D-DE9\"> </a></td><td>Client objection</td><td>The client or their guardian objects to receiving the vaccine</td></tr><tr><td style=\"white-space:nowrap\">DE10<a name=\"IMMZ.D-DE10\"> </a></td><td>Caregiver refusal</td><td>The client's caregiver refused the vaccine</td></tr><tr><td style=\"white-space:nowrap\">DE11<a name=\"IMMZ.D-DE11\"> </a></td><td>Unspecified reason</td><td>The immunization event was not carried out for an unspecified reason</td></tr><tr><td style=\"white-space:nowrap\">DE12<a name=\"IMMZ.D-DE12\"> </a></td><td>Client allergy to vaccine or component</td><td>The immunization event was not carried out because of client allergy to vaccine or component</td></tr><tr><td style=\"white-space:nowrap\">DE13<a name=\"IMMZ.D-DE13\"> </a></td><td>Immunocompromised</td><td>The immunization event was not carried out because the client is immunocompromised</td></tr><tr><td style=\"white-space:nowrap\">DE14<a name=\"IMMZ.D-DE14\"> </a></td><td>Chronic illness or condition</td><td>The immunization event was not carried out due a chronic illness or condition of the client</td></tr><tr><td style=\"white-space:nowrap\">DE15<a name=\"IMMZ.D-DE15\"> </a></td><td>Acute illness</td><td>The immunization event was not carried out due to an acute illness present in the client</td></tr><tr><td style=\"white-space:nowrap\">DE16<a name=\"IMMZ.D-DE16\"> </a></td><td>Had the disease</td><td>The immunization event was not carried out due to the client having had the disease</td></tr><tr><td style=\"white-space:nowrap\">DE17<a name=\"IMMZ.D-DE17\"> </a></td><td>Immunization not carried out for other reasons</td><td>The immunization event was not carried out for other reasons</td></tr><tr><td style=\"white-space:nowrap\">DE18<a name=\"IMMZ.D-DE18\"> </a></td><td>Vaccine brand</td><td>The brand or trade name used to refer to the vaccine received</td></tr><tr><td style=\"white-space:nowrap\">DE173<a name=\"IMMZ.D-DE173\"> </a></td><td>Live vaccine</td><td>Uses a living but weakened version of the virus or one that’s very similar</td></tr><tr><td style=\"white-space:nowrap\">DE19<a name=\"IMMZ.D-DE19\"> </a></td><td>Vaccine type</td><td>Vaccine type/category that was administered or was to be administered. Any vaccine code available in the IMMZ.Z Vaccine Library list of codes applies in this data element</td></tr><tr><td style=\"white-space:nowrap\">DE20<a name=\"IMMZ.D-DE20\"> </a></td><td>Date and time of vaccination</td><td>Represents the visit/encounter date, which is the date and time when the vaccine was administered to the client</td></tr><tr><td style=\"white-space:nowrap\">DE21<a name=\"IMMZ.D-DE21\"> </a></td><td>Country of vaccination</td><td>The service delivery country where the vaccine administration occurred</td></tr><tr><td style=\"white-space:nowrap\">DE22<a name=\"IMMZ.D-DE22\"> </a></td><td>Vaccination location</td><td>The service delivery location where the vaccine administration occurred</td></tr><tr><td style=\"white-space:nowrap\">DE23<a name=\"IMMZ.D-DE23\"> </a></td><td>Vaccine manufacturer</td><td>The manufacturer of the vaccine product</td></tr><tr><td style=\"white-space:nowrap\">DE24<a name=\"IMMZ.D-DE24\"> </a></td><td>Vaccine batch number</td><td>Batch number or lot number of vaccine</td></tr><tr><td style=\"white-space:nowrap\">DE25<a name=\"IMMZ.D-DE25\"> </a></td><td>Vaccine market authorization holder</td><td>Name of the market authorization holder of the vaccine received. If market authorization holder is unknown, vaccine manufacturer is REQUIRED</td></tr><tr><td style=\"white-space:nowrap\">DE26<a name=\"IMMZ.D-DE26\"> </a></td><td>Expiration date</td><td>The expiration date of the vaccine</td></tr><tr><td style=\"white-space:nowrap\">DE34<a name=\"IMMZ.D-DE34\"> </a></td><td>Dose quantity</td><td>The quantity of vaccine product that was administered</td></tr><tr><td style=\"white-space:nowrap\">DE35<a name=\"IMMZ.D-DE35\"> </a></td><td>Health worker identifier</td><td>The person, organization, or role of the entity that performed the act of giving the vaccine to the client. The implementing system can choose to populate this field using data from a health worker registry or health facility registry</td></tr><tr><td style=\"white-space:nowrap\">DE201<a name=\"IMMZ.D-DE201\"> </a></td><td>Contact date</td><td>The date and time of the client's contact</td></tr><tr><td style=\"white-space:nowrap\">DE202<a name=\"IMMZ.D-DE202\"> </a></td><td>ANC contact number</td><td>The ANC contact or visit number</td></tr><tr><td style=\"white-space:nowrap\">DE203<a name=\"IMMZ.D-DE203\"> </a></td><td>Currently pregnant</td><td>Client's pregnancy status</td></tr><tr><td style=\"white-space:nowrap\">DE86<a name=\"IMMZ.D-DE86\"> </a></td><td>Client education and counselling on immunization</td><td>Providing information, guidance, and support to client or caretakers (such as parents or legal guardians) regarding immunization practices</td></tr><tr><td style=\"white-space:nowrap\">DE87<a name=\"IMMZ.D-DE87\"> </a></td><td>Counselling on functions of the immunological system</td><td>Explaining to the client or caregiver how the vaccines work by triggering the body to produce an immune response</td></tr><tr><td style=\"white-space:nowrap\">DE88<a name=\"IMMZ.D-DE88\"> </a></td><td>Advising about functions of the immunological system</td><td>Explaining to the client or caregiver how the vaccines work by triggering the body to produce an immune response</td></tr><tr><td style=\"white-space:nowrap\">DE89<a name=\"IMMZ.D-DE89\"> </a></td><td>Education to influence immunization behaviours</td><td>Public health interventions to improve general and accurate understanding and impacts of vaccines, and their role in preventing various diseases</td></tr><tr><td style=\"white-space:nowrap\">DE90<a name=\"IMMZ.D-DE90\"> </a></td><td>Advising about immunization behaviours</td><td>Public health interventions to improve general and accurate understanding and impacts of vaccines, and their role in preventing various diseases</td></tr><tr><td style=\"white-space:nowrap\">DE91<a name=\"IMMZ.D-DE91\"> </a></td><td>Awareness raising to influence immunization behaviours</td><td>Public health interventions to improve general and accurate understanding and impacts of vaccines, and their role in preventing various diseases</td></tr><tr><td style=\"white-space:nowrap\">DE92<a name=\"IMMZ.D-DE92\"> </a></td><td>Reaction reported</td><td>Indicates observation of an adverse event/ reaction</td></tr><tr><td style=\"white-space:nowrap\">DE93<a name=\"IMMZ.D-DE93\"> </a></td><td>Reaction date</td><td>When adverse event/ reaction started</td></tr><tr><td style=\"white-space:nowrap\">DE95<a name=\"IMMZ.D-DE95\"> </a></td><td>Reaction manifestation</td><td>The manifestation of the reaction (e.g. infected abscess, swelling, rash, hives, diarrhea, etc.) which was observed after administering the vaccine</td></tr><tr><td style=\"white-space:nowrap\">DE96<a name=\"IMMZ.D-DE96\"> </a></td><td>Severe local reaction</td><td>The client's reaction manifested in severe local reaction</td></tr><tr><td style=\"white-space:nowrap\">DE98<a name=\"IMMZ.D-DE98\"> </a></td><td>Seizures</td><td>The client's reaction manifested in seizures</td></tr><tr><td style=\"white-space:nowrap\">DE99<a name=\"IMMZ.D-DE99\"> </a></td><td>Abscess</td><td>The client's reaction manifested in an abscess</td></tr><tr><td style=\"white-space:nowrap\">DE100<a name=\"IMMZ.D-DE100\"> </a></td><td>Sepsis</td><td>The client's reaction manifested in sepsis</td></tr><tr><td style=\"white-space:nowrap\">DE101<a name=\"IMMZ.D-DE101\"> </a></td><td>Encephalopathy</td><td>The client's reaction manifested in encephalopathy</td></tr><tr><td style=\"white-space:nowrap\">DE102<a name=\"IMMZ.D-DE102\"> </a></td><td>Toxic shock syndrome</td><td>The client's reaction manifested in toxic shock syndrome</td></tr><tr><td style=\"white-space:nowrap\">DE103<a name=\"IMMZ.D-DE103\"> </a></td><td>Anaphylaxis</td><td>The client's reaction manifested in anaphylaxis</td></tr><tr><td style=\"white-space:nowrap\">DE104<a name=\"IMMZ.D-DE104\"> </a></td><td>Fever</td><td>The client's reaction manifested as a fever</td></tr><tr><td style=\"white-space:nowrap\">DE105<a name=\"IMMZ.D-DE105\"> </a></td><td>Other</td><td>The client's reaction manifested in another way</td></tr><tr><td style=\"white-space:nowrap\">DE107<a name=\"IMMZ.D-DE107\"> </a></td><td>Type of reaction</td><td>If the event resulted in a reaction, the type of reaction</td></tr><tr><td style=\"white-space:nowrap\">DE174<a name=\"IMMZ.D-DE174\"> </a></td><td>Non serious</td><td>The reaction resulted in a mild or minor response and did not pose a significant threat to client's health</td></tr><tr><td style=\"white-space:nowrap\">DE108<a name=\"IMMZ.D-DE108\"> </a></td><td>Death</td><td>The reaction resulted in the client's death</td></tr><tr><td style=\"white-space:nowrap\">DE109<a name=\"IMMZ.D-DE109\"> </a></td><td>Life threatening</td><td>The reaction threatened the client's life</td></tr><tr><td style=\"white-space:nowrap\">DE110<a name=\"IMMZ.D-DE110\"> </a></td><td>Disability</td><td>The reaction resulted in a disability</td></tr><tr><td style=\"white-space:nowrap\">DE111<a name=\"IMMZ.D-DE111\"> </a></td><td>Hospitalization</td><td>The reaction resulted in a hospitalization</td></tr><tr><td style=\"white-space:nowrap\">DE112<a name=\"IMMZ.D-DE112\"> </a></td><td>Congenital anomaly</td><td>The reaction was a congenital anomaly or birth defect</td></tr><tr><td style=\"white-space:nowrap\">DE113<a name=\"IMMZ.D-DE113\"> </a></td><td>Other important medical event (specify)</td><td>There was another important reaction or medical event</td></tr><tr><td style=\"white-space:nowrap\">DE115<a name=\"IMMZ.D-DE115\"> </a></td><td>Reaction outcome</td><td>The outcome of the reaction (e.g. death, recovered, recovering)</td></tr><tr><td style=\"white-space:nowrap\">DE116<a name=\"IMMZ.D-DE116\"> </a></td><td>Died</td><td>The adverse event resulted in the client's death</td></tr><tr><td style=\"white-space:nowrap\">DE117<a name=\"IMMZ.D-DE117\"> </a></td><td>Recovered</td><td>The client fully recovered</td></tr><tr><td style=\"white-space:nowrap\">DE118<a name=\"IMMZ.D-DE118\"> </a></td><td>Recovered with sequelae</td><td>The client is recovered with sequelae as a consequence of the reaction/vaccination</td></tr><tr><td style=\"white-space:nowrap\">DE119<a name=\"IMMZ.D-DE119\"> </a></td><td>Recovering</td><td>The client is recovering</td></tr><tr><td style=\"white-space:nowrap\">DE120<a name=\"IMMZ.D-DE120\"> </a></td><td>Not recovered</td><td>The client has not recovered</td></tr><tr><td style=\"white-space:nowrap\">DE121<a name=\"IMMZ.D-DE121\"> </a></td><td>Unknown</td><td>The client's reaction outcome is unknown</td></tr><tr><td style=\"white-space:nowrap\">DE124<a name=\"IMMZ.D-DE124\"> </a></td><td>Dose number</td><td>Vaccine dose number including dose number within series</td></tr><tr><td style=\"white-space:nowrap\">DE125<a name=\"IMMZ.D-DE125\"> </a></td><td>Total doses in series</td><td>The recommended number of doses for immunity according to the national protocol (which may be based on product, age, etc)</td></tr><tr><td style=\"white-space:nowrap\">DE126<a name=\"IMMZ.D-DE126\"> </a></td><td>Disease targeted</td><td>Vaccine preventable disease being targeted</td></tr><tr><td style=\"white-space:nowrap\">DE127<a name=\"IMMZ.D-DE127\"> </a></td><td>Typhoid</td><td>The vaccine preventable disease being targeted is typhoid</td></tr><tr><td style=\"white-space:nowrap\">DE128<a name=\"IMMZ.D-DE128\"> </a></td><td>Influenza</td><td>The vaccine preventable disease being targeted is  influenza</td></tr><tr><td style=\"white-space:nowrap\">DE129<a name=\"IMMZ.D-DE129\"> </a></td><td>Measles</td><td>The vaccine preventable disease being targeted is measles</td></tr><tr><td style=\"white-space:nowrap\">DE133<a name=\"IMMZ.D-DE133\"> </a></td><td>Pertussis</td><td>The vaccine preventable disease being targeted is pertussis</td></tr><tr><td style=\"white-space:nowrap\">DE135<a name=\"IMMZ.D-DE135\"> </a></td><td>Mumps</td><td>The vaccine preventable disease being targeted is mumps</td></tr><tr><td style=\"white-space:nowrap\">DE136<a name=\"IMMZ.D-DE136\"> </a></td><td>Varicella</td><td>The vaccine preventable disease being targeted is varicella</td></tr><tr><td style=\"white-space:nowrap\">DE137<a name=\"IMMZ.D-DE137\"> </a></td><td>Viral hepatitis A</td><td>The vaccine preventable disease being targeted is viral hepatitis A</td></tr><tr><td style=\"white-space:nowrap\">DE139<a name=\"IMMZ.D-DE139\"> </a></td><td>Tuberculosis</td><td>The vaccine preventable disease being targeted is tuberculosis</td></tr><tr><td style=\"white-space:nowrap\">DE140<a name=\"IMMZ.D-DE140\"> </a></td><td>Viral hepatitis B</td><td>The vaccine preventable disease being targeted is viral hepatitis B</td></tr><tr><td style=\"white-space:nowrap\">DE141<a name=\"IMMZ.D-DE141\"> </a></td><td>Haemophilus influenzae type B</td><td>The vaccine preventable disease being targeted is Haemophilus influenzae type B (Hib)</td></tr><tr><td style=\"white-space:nowrap\">DE142<a name=\"IMMZ.D-DE142\"> </a></td><td>Tetanus</td><td>The vaccine preventable disease being targeted is tetanus</td></tr><tr><td style=\"white-space:nowrap\">DE143<a name=\"IMMZ.D-DE143\"> </a></td><td>Rotavirus</td><td>The vaccine preventable disease being targeted is rotavirus</td></tr><tr><td style=\"white-space:nowrap\">DE144<a name=\"IMMZ.D-DE144\"> </a></td><td>Human papillomavirus</td><td>The vaccine preventable disease being targeted is Human papillomavirus (HPV) infection</td></tr><tr><td style=\"white-space:nowrap\">DE175<a name=\"IMMZ.D-DE175\"> </a></td><td>Japanese encephalitis</td><td>The vaccine preventable disease being targeted is japanese encephalitis</td></tr><tr><td style=\"white-space:nowrap\">DE146<a name=\"IMMZ.D-DE146\"> </a></td><td>Poliomyelitis</td><td>The vaccine preventable disease being targeted is poliomyelitis</td></tr><tr><td style=\"white-space:nowrap\">DE176<a name=\"IMMZ.D-DE176\"> </a></td><td>Diphtheria</td><td>The vaccine preventable disease being targeted is diphtheria</td></tr><tr><td style=\"white-space:nowrap\">DE177<a name=\"IMMZ.D-DE177\"> </a></td><td>Pneumococcal disease</td><td>The vaccine preventable disease being targeted is pneumococcal</td></tr><tr><td style=\"white-space:nowrap\">DE178<a name=\"IMMZ.D-DE178\"> </a></td><td>Rubella</td><td>The vaccine preventable disease being targeted is rubella</td></tr><tr><td style=\"white-space:nowrap\">DE179<a name=\"IMMZ.D-DE179\"> </a></td><td>Dengue</td><td>The vaccine preventable disease being targeted is dengue</td></tr><tr><td style=\"white-space:nowrap\">DE180<a name=\"IMMZ.D-DE180\"> </a></td><td>Rabies</td><td>The vaccine preventable disease being targeted is rabies</td></tr><tr><td style=\"white-space:nowrap\">DE181<a name=\"IMMZ.D-DE181\"> </a></td><td>Meningococcal</td><td>The vaccine preventable disease being targeted is meningococcal</td></tr><tr><td style=\"white-space:nowrap\">DE182<a name=\"IMMZ.D-DE182\"> </a></td><td>Cholera</td><td>The vaccine preventable disease being targeted is cholera</td></tr><tr><td style=\"white-space:nowrap\">DE183<a name=\"IMMZ.D-DE183\"> </a></td><td>Tick-borne encephalitis</td><td>The vaccine preventable disease being targeted is Tick-Borne encephalitis</td></tr><tr><td style=\"white-space:nowrap\">DE184<a name=\"IMMZ.D-DE184\"> </a></td><td>Yellow fever</td><td>The vaccine preventable disease being targeted is yellow fever</td></tr><tr><td style=\"white-space:nowrap\">DE148<a name=\"IMMZ.D-DE148\"> </a></td><td>COVID-19</td><td>The vaccine preventable disease being targeted is coronovirus disease (COVID-19)</td></tr><tr><td style=\"white-space:nowrap\">DE149<a name=\"IMMZ.D-DE149\"> </a></td><td>Due date of next dose</td><td>Date on which the next vaccination should be administered, if a next dose is required</td></tr><tr><td style=\"white-space:nowrap\">DE185<a name=\"IMMZ.D-DE185\"> </a></td><td>Date/time of follow-up appointment</td><td>Date the patient is to return for next vaccination</td></tr><tr><td style=\"white-space:nowrap\">DE186<a name=\"IMMZ.D-DE186\"> </a></td><td>Recommended follow-up date</td><td>Date when follow-up is recommended based on vaccination schedule</td></tr><tr><td style=\"white-space:nowrap\">DE150<a name=\"IMMZ.D-DE150\"> </a></td><td>Digital certificate needed</td><td>Indicates if a digital certificate is required</td></tr><tr><td style=\"white-space:nowrap\">DE151<a name=\"IMMZ.D-DE151\"> </a></td><td>Certificate issuer</td><td>The authority or authorized organization that issued the vaccination certificate</td></tr><tr><td style=\"white-space:nowrap\">DE152<a name=\"IMMZ.D-DE152\"> </a></td><td>Health Certificate Identifier (HCID)</td><td>Unique identifier used to associate the immunization event represented in a paper vaccination card to its digital representation(s)</td></tr><tr><td style=\"white-space:nowrap\">DE153<a name=\"IMMZ.D-DE153\"> </a></td><td>Certificate valid from</td><td>Date in which the certificate for an immunization event became valid.  No health or clinical inferences should be made from this date</td></tr><tr><td style=\"white-space:nowrap\">DE154<a name=\"IMMZ.D-DE154\"> </a></td><td>Certificate valid until</td><td>Last date in which the certificate for an immunization event is valid. No health or clinical inferences should be made from this date</td></tr><tr><td style=\"white-space:nowrap\">DE155<a name=\"IMMZ.D-DE155\"> </a></td><td>Certificate schema version</td><td>Version of the core data set and HL7 Fast Health Interoperability Resrouces (FHIR) Implementation Guide that the certificate is using</td></tr></table></div>"},"url":"http://smart.who.int/ig/smart-immunizations/CodeSystem/IMMZ.D","version":"0.1.0","name":"IMMZ_D","title":"IMMZ.D CodeSystem for Data Elements","status":"active","experimental":false,"date":"2024-04-04T07:29:23+00:00","publisher":"World Health Organization (WHO)","contact":[{"name":"World Health Organization (WHO)","telecom":[{"system":"url","value":"https://www.who.int"}]}],"description":"CodeSystem for IMMZ.D Data Elements","jurisdiction":[{"coding":[{"system":"http://unstats.un.org/unsd/methods/m49/m49.htm","code":"001"}]}],"caseSensitive":false,"content":"complete","count":131,"concept":[{"code":"DE156","display":"Immunization recommendation status","definition":"The current status or recommendation for a specific immunization for an client"},{"code":"DE157","display":"Not due","definition":"The client is not currently eligible or scheduled for the specified immunization"},{"code":"DE158","display":"Due","definition":"The client is currently eligible and should receive the specified immunization based on the recommended schedule"},{"code":"DE189","display":"Complete","definition":"The client has received the specified immunization(s) based on the recommended schedule"},{"code":"DE159","display":"Contraindicated","definition":"The specified immunization is not recommended for the client due to contraindications"},{"code":"DE160","display":"Further evaluation needed","definition":"Additional assessment is necessary before making a recommendation regarding the specified immunization"},{"code":"DE161","display":"Potential contraindications","definition":"Specific situations or medical conditions in which it is advised or recommended to avoid or delay administering a particular vaccine"},{"code":"DE162","display":"Currently pregnant","definition":"The client is currently pregnant"},{"code":"DE163","display":"Immunocompromised","definition":"The client is known to be immunocompromised"},{"code":"DE200","display":"Severely immunocompromised","definition":"The client is known to be severely immunocompromised"},{"code":"DE164","display":"Exposed to immunosuppressive treatment","definition":"The client is undergoing immunosuppressive treatment or was exposed to immunosuppressive treatment in utero or via breastfeeding."},{"code":"DE165","display":"Severely immunosuppressed","definition":"The client is known to be severely immunosuppressed"},{"code":"DE187","display":"Immunodeficiency syndromes","definition":"The client has  immunodeficiency syndromes (e.g. HIV/AIDS, known or suspected congenital immunodeficiency, leukaemia, lymphoma or other malignant disease)"},{"code":"DE166","display":"History of anaphylactic reactions","definition":"The client is known to have history of anaphylaxis in the past"},{"code":"DE167","display":"Severe allergic reactions","definition":"The client is known to have severe allergic reaction"},{"code":"DE168","display":"Symptomatic HIV infection","definition":"The client is experiencing HIV-related symptoms"},{"code":"DE169","display":"Planning to get pregnant in the next month","definition":"The client's intention or desire is to become pregnant in the next month"},{"code":"DE170","display":"Receiving blood products","definition":"The client is receiving blood or blood-related products as part of a medical treatment."},{"code":"DE188","display":"Severe acute illness","definition":"The client has a severe acute illness"},{"code":"DE190","display":"TB disease","definition":"The client has been diagnosed with Tuberculosis"},{"code":"DE191","display":"Breastfeeding","definition":"The client is currently breastfeeding"},{"code":"DE192","display":"Spina bifida","definition":"The client has Spina bifida"},{"code":"DE193","display":"Bladder exstrophy","definition":"The client has Exstrophy of urinary bladder"},{"code":"DE194","display":"Acute gastroenteritis","definition":"The client has acute gastroenteritis"},{"code":"DE195","display":"Moderate to severe fever","definition":"The client has moderate to severe fever"},{"code":"DE196","display":"Prior history of intussusception","definition":"The client has prior history of intussusception"},{"code":"DE197","display":"Altered immunocompetence","definition":"The client's immune system is not functioning at its typical capacity"},{"code":"DE198","display":"Hypersensitivity to vaccine components","definition":"The client has heightened sensitivity or allergic reactions to specific components found in vaccines"},{"code":"DE199","display":"Taking antibiotics","definition":"The client is currently taking antibiotics to treat certain infections"},{"code":"DE1","display":"Immunization event status","definition":"The current status of the individual immunization event"},{"code":"DE2","display":"Completed","definition":"The immunization event was successfully carried out as intended"},{"code":"DE3","display":"Entered in error","definition":"Immunization event record has been mistakenly created or entered into system. Recorded information is incorrect or should not have been documented, though it is possible that real-world decisions were based on it"},{"code":"DE4","display":"Not done","definition":"Planned immunization event was not carried out for some reason"},{"code":"DE5","display":"Reason vaccine was not administered","definition":"The reason this immunization event was not performed"},{"code":"DE6","display":"Immunity","definition":"Testing has shown that the client already has immunity to the agent targeted by the immunization"},{"code":"DE7","display":"Medical precaution","definition":"The client currently has a medical condition for which the vaccine is contraindicated or for which precaution is warranted"},{"code":"DE8","display":"Product out of stock","definition":"There was no supply of the product on hand to perform the service"},{"code":"DE9","display":"Client objection","definition":"The client or their guardian objects to receiving the vaccine"},{"code":"DE10","display":"Caregiver refusal","definition":"The client's caregiver refused the vaccine"},{"code":"DE11","display":"Unspecified reason","definition":"The immunization event was not carried out for an unspecified reason"},{"code":"DE12","display":"Client allergy to vaccine or component","definition":"The immunization event was not carried out because of client allergy to vaccine or component"},{"code":"DE13","display":"Immunocompromised","definition":"The immunization event was not carried out because the client is immunocompromised"},{"code":"DE14","display":"Chronic illness or condition","definition":"The immunization event was not carried out due a chronic illness or condition of the client"},{"code":"DE15","display":"Acute illness","definition":"The immunization event was not carried out due to an acute illness present in the client"},{"code":"DE16","display":"Had the disease","definition":"The immunization event was not carried out due to the client having had the disease"},{"code":"DE17","display":"Immunization not carried out for other reasons","definition":"The immunization event was not carried out for other reasons"},{"code":"DE18","display":"Vaccine brand","definition":"The brand or trade name used to refer to the vaccine received"},{"code":"DE173","display":"Live vaccine","definition":"Uses a living but weakened version of the virus or one that’s very similar"},{"code":"DE19","display":"Vaccine type","definition":"Vaccine type/category that was administered or was to be administered. Any vaccine code available in the IMMZ.Z Vaccine Library list of codes applies in this data element"},{"code":"DE20","display":"Date and time of vaccination","definition":"Represents the visit/encounter date, which is the date and time when the vaccine was administered to the client"},{"code":"DE21","display":"Country of vaccination","definition":"The service delivery country where the vaccine administration occurred"},{"code":"DE22","display":"Vaccination location","definition":"The service delivery location where the vaccine administration occurred"},{"code":"DE23","display":"Vaccine manufacturer","definition":"The manufacturer of the vaccine product"},{"code":"DE24","display":"Vaccine batch number","definition":"Batch number or lot number of vaccine"},{"code":"DE25","display":"Vaccine market authorization holder","definition":"Name of the market authorization holder of the vaccine received. If market authorization holder is unknown, vaccine manufacturer is REQUIRED"},{"code":"DE26","display":"Expiration date","definition":"The expiration date of the vaccine"},{"code":"DE34","display":"Dose quantity","definition":"The quantity of vaccine product that was administered"},{"code":"DE35","display":"Health worker identifier","definition":"The person, organization, or role of the entity that performed the act of giving the vaccine to the client. The implementing system can choose to populate this field using data from a health worker registry or health facility registry"},{"code":"DE201","display":"Contact date","definition":"The date and time of the client's contact"},{"code":"DE202","display":"ANC contact number","definition":"The ANC contact or visit number"},{"code":"DE203","display":"Currently pregnant","definition":"Client's pregnancy status"},{"code":"DE86","display":"Client education and counselling on immunization","definition":"Providing information, guidance, and support to client or caretakers (such as parents or legal guardians) regarding immunization practices"},{"code":"DE87","display":"Counselling on functions of the immunological system","definition":"Explaining to the client or caregiver how the vaccines work by triggering the body to produce an immune response"},{"code":"DE88","display":"Advising about functions of the immunological system","definition":"Explaining to the client or caregiver how the vaccines work by triggering the body to produce an immune response"},{"code":"DE89","display":"Education to influence immunization behaviours","definition":"Public health interventions to improve general and accurate understanding and impacts of vaccines, and their role in preventing various diseases"},{"code":"DE90","display":"Advising about immunization behaviours","definition":"Public health interventions to improve general and accurate understanding and impacts of vaccines, and their role in preventing various diseases"},{"code":"DE91","display":"Awareness raising to influence immunization behaviours","definition":"Public health interventions to improve general and accurate understanding and impacts of vaccines, and their role in preventing various diseases"},{"code":"DE92","display":"Reaction reported","definition":"Indicates observation of an adverse event/ reaction"},{"code":"DE93","display":"Reaction date","definition":"When adverse event/ reaction started"},{"code":"DE95","display":"Reaction manifestation","definition":"The manifestation of the reaction (e.g. infected abscess, swelling, rash, hives, diarrhea, etc.) which was observed after administering the vaccine"},{"code":"DE96","display":"Severe local reaction","definition":"The client's reaction manifested in severe local reaction"},{"code":"DE98","display":"Seizures","definition":"The client's reaction manifested in seizures"},{"code":"DE99","display":"Abscess","definition":"The client's reaction manifested in an abscess"},{"code":"DE100","display":"Sepsis","definition":"The client's reaction manifested in sepsis"},{"code":"DE101","display":"Encephalopathy","definition":"The client's reaction manifested in encephalopathy"},{"code":"DE102","display":"Toxic shock syndrome","definition":"The client's reaction manifested in toxic shock syndrome"},{"code":"DE103","display":"Anaphylaxis","definition":"The client's reaction manifested in anaphylaxis"},{"code":"DE104","display":"Fever","definition":"The client's reaction manifested as a fever"},{"code":"DE105","display":"Other","definition":"The client's reaction manifested in another way"},{"code":"DE107","display":"Type of reaction","definition":"If the event resulted in a reaction, the type of reaction"},{"code":"DE174","display":"Non serious","definition":"The reaction resulted in a mild or minor response and did not pose a significant threat to client's health"},{"code":"DE108","display":"Death","definition":"The reaction resulted in the client's death"},{"code":"DE109","display":"Life threatening","definition":"The reaction threatened the client's life"},{"code":"DE110","display":"Disability","definition":"The reaction resulted in a disability"},{"code":"DE111","display":"Hospitalization","definition":"The reaction resulted in a hospitalization"},{"code":"DE112","display":"Congenital anomaly","definition":"The reaction was a congenital anomaly or birth defect"},{"code":"DE113","display":"Other important medical event (specify)","definition":"There was another important reaction or medical event"},{"code":"DE115","display":"Reaction outcome","definition":"The outcome of the reaction (e.g. death, recovered, recovering)"},{"code":"DE116","display":"Died","definition":"The adverse event resulted in the client's death"},{"code":"DE117","display":"Recovered","definition":"The client fully recovered"},{"code":"DE118","display":"Recovered with sequelae","definition":"The client is recovered with sequelae as a consequence of the reaction/vaccination"},{"code":"DE119","display":"Recovering","definition":"The client is recovering"},{"code":"DE120","display":"Not recovered","definition":"The client has not recovered"},{"code":"DE121","display":"Unknown","definition":"The client's reaction outcome is unknown"},{"code":"DE124","display":"Dose number","definition":"Vaccine dose number including dose number within series"},{"code":"DE125","display":"Total doses in series","definition":"The recommended number of doses for immunity according to the national protocol (which may be based on product, age, etc)"},{"code":"DE126","display":"Disease targeted","definition":"Vaccine preventable disease being targeted"},{"code":"DE127","display":"Typhoid","definition":"The vaccine preventable disease being targeted is typhoid"},{"code":"DE128","display":"Influenza","definition":"The vaccine preventable disease being targeted is  influenza"},{"code":"DE129","display":"Measles","definition":"The vaccine preventable disease being targeted is measles"},{"code":"DE133","display":"Pertussis","definition":"The vaccine preventable disease being targeted is pertussis"},{"code":"DE135","display":"Mumps","definition":"The vaccine preventable disease being targeted is mumps"},{"code":"DE136","display":"Varicella","definition":"The vaccine preventable disease being targeted is varicella"},{"code":"DE137","display":"Viral hepatitis A","definition":"The vaccine preventable disease being targeted is viral hepatitis A"},{"code":"DE139","display":"Tuberculosis","definition":"The vaccine preventable disease being targeted is tuberculosis"},{"code":"DE140","display":"Viral hepatitis B","definition":"The vaccine preventable disease being targeted is viral hepatitis B"},{"code":"DE141","display":"Haemophilus influenzae type B","definition":"The vaccine preventable disease being targeted is Haemophilus influenzae type B (Hib)"},{"code":"DE142","display":"Tetanus","definition":"The vaccine preventable disease being targeted is tetanus"},{"code":"DE143","display":"Rotavirus","definition":"The vaccine preventable disease being targeted is rotavirus"},{"code":"DE144","display":"Human papillomavirus","definition":"The vaccine preventable disease being targeted is Human papillomavirus (HPV) infection"},{"code":"DE175","display":"Japanese encephalitis","definition":"The vaccine preventable disease being targeted is japanese encephalitis"},{"code":"DE146","display":"Poliomyelitis","definition":"The vaccine preventable disease being targeted is poliomyelitis"},{"code":"DE176","display":"Diphtheria","definition":"The vaccine preventable disease being targeted is diphtheria"},{"code":"DE177","display":"Pneumococcal disease","definition":"The vaccine preventable disease being targeted is pneumococcal"},{"code":"DE178","display":"Rubella","definition":"The vaccine preventable disease being targeted is rubella"},{"code":"DE179","display":"Dengue","definition":"The vaccine preventable disease being targeted is dengue"},{"code":"DE180","display":"Rabies","definition":"The vaccine preventable disease being targeted is rabies"},{"code":"DE181","display":"Meningococcal","definition":"The vaccine preventable disease being targeted is meningococcal"},{"code":"DE182","display":"Cholera","definition":"The vaccine preventable disease being targeted is cholera"},{"code":"DE183","display":"Tick-borne encephalitis","definition":"The vaccine preventable disease being targeted is Tick-Borne encephalitis"},{"code":"DE184","display":"Yellow fever","definition":"The vaccine preventable disease being targeted is yellow fever"},{"code":"DE148","display":"COVID-19","definition":"The vaccine preventable disease being targeted is coronovirus disease (COVID-19)"},{"code":"DE149","display":"Due date of next dose","definition":"Date on which the next vaccination should be administered, if a next dose is required"},{"code":"DE185","display":"Date/time of follow-up appointment","definition":"Date the patient is to return for next vaccination"},{"code":"DE186","display":"Recommended follow-up date","definition":"Date when follow-up is recommended based on vaccination schedule"},{"code":"DE150","display":"Digital certificate needed","definition":"Indicates if a digital certificate is required"},{"code":"DE151","display":"Certificate issuer","definition":"The authority or authorized organization that issued the vaccination certificate"},{"code":"DE152","display":"Health Certificate Identifier (HCID)","definition":"Unique identifier used to associate the immunization event represented in a paper vaccination card to its digital representation(s)"},{"code":"DE153","display":"Certificate valid from","definition":"Date in which the certificate for an immunization event became valid.  No health or clinical inferences should be made from this date"},{"code":"DE154","display":"Certificate valid until","definition":"Last date in which the certificate for an immunization event is valid. No health or clinical inferences should be made from this date"},{"code":"DE155","display":"Certificate schema version","definition":"Version of the core data set and HL7 Fast Health Interoperability Resrouces (FHIR) Implementation Guide that the certificate is using"}]}