{"resourceType":"PlanDefinition","id":"IMMZD5DTMeasles","meta":{"profile":["http://hl7.org/fhir/uv/cpg/StructureDefinition/cpg-recommendationdefinition"]},"extension":[{"url":"http://hl7.org/fhir/uv/cpg/StructureDefinition/cpg-knowledgeCapability","valueCode":"computable"}],"url":"http://smart.who.int/ig/smart-immunizations/PlanDefinition/IMMZD5DTMeasles","version":"0.1.0","name":"IMMZD5DTMeasles","title":"IMMZ.D5.DT.Measles","type":{"coding":[{"system":"http://terminology.hl7.org/CodeSystem/plan-definition-type","code":"eca-rule"}]},"status":"draft","experimental":false,"date":"2024-04-04T07:29:23+00:00","publisher":"World Health Organization (WHO)","contact":[{"name":"World Health Organization (WHO)","telecom":[{"system":"url","value":"https://www.who.int"}]}],"description":"Check contraindications for Measles vaccine","jurisdiction":[{"coding":[{"system":"http://unstats.un.org/unsd/methods/m49/m49.htm","code":"001"}]}],"library":["http://smart.who.int/ig/smart-immunizations/Library/IMMZD5DTMeasles"],"action":[{"title":"Send Guidance for the patient regarding MCV contraindication.","description":"Show Guidance for the patient regarding MCV contraindication.","condition":[{"kind":"applicability","expression":{"description":"Guidance","language":"text/cql-identifier","expression":"Guidance"}}],"definitionCanonical":"http://smart.who.int/ig/smart-immunizations/ActivityDefinition/IMMZD2DTCR","dynamicValue":[{"path":"status","expression":{"language":"text/cql-expression","expression":"'active'"}},{"path":"payload.contentAttachment.title","expression":{"language":"text/cql-identifier","expression":"Guidance"}},{"path":"payload.contentAttachment.language","expression":{"language":"text/cql-expression","expression":"'en-US'"}},{"path":"payload.contentAttachment.contentType","expression":{"language":"text/cql-expression","expression":"'text/plain'"}},{"path":"category.coding","expression":{"description":"Category of communication","language":"text/cql-expression","expression":"Code { system: 'http://terminology.hl7.org/CodeSystem/communication-category', code: 'alert' }"}},{"path":"priority","expression":{"description":"Alert priority","language":"text/cql-expression","expression":"Code { system: 'http://hl7.org/fhir/request-priority', code: 'routine' }"}}]},{"title":"Check Contraindication for Measles Immunization","description":"Contraindication for measles immunization","condition":[{"kind":"applicability","expression":{"description":"Measles vaccination contraindicated","language":"text/cql-identifier","expression":"Measles vaccination contraindicated"}}],"type":{"coding":[{"system":"http://terminology.hl7.org/CodeSystem/action-type","code":"update"}]},"definitionCanonical":"http://smart.who.int/ig/smart-immunizations/ActivityDefinition/IMMZD5DTMeaslesMR","dynamicValue":[{"path":"id","expression":{"description":"Draft Medication Request ID for MCV dose","language":"text/cql-identifier","expression":"Draft Medication Request ID for MCV dose"}}]}]}