{"resourceType":"PlanDefinition","id":"IMMZD2DTHepatitisB3Delayed","meta":{"profile":["http://hl7.org/fhir/uv/cpg/StructureDefinition/cpg-recommendationdefinition"]},"extension":[{"url":"http://hl7.org/fhir/uv/cpg/StructureDefinition/cpg-knowledgeCapability","valueCode":"computable"}],"url":"http://smart.who.int/ig/smart-immunizations/PlanDefinition/IMMZD2DTHepatitisB3Delayed","version":"0.1.0","name":"IMMZD2DTHepatitisB3Delayed","title":"IMMZ.D2.DT.HepatitisB3Delayed","type":{"coding":[{"system":"http://terminology.hl7.org/CodeSystem/plan-definition-type","code":"eca-rule"}]},"status":"draft","experimental":false,"date":"2024-04-04T07:29:23+00:00","publisher":"World Health Organization (WHO)","contact":[{"name":"World Health Organization (WHO)","telecom":[{"system":"url","value":"https://www.who.int"}]}],"description":"Determine if the client is due for a hepatitis B vaccination according to the national immunization schedule","jurisdiction":[{"coding":[{"system":"http://unstats.un.org/unsd/methods/m49/m49.htm","code":"001"}]}],"library":["http://smart.who.int/ig/smart-immunizations/Library/IMMZD2DTHepatitisB3Delayed"],"action":[{"title":"Determine if the client is due for hepatitis B.","description":"Determine if the client is due for hepatitis B vaccination according to the national immunization protocol.","condition":[{"kind":"applicability","expression":{"description":"Client is due for hepatitis B vaccination","language":"text/cql-identifier","expression":"Client is due for hepatitis B vaccination"}}],"definitionCanonical":"http://smart.who.int/ig/smart-immunizations/ActivityDefinition/IMMZD2DTHepatitisBMR","dynamicValue":[{"path":"status","expression":{"language":"text/cql-expression","expression":"'draft'"}},{"path":"intent","expression":{"language":"text/cql-expression","expression":"'proposal'"}}]},{"title":"Determine if the client is due for hepatitis B.","description":"Determine if the client is due for hepatitis B vaccination according to the national immunization protocol.","condition":[{"kind":"applicability","expression":{"description":"Client is due for a hepatitis B vaccination","language":"text/cql-identifier","expression":"Client is due for a hepatitis B vaccination"}}],"definitionCanonical":"http://smart.who.int/ig/smart-immunizations/ActivityDefinition/IMMZD2DTHepatitisBMR","dynamicValue":[{"path":"status","expression":{"language":"text/cql-expression","expression":"'draft'"}},{"path":"intent","expression":{"language":"text/cql-expression","expression":"'proposal'"}}]},{"title":"Send Guidance for the patient regarding hepatitis B primary series.","description":"Send Guidance for the patient regarding hepatitis B primary series.","condition":[{"kind":"applicability","expression":{"description":"Guidance","language":"text/cql-identifier","expression":"Guidance"}}],"definitionCanonical":"http://smart.who.int/ig/smart-immunizations/ActivityDefinition/IMMZD2DTCR","dynamicValue":[{"path":"status","expression":{"language":"text/cql-expression","expression":"'active'"}},{"path":"payload.contentAttachment.title","expression":{"language":"text/cql-identifier","expression":"Guidance"}},{"path":"payload.contentAttachment.language","expression":{"language":"text/cql-expression","expression":"'en-US'"}},{"path":"payload.contentAttachment.contentType","expression":{"language":"text/cql-expression","expression":"'text/plain'"}},{"path":"category.coding","expression":{"description":"Category of communication","language":"text/cql-expression","expression":"Code { system: 'http://terminology.hl7.org/CodeSystem/communication-category', code: 'alert' }"}},{"path":"priority","expression":{"description":"Alert priority","language":"text/cql-expression","expression":"Code { system: 'http://hl7.org/fhir/request-priority', code: 'routine' }"}}]}]}