<?xml version="1.0" encoding="UTF-8"?>

<PlanDefinition xmlns="http://hl7.org/fhir">
  <id value="IMMZD2DTDTPOnTime"/>
  <meta>
    <profile value="http://hl7.org/fhir/uv/cpg/StructureDefinition/cpg-recommendationdefinition"/>
  </meta>
  <text>
    <status value="extensions"/><div xmlns="http://www.w3.org/1999/xhtml"><p><b>Generated Narrative: PlanDefinition</b><a name="IMMZD2DTDTPOnTime"> </a><a name="hcIMMZD2DTDTPOnTime"> </a></p><div style="display: inline-block; background-color: #d9e0e7; padding: 6px; margin: 4px; border: 1px solid #8da1b4; border-radius: 5px; line-height: 60%"><p style="margin-bottom: 0px">Resource PlanDefinition &quot;IMMZD2DTDTPOnTime&quot; </p><p style="margin-bottom: 0px">Profile: <a href="https://build.fhir.org/ig/HL7/cqf-recommendations//StructureDefinition-cpg-recommendationdefinition.html">CPG Recommendation Definition</a></p></div><p><b>knowledgeCapability</b>: computable</p><p><b>url</b>: <code>http://smart.who.int/ig/smart-immunizations/PlanDefinition/IMMZD2DTDTPOnTime</code></p><p><b>version</b>: 0.1.0</p><p><b>name</b>: IMMZD2DTDTPOnTime</p><p><b>title</b>: IMMZ.D2.DT.DTPOnTime</p><p><b>type</b>: ECA Rule <span style="background: LightGoldenRodYellow; margin: 4px; border: 1px solid khaki"> (<a href="http://terminology.hl7.org/5.4.0/CodeSystem-plan-definition-type.html">PlanDefinitionType</a>#eca-rule)</span></p><p><b>status</b>: draft</p><p><b>experimental</b>: false</p><p><b>date</b>: 2024-03-22 16:39:50+0000</p><p><b>publisher</b>: World Health Organization (WHO)</p><p><b>contact</b>: World Health Organization (WHO): <a href="https://www.who.int">https://www.who.int</a></p><p><b>description</b>: Determine if the client is due for a DTP vaccination according to the national immunization schedule</p><p><b>jurisdiction</b>: Global (Whole world) <span style="background: LightGoldenRodYellow; margin: 4px; border: 1px solid khaki"> (m49.htm#001)</span></p><p><b>library</b>: <a href="Library-IMMZD2DTDTPOnTime.html">IMMZD2DTDTPOnTime</a></p><blockquote><p><b>action</b></p><p><b>title</b>: Determine if the client is due for DTP</p><p><b>description</b>: Determine if the client is due for DTP vaccination according to the national immunization protocol.</p><blockquote><p><b>condition</b></p><p><b>kind</b>: applicability</p><h3>Expressions</h3><table class="grid"><tr><td style="display: none">-</td><td><b>Description</b></td><td><b>Language</b></td><td><b>Expression</b></td></tr><tr><td style="display: none">*</td><td>Client is due for DTP vaccination</td><td>text/cql-identifier</td><td>Client is due for DTP vaccination</td></tr></table></blockquote><p><b>definition</b>: <a href="ActivityDefinition-IMMZD2DTDTPMR.html">IMMZ.D2.DT.DTP.MR</a></p><blockquote><p><b>dynamicValue</b></p><p><b>path</b>: status</p><h3>Expressions</h3><table class="grid"><tr><td style="display: none">-</td><td><b>Language</b></td><td><b>Expression</b></td></tr><tr><td style="display: none">*</td><td>text/cql</td><td>'draft'</td></tr></table></blockquote><blockquote><p><b>dynamicValue</b></p><p><b>path</b>: intent</p><h3>Expressions</h3><table class="grid"><tr><td style="display: none">-</td><td><b>Language</b></td><td><b>Expression</b></td></tr><tr><td style="display: none">*</td><td>text/cql</td><td>'proposal'</td></tr></table></blockquote></blockquote><blockquote><p><b>action</b></p><p><b>title</b>: Determine if the client is due for Tetanus and Diphtheria</p><p><b>description</b>: Determine if the client is due for Tetanus and Diphtheria vaccination according to the national immunization protocol.</p><blockquote><p><b>condition</b></p><p><b>kind</b>: applicability</p><h3>Expressions</h3><table class="grid"><tr><td style="display: none">-</td><td><b>Description</b></td><td><b>Language</b></td><td><b>Expression</b></td></tr><tr><td style="display: none">*</td><td>Primary DTP series is complete. Client is due for tetanus and diphtheria booster dose.</td><td>text/cql-identifier</td><td>Primary DTP series is complete. Client is due for tetanus and diphtheria booster dose.</td></tr></table></blockquote><p><b>definition</b>: <a href="ActivityDefinition-IMMZD2DTDTPMR.html">IMMZ.D2.DT.DTP.MR</a></p><blockquote><p><b>dynamicValue</b></p><p><b>path</b>: status</p><h3>Expressions</h3><table class="grid"><tr><td style="display: none">-</td><td><b>Language</b></td><td><b>Expression</b></td></tr><tr><td style="display: none">*</td><td>text/cql</td><td>'draft'</td></tr></table></blockquote><blockquote><p><b>dynamicValue</b></p><p><b>path</b>: intent</p><h3>Expressions</h3><table class="grid"><tr><td style="display: none">-</td><td><b>Language</b></td><td><b>Expression</b></td></tr><tr><td style="display: none">*</td><td>text/cql</td><td>'proposal'</td></tr></table></blockquote></blockquote><blockquote><p><b>action</b></p><p><b>title</b>: Determine if the client is due for Pertussis</p><p><b>description</b>: Determine if the client is due for pertussis vaccination according to the national immunization protocol.</p><blockquote><p><b>condition</b></p><p><b>kind</b>: applicability</p><h3>Expressions</h3><table class="grid"><tr><td style="display: none">-</td><td><b>Description</b></td><td><b>Language</b></td><td><b>Expression</b></td></tr><tr><td style="display: none">*</td><td>Primary DTP series is complete. Client is due for pertussis booster dose</td><td>text/cql-identifier</td><td>Primary DTP series is complete. Client is due for pertussis booster dose</td></tr></table></blockquote><p><b>definition</b>: <a href="ActivityDefinition-IMMZD2DTDTPMR.html">IMMZ.D2.DT.DTP.MR</a></p><blockquote><p><b>dynamicValue</b></p><p><b>path</b>: status</p><h3>Expressions</h3><table class="grid"><tr><td style="display: none">-</td><td><b>Language</b></td><td><b>Expression</b></td></tr><tr><td style="display: none">*</td><td>text/cql</td><td>'draft'</td></tr></table></blockquote><blockquote><p><b>dynamicValue</b></p><p><b>path</b>: intent</p><h3>Expressions</h3><table class="grid"><tr><td style="display: none">-</td><td><b>Language</b></td><td><b>Expression</b></td></tr><tr><td style="display: none">*</td><td>text/cql</td><td>'proposal'</td></tr></table></blockquote></blockquote><blockquote><p><b>action</b></p><p><b>title</b>: Send Guidance for the patient regarding DTP series.</p><p><b>description</b>: Send Guidance for the patient regarding DTP series.</p><blockquote><p><b>condition</b></p><p><b>kind</b>: applicability</p><h3>Expressions</h3><table class="grid"><tr><td style="display: none">-</td><td><b>Description</b></td><td><b>Language</b></td><td><b>Expression</b></td></tr><tr><td style="display: none">*</td><td>Guidance</td><td>text/cql-identifier</td><td>Guidance</td></tr></table></blockquote><p><b>definition</b>: <a href="ActivityDefinition-IMMZD2DTCR.html">IMMZ.D2.DT.CR</a></p><blockquote><p><b>dynamicValue</b></p><p><b>path</b>: status</p><h3>Expressions</h3><table class="grid"><tr><td style="display: none">-</td><td><b>Language</b></td><td><b>Expression</b></td></tr><tr><td style="display: none">*</td><td>text/cql</td><td>'active'</td></tr></table></blockquote><blockquote><p><b>dynamicValue</b></p><p><b>path</b>: payload.contentAttachment.title</p><h3>Expressions</h3><table class="grid"><tr><td style="display: none">-</td><td><b>Language</b></td><td><b>Expression</b></td></tr><tr><td style="display: none">*</td><td>text/cql-identifier</td><td>Guidance</td></tr></table></blockquote><blockquote><p><b>dynamicValue</b></p><p><b>path</b>: payload.contentAttachment.language</p><h3>Expressions</h3><table class="grid"><tr><td style="display: none">-</td><td><b>Language</b></td><td><b>Expression</b></td></tr><tr><td style="display: none">*</td><td>text/cql</td><td>'en-US'</td></tr></table></blockquote><blockquote><p><b>dynamicValue</b></p><p><b>path</b>: payload.contentAttachment.contentType</p><h3>Expressions</h3><table class="grid"><tr><td style="display: none">-</td><td><b>Language</b></td><td><b>Expression</b></td></tr><tr><td style="display: none">*</td><td>text/cql</td><td>'text/plain'</td></tr></table></blockquote><blockquote><p><b>dynamicValue</b></p><p><b>path</b>: category.coding</p><h3>Expressions</h3><table class="grid"><tr><td style="display: none">-</td><td><b>Description</b></td><td><b>Language</b></td><td><b>Expression</b></td></tr><tr><td style="display: none">*</td><td>Category of communication</td><td>text/cql</td><td>Code { system: 'http://terminology.hl7.org/CodeSystem/communication-category', code: 'alert' }</td></tr></table></blockquote><blockquote><p><b>dynamicValue</b></p><p><b>path</b>: priority</p><h3>Expressions</h3><table class="grid"><tr><td style="display: none">-</td><td><b>Description</b></td><td><b>Language</b></td><td><b>Expression</b></td></tr><tr><td style="display: none">*</td><td>Alert priority</td><td>text/cql</td><td>Code { system: 'http://hl7.org/fhir/request-priority', code: 'routine' }</td></tr></table></blockquote></blockquote></div>
  </text>
  <extension url="http://hl7.org/fhir/uv/cpg/StructureDefinition/cpg-knowledgeCapability">
    <valueCode value="computable"/>
  </extension>
  <url value="http://smart.who.int/ig/smart-immunizations/PlanDefinition/IMMZD2DTDTPOnTime"/>
  <version value="0.1.0"/>
  <name value="IMMZD2DTDTPOnTime"/>
  <title value="IMMZ.D2.DT.DTPOnTime"/>
  <type>
    <coding>
      <system value="http://terminology.hl7.org/CodeSystem/plan-definition-type"/>
      <code value="eca-rule"/>
    </coding>
  </type>
  <status value="draft"/>
  <experimental value="false"/>
  <date value="2024-03-22T16:39:50+00:00"/>
  <publisher value="World Health Organization (WHO)"/>
  <contact>
    <name value="World Health Organization (WHO)"/>
    <telecom>
      <system value="url"/>
      <value value="https://www.who.int"/>
    </telecom>
  </contact>
  <description value="Determine if the client is due for a DTP vaccination according to the national immunization schedule"/>
  <jurisdiction>
    <coding>
      <system value="http://unstats.un.org/unsd/methods/m49/m49.htm"/>
      <code value="001"/>
    </coding>
  </jurisdiction>
  <library value="http://smart.who.int/ig/smart-immunizations/Library/IMMZD2DTDTPOnTime"/>
  <action>
    <title value="Determine if the client is due for DTP"/>
    <description value="Determine if the client is due for DTP vaccination according to the national immunization protocol."/>
    <condition>
      <kind value="applicability"/>
      <expression>
        <description value="Client is due for DTP vaccination"/>
        <language value="text/cql-identifier"/>
        <expression value="Client is due for DTP vaccination"/>
      </expression>
    </condition>
    <definitionCanonical value="http://smart.who.int/ig/smart-immunizations/ActivityDefinition/IMMZD2DTDTPMR"/>
    <dynamicValue>
      <path value="status"/>
      <expression>
        <language value="text/cql"/>
        <expression value="'draft'"/>
      </expression>
    </dynamicValue>
    <dynamicValue>
      <path value="intent"/>
      <expression>
        <language value="text/cql"/>
        <expression value="'proposal'"/>
      </expression>
    </dynamicValue>
  </action>
  <action>
    <title value="Determine if the client is due for Tetanus and Diphtheria"/>
    <description value="Determine if the client is due for Tetanus and Diphtheria vaccination according to the national immunization protocol."/>
    <condition>
      <kind value="applicability"/>
      <expression>
        <description value="Primary DTP series is complete. Client is due for tetanus and diphtheria booster dose."/>
        <language value="text/cql-identifier"/>
        <expression value="Primary DTP series is complete. Client is due for tetanus and diphtheria booster dose."/>
      </expression>
    </condition>
    <definitionCanonical value="http://smart.who.int/ig/smart-immunizations/ActivityDefinition/IMMZD2DTDTPMR"/>
    <dynamicValue>
      <path value="status"/>
      <expression>
        <language value="text/cql"/>
        <expression value="'draft'"/>
      </expression>
    </dynamicValue>
    <dynamicValue>
      <path value="intent"/>
      <expression>
        <language value="text/cql"/>
        <expression value="'proposal'"/>
      </expression>
    </dynamicValue>
  </action>
  <action>
    <title value="Determine if the client is due for Pertussis"/>
    <description value="Determine if the client is due for pertussis vaccination according to the national immunization protocol."/>
    <condition>
      <kind value="applicability"/>
      <expression>
        <description value="Primary DTP series is complete. Client is due for pertussis booster dose"/>
        <language value="text/cql-identifier"/>
        <expression value="Primary DTP series is complete. Client is due for pertussis booster dose"/>
      </expression>
    </condition>
    <definitionCanonical value="http://smart.who.int/ig/smart-immunizations/ActivityDefinition/IMMZD2DTDTPMR"/>
    <dynamicValue>
      <path value="status"/>
      <expression>
        <language value="text/cql"/>
        <expression value="'draft'"/>
      </expression>
    </dynamicValue>
    <dynamicValue>
      <path value="intent"/>
      <expression>
        <language value="text/cql"/>
        <expression value="'proposal'"/>
      </expression>
    </dynamicValue>
  </action>
  <action>
    <title value="Send Guidance for the patient regarding DTP series."/>
    <description value="Send Guidance for the patient regarding DTP series."/>
    <condition>
      <kind value="applicability"/>
      <expression>
        <description value="Guidance"/>
        <language value="text/cql-identifier"/>
        <expression value="Guidance"/>
      </expression>
    </condition>
    <definitionCanonical value="http://smart.who.int/ig/smart-immunizations/ActivityDefinition/IMMZD2DTCR"/>
    <dynamicValue>
      <path value="status"/>
      <expression>
        <language value="text/cql"/>
        <expression value="'active'"/>
      </expression>
    </dynamicValue>
    <dynamicValue>
      <path value="payload.contentAttachment.title"/>
      <expression>
        <language value="text/cql-identifier"/>
        <expression value="Guidance"/>
      </expression>
    </dynamicValue>
    <dynamicValue>
      <path value="payload.contentAttachment.language"/>
      <expression>
        <language value="text/cql"/>
        <expression value="'en-US'"/>
      </expression>
    </dynamicValue>
    <dynamicValue>
      <path value="payload.contentAttachment.contentType"/>
      <expression>
        <language value="text/cql"/>
        <expression value="'text/plain'"/>
      </expression>
    </dynamicValue>
    <dynamicValue>
      <path value="category.coding"/>
      <expression>
        <description value="Category of communication"/>
        <language value="text/cql"/>
        <expression value="Code { system: 'http://terminology.hl7.org/CodeSystem/communication-category', code: 'alert' }"/>
      </expression>
    </dynamicValue>
    <dynamicValue>
      <path value="priority"/>
      <expression>
        <description value="Alert priority"/>
        <language value="text/cql"/>
        <expression value="Code { system: 'http://hl7.org/fhir/request-priority', code: 'routine' }"/>
      </expression>
    </dynamicValue>
  </action>
</PlanDefinition>