<?xml version="1.0" encoding="UTF-8"?>

<ValueSet xmlns="http://hl7.org/fhir">
  <id value="IMMZ.Z.DE23"/>
  <text>
    <status value="generated"/><div xmlns="http://www.w3.org/1999/xhtml"><p>This value set includes codes based on the following rules:</p><ul><li>Include these codes as defined in <code>http://hl7.org/fhir/sid/icd-11</code><table class="none"><tr><td style="white-space:nowrap"><b>Code</b></td><td><b>Display</b></td></tr><tr><td>XM0N24</td><td>Yellow fever vaccine</td></tr><tr><td>XM3418</td><td>Yellow fever, live attenuated</td></tr></table></li><li>Include these codes as defined in <a href="http://www.snomed.org/"><code>http://snomed.info/sct</code></a><table class="none"><tr><td style="white-space:nowrap"><b>Code</b></td><td><b>Display</b></td></tr><tr><td><a href="http://snomed.info/id/836385002">836385002</a></td><td>Yellow fever virus antigen-containing vaccine product</td></tr><tr><td><a href="http://snomed.info/id/1121000221106">1121000221106</a></td><td>Live attenuated Yellow fever virus antigen only vaccine product</td></tr></table></li></ul></div>
  </text>
  <url value="http://smart.who.int/ig/smart-immunizations/ValueSet/IMMZ.Z.DE23"/>
  <version value="0.1.0"/>
  <name value="IMMZ_Z_DE23"/>
  <title value="IMMZ.Z.DE23 Yellow fever containing vaccines"/>
  <status value="active"/>
  <experimental value="false"/>
  <date value="2024-03-22T16:39:50+00:00"/>
  <publisher value="World Health Organization (WHO)"/>
  <contact>
    <name value="World Health Organization (WHO)"/>
    <telecom>
      <system value="url"/>
      <value value="https://www.who.int"/>
    </telecom>
  </contact>
  <description value="Vaccine terminology codes for yellow fever."/>
  <jurisdiction>
    <coding>
      <system value="http://unstats.un.org/unsd/methods/m49/m49.htm"/>
      <code value="001"/>
    </coding>
  </jurisdiction>
  <compose>
    <include>
      <system value="http://hl7.org/fhir/sid/icd-11"/>
      <concept>
        <code value="XM0N24"/>
        <display value="Yellow fever vaccine"/>
      </concept>
      <concept>
        <code value="XM3418"/>
        <display value="Yellow fever, live attenuated"/>
      </concept>
    </include>
    <include>
      <system value="http://snomed.info/sct"/>
      <concept>
        <code value="836385002"/>
        <display value="Yellow fever virus antigen-containing vaccine product"/>
      </concept>
      <concept>
        <code value="1121000221106"/>
        <display value="Live attenuated Yellow fever virus antigen only vaccine product"/>
      </concept>
    </include>
  </compose>
</ValueSet>