"Id","Path","Slice Name","Alias(s)","Label","Min","Max","Must Support?","Is Modifier?","Is Summary?","Type(s)","Short","Definition","Comments","Requirements","Default Value","Meaning When Missing","Fixed Value","Pattern","Example","Minimum Value","Maximum Value","Maximum Length","Binding Strength","Binding Description","Binding Value Set","Code","Slicing Discriminator","Slicing Description","Slicing Ordered","Slicing Rules","Base Path","Base Min","Base Max","Condition(s)","Constraint(s)"
"IMMZD18","IMMZD18","","","",0,*,"","","","null {[]} {[]}
","IMMZ.D18.Determine time for next visit","Data elements for the IMMZ.D18.Determine time for next visit Data Dictionary Activity.","","","","","","","","","",,,,,"",,,,"Base",0,*,"",""
"IMMZD18.patient","IMMZD18.patient","","","",1,1,"","","","Reference {[]} {[]}
","Patient","The patient.","","","","","","","","","",,,,,"",,,,"IMMZD18.patient",1,1,"",""
"IMMZD18.dateTimeOfFollowUpAppointment","IMMZD18.dateTimeOfFollowUpAppointment","","","",0,1,"","","","dateTime {[]} {[]}
","Date/time of follow-up appointment","Date the client is to return for next vaccination","","","","","","","","","",,,,,"http://smart.who.int/immunizations/CodeSystem/IMMZ.D#DE185
http://snomed.info/sct#185353001 (Appointment date (finding))",,,,"IMMZD18.dateTimeOfFollowUpAppointment",0,1,"",""
"IMMZD18.recommendedFollowUpDate","IMMZD18.recommendedFollowUpDate","","","",0,1,"","","","date {[]} {[]}
","Recommended follow-up date","Date when follow-up is recommended based on vaccination schedule","","","","","","","","","",,,,,"http://smart.who.int/immunizations/CodeSystem/IMMZ.D#DE186
http://loinc.org#39289-4 (Code LongName: Follow-up (referred to) provider/specialist, appointment date CPHS)http://snomed.info/sct#410671006 (Date (attribute))",,,,"IMMZD18.recommendedFollowUpDate",0,1,"",""
