"Id","Path","Slice Name","Alias(s)","Label","Min","Max","Must Support?","Is Modifier?","Is Summary?","Type(s)","Short","Definition","Comments","Requirements","Default Value","Meaning When Missing","Fixed Value","Pattern","Example","Minimum Value","Maximum Value","Maximum Length","Binding Strength","Binding Description","Binding Value Set","Code","Slicing Discriminator","Slicing Description","Slicing Ordered","Slicing Rules","Base Path","Base Min","Base Max","Condition(s)","Constraint(s)"
"IMMZD20","IMMZD20","","","",0,*,"","","","null {[]} {[]}
","IMMZ.D20.Does client require a verifiable digital certificate","Data elements for the IMMZ.D20.Does client require a verifiable digital certificate Data Dictionary Activity.","","","","","","","","","",,,,,"",,,,"Base",0,*,"",""
"IMMZD20.patient","IMMZD20.patient","","","",1,1,"","","","Reference {[]} {[]}
","Patient","The patient.","","","","","","","","","",,,,,"",,,,"IMMZD20.patient",1,1,"",""
"IMMZD20.digitalCertificateNeeded","IMMZD20.digitalCertificateNeeded","","","",1,1,"","","","boolean {[]} {[]}
","Digital certificate needed","Indicates if a digital certificate is required","","","","","","","","","",,,,,"http://smart.who.int/immunizations/CodeSystem/IMMZ.D#DE150
",,,,"IMMZD20.digitalCertificateNeeded",1,1,"",""
