"Id","Path","Slice Name","Alias(s)","Label","Min","Max","Must Support?","Is Modifier?","Is Summary?","Type(s)","Short","Definition","Comments","Requirements","Default Value","Meaning When Missing","Fixed Value","Pattern","Example","Minimum Value","Maximum Value","Maximum Length","Binding Strength","Binding Description","Binding Value Set","Code","Slicing Discriminator","Slicing Description","Slicing Ordered","Slicing Rules","Base Path","Base Min","Base Max","Condition(s)","Constraint(s)"
"IMMZD21","IMMZD21","","","",0,*,"","","","null {[]} {[]}
","IMMZ.D21.Generate verifiable digital certificate","Data elements for the IMMZ.D21.Generate verifiable digital certificate Data Dictionary Activity.","","","","","","","","","",,,,,"",,,,"Base",0,*,"",""
"IMMZD21.patient","IMMZD21.patient","","","",1,1,"","","","Reference {[]} {[]}
","Patient","The patient.","","","","","","","","","",,,,,"",,,,"IMMZD21.patient",1,1,"",""
"IMMZD21.certificateIssuer","IMMZD21.certificateIssuer","","","",1,1,"","","","string {[]} {[]}
","Certificate issuer","The authority or authorized organization that issued the vaccination certificate","","","","","","","","","",,,,,"http://smart.who.int/immunizations/CodeSystem/IMMZ.D#DE151
",,,,"IMMZD21.certificateIssuer",1,1,"",""
"IMMZD21.healthCertificateIdentifier","IMMZD21.healthCertificateIdentifier","","","",1,1,"","","","string {[]} {[]}
","Health Certificate Identifier (HCID)","Unique identifier used to associate the immunization event represented in a paper vaccination card to its digital representation(s)","","","","","","","","","",,,,,"http://smart.who.int/immunizations/CodeSystem/IMMZ.D#DE152
",,,,"IMMZD21.healthCertificateIdentifier",1,1,"",""
"IMMZD21.certificateValidFrom","IMMZD21.certificateValidFrom","","","",1,1,"","","","dateTime {[]} {[]}
","Certificate valid from","Date in which the certificate for an immunization event became valid.  No health or clinical inferences should be made from this date","","","","","","","","","",,,,,"http://smart.who.int/immunizations/CodeSystem/IMMZ.D#DE153
",,,,"IMMZD21.certificateValidFrom",1,1,"",""
"IMMZD21.certificateValidUntil","IMMZD21.certificateValidUntil","","","",1,1,"","","","dateTime {[]} {[]}
","Certificate valid until","Last date in which the certificate for an immunization event is valid. No health or clinical inferences should be made from this date","","","","","","","","","",,,,,"http://smart.who.int/immunizations/CodeSystem/IMMZ.D#DE154
",,,,"IMMZD21.certificateValidUntil",1,1,"",""
"IMMZD21.certificateSchemaVersion","IMMZD21.certificateSchemaVersion","","","",1,1,"","","","string {[]} {[]}
","Certificate schema version","Version of the core data set and HL7 Fast Health Interoperability Resources (FHIR) implementation guide that the certificate is using","","","","","","","","","",,,,,"http://smart.who.int/immunizations/CodeSystem/IMMZ.D#DE155
",,,,"IMMZD21.certificateSchemaVersion",1,1,"",""
