<?xml version="1.0" encoding="UTF-8"?>

<Measure xmlns="http://hl7.org/fhir">
  <id value="IMMZIND51"/>
  <meta>
    <profile value="http://hl7.org/fhir/us/cqfmeasures/StructureDefinition/computable-measure-cqfm"/>
  </meta>
  <text>
    <status value="generated"/><div xmlns="http://www.w3.org/1999/xhtml"><p><b>Generated Narrative: Measure</b><a name="IMMZIND51"> </a></p><div style="display: inline-block; background-color: #d9e0e7; padding: 6px; margin: 4px; border: 1px solid #8da1b4; border-radius: 5px; line-height: 60%"><p style="margin-bottom: 0px">Resource Measure &quot;IMMZIND51&quot; </p><p style="margin-bottom: 0px">Profile: <code>http://hl7.org/fhir/us/cqfmeasures/StructureDefinition/computable-measure-cqfm</code></p></div><p><b>url</b>: <code>http://fhir.org/guides/who/smart-immunization/Measure/IMMZIND51</code></p><p><b>version</b>: 0.1.0</p><p><b>name</b>: IMMZIND51</p><p><b>title</b>: IMMZ.IND.51 Dropout Rate of BCG to MCV1 (Individuals)</p><p><b>status</b>: draft</p><p><b>date</b>: 2022-05-12 15:36:35-0400</p><p><b>publisher</b>: World Health Organization (WHO)</p><p><b>description</b>: Indicates the number of individuals which received a BCG dose at birth (or early life) yet did not receive the first dose of a measles containing vaccine (MCV).

This indicator works by counting the number of individuals who have received a BCG dose, who have not received a MCV1 dose (are past due for MCV1) with the children who have received BCG and MCV1 doses.</p><p><b>jurisdiction</b>: Global (Whole world) <span style="background: LightGoldenRodYellow; margin: 4px; border: 1px solid khaki"> (m49.htm#001)</span></p><p><b>library</b>: <a href="Library-IMMZIND51.html">IMMZIND51</a></p><p><b>scoring</b>: Proportion <span style="background: LightGoldenRodYellow; margin: 4px; border: 1px solid khaki"> (<a href="http://terminology.hl7.org/5.0.0/CodeSystem-measure-scoring.html">MeasureScoring</a>#proportion)</span></p><p><b>type</b>: Process <span style="background: LightGoldenRodYellow; margin: 4px; border: 1px solid khaki"> (<a href="http://terminology.hl7.org/5.0.0/CodeSystem-measure-type.html">MeasureType</a>#process)</span></p><p><b>improvementNotation</b>: Increased score indicates improvement <span style="background: LightGoldenRodYellow; margin: 4px; border: 1px solid khaki"> (<a href="http://terminology.hl7.org/5.0.0/CodeSystem-measure-improvement-notation.html">MeasureImprovementNotation</a>#increase)</span></p><blockquote><p><b>group</b></p><blockquote><p><b>id</b></p>IMMZIND51</blockquote><blockquote><p><b>population</b></p><blockquote><p><b>id</b></p>numerator</blockquote><p><b>code</b>: Numerator <span style="background: LightGoldenRodYellow; margin: 4px; border: 1px solid khaki"> (<a href="http://terminology.hl7.org/5.0.0/CodeSystem-measure-population.html">MeasurePopulationType</a>#numerator)</span></p><p><b>description</b>: Number of children who have received BCG (numerator) minus number of children who have not received MCV dose 1 and are past due (numerator exclusion)</p><h3>Criteria</h3><table class="grid"><tr><td>-</td><td><b>Language</b></td><td><b>Expression</b></td></tr><tr><td>*</td><td>text/cql</td><td>numerator</td></tr></table></blockquote><blockquote><p><b>population</b></p><blockquote><p><b>id</b></p>denominator</blockquote><p><b>code</b>: Denominator <span style="background: LightGoldenRodYellow; margin: 4px; border: 1px solid khaki"> (<a href="http://terminology.hl7.org/5.0.0/CodeSystem-measure-population.html">MeasurePopulationType</a>#denominator)</span></p><p><b>description</b>: Number of children who have received BCG vaccine</p><h3>Criteria</h3><table class="grid"><tr><td>-</td><td><b>Language</b></td><td><b>Expression</b></td></tr><tr><td>*</td><td>text/cql</td><td>denominator</td></tr></table></blockquote><blockquote><p><b>stratifier</b></p><blockquote><p><b>id</b></p>geographic-region-stratifier</blockquote><h3>Criteria</h3><table class="grid"><tr><td>-</td><td><b>Language</b></td><td><b>Expression</b></td></tr><tr><td>*</td><td>text/cql</td><td>Geographic Region Stratifier</td></tr></table></blockquote><blockquote><p><b>stratifier</b></p><blockquote><p><b>id</b></p>gender-stratifier</blockquote><h3>Criteria</h3><table class="grid"><tr><td>-</td><td><b>Language</b></td><td><b>Expression</b></td></tr><tr><td>*</td><td>text/cql</td><td>Gender Stratifier</td></tr></table></blockquote></blockquote></div>
  </text>
  <contained>
    <Library>
      <id value="effective-data-requirements"/>
      <extension url="http://hl7.org/fhir/us/cqfmeasures/StructureDefinition/cqfm-directReferenceCode">
        <valueCoding>
          <system value="http://hl7.org/fhir/administrative-gender"/>
          <code value="male"/>
          <display value="Males"/>
        </valueCoding>
      </extension>
      <extension url="http://hl7.org/fhir/us/cqfmeasures/StructureDefinition/cqfm-directReferenceCode">
        <valueCoding>
          <system value="http://hl7.org/fhir/administrative-gender"/>
          <code value="female"/>
          <display value="Females"/>
        </valueCoding>
      </extension>
      <extension url="http://hl7.org/fhir/us/cqfmeasures/StructureDefinition/cqfm-directReferenceCode">
        <valueCoding>
          <system value="http://hl7.org/fhir/administrative-gender"/>
          <code value="other"/>
          <display value="Other/NA"/>
        </valueCoding>
      </extension>
      <extension url="http://hl7.org/fhir/us/cqfmeasures/StructureDefinition/cqfm-logicDefinition">
        <extension url="libraryName">
          <valueString value="IMMZIndicatorCommon"/>
        </extension>
        <extension url="name">
          <valueString value="By Administrative Gender Stratifier"/>
        </extension>
        <extension url="statement">
          <valueString value="/**&#xA; * By Administrative Gender of Patient Stratifier&#xA; */&#xA;define &quot;By Administrative Gender Stratifier&quot;:&#xA;    case &#xA;        when Patient.gender = 'male' then &quot;Males&quot;&#xA;        when Patient.gender = 'female' then &quot;Females&quot;&#xA;        else &quot;Other&quot;&#xA;    end"/>
        </extension>
        <extension url="displaySequence">
          <valueInteger value="0"/>
        </extension>
      </extension>
      <extension url="http://hl7.org/fhir/us/cqfmeasures/StructureDefinition/cqfm-logicDefinition">
        <extension url="libraryName">
          <valueString value="IMMZIND51"/>
        </extension>
        <extension url="name">
          <valueString value="Gender Stratifier"/>
        </extension>
        <extension url="statement">
          <valueString value="/*&#xA; * Disaggregator: Gender&#xA; */&#xA;define &quot;Gender Stratifier&quot;:&#xA;&#x9;IMMZIndCom.&quot;By Administrative Gender Stratifier&quot;"/>
        </extension>
        <extension url="displaySequence">
          <valueInteger value="1"/>
        </extension>
      </extension>
      <extension url="http://hl7.org/fhir/us/cqfmeasures/StructureDefinition/cqfm-logicDefinition">
        <extension url="libraryName">
          <valueString value="IMMZIndicatorCommon"/>
        </extension>
        <extension url="name">
          <valueString value="By Geographic Region Stratifier"/>
        </extension>
        <extension url="statement">
          <valueString value="/**&#xA; * By Administrative Gender of Patient Stratifier&#xA; */&#xA;define &quot;By Geographic Region Stratifier&quot;:&#xA;    First(Patient.address A where A.use in { 'home' }).state"/>
        </extension>
        <extension url="displaySequence">
          <valueInteger value="2"/>
        </extension>
      </extension>
      <extension url="http://hl7.org/fhir/us/cqfmeasures/StructureDefinition/cqfm-logicDefinition">
        <extension url="libraryName">
          <valueString value="IMMZIND51"/>
        </extension>
        <extension url="name">
          <valueString value="Geographic Region Stratifier"/>
        </extension>
        <extension url="statement">
          <valueString value="/*&#xA; * Disaggregator: Geographic Region&#xA; */&#xA;define &quot;Geographic Region Stratifier&quot;:&#xA;&#x9;IMMZIndCom.&quot;By Geographic Region Stratifier&quot;"/>
        </extension>
        <extension url="displaySequence">
          <valueInteger value="3"/>
        </extension>
      </extension>
      <extension url="http://hl7.org/fhir/us/cqfmeasures/StructureDefinition/cqfm-logicDefinition">
        <extension url="libraryName">
          <valueString value="IMMZCommon"/>
        </extension>
        <extension url="name">
          <valueString value="Doses Administered to Patient"/>
        </extension>
        <extension url="statement">
          <valueString value="/**&#xA; * @dataElement All Doses Administered to Patient to patient ordered newest to oldest&#xA; */&#xA;define &quot;Doses Administered to Patient&quot;:&#xA;  [Immunization] I&#xA;    where I.status = 'completed'&#xA;    sort by date from (occurrence as FHIR.dateTime) desc"/>
        </extension>
        <extension url="displaySequence">
          <valueInteger value="4"/>
        </extension>
      </extension>
      <extension url="http://hl7.org/fhir/us/cqfmeasures/StructureDefinition/cqfm-logicDefinition">
        <extension url="libraryName">
          <valueString value="IMMZCommon"/>
        </extension>
        <extension url="name">
          <valueString value="BCG Doses Administered to Patient"/>
        </extension>
        <extension url="statement">
          <valueString value="/**&#xA; * @dataElement BCG Doses Administered to Patient&#xA; */&#xA;define &quot;BCG Doses Administered to Patient&quot;:&#xA;  &quot;Doses Administered to Patient&quot; I &#xA;  where &#xA;    I.vaccineCode in IMMZc.&quot;BCG Vaccine&quot;"/>
        </extension>
        <extension url="displaySequence">
          <valueInteger value="5"/>
        </extension>
      </extension>
      <extension url="http://hl7.org/fhir/us/cqfmeasures/StructureDefinition/cqfm-logicDefinition">
        <extension url="libraryName">
          <valueString value="IMMZIND51"/>
        </extension>
        <extension url="name">
          <valueString value="Patient Should Complete BCG to MCV During Measurement Period"/>
        </extension>
        <extension url="statement">
          <valueString value="/**&#xA; * Patient should be completing DTP during measurement period&#xA; */&#xA;define &quot;Patient Should Complete BCG to MCV During Measurement Period&quot;:&#xA;&#x9;exists(&#xA;&#x9;&#x9;IMMZCom.&quot;BCG Doses Administered to Patient&quot; I &#xA;&#x9;&#x9;where &#xA;&#x9;&#x9;&#x9;I.occurrence before start of &quot;Measurement Period&quot;&#xA;&#x9;)&#xA;&#x9;and &#xA;&#x9;exists(&#xA;&#x9;&#x9;[ImmunizationRecommendation] IR &#xA;&#x9;&#x9;where &#xA;&#x9;&#x9;&#x9;exists(&#xA;&#x9;&#x9;&#x9;&#x9;IR.recommendation RC where&#xA;&#x9;&#x9;&#x9;&#x9;exists(RC.dateCriterion DC where date from DC.value during &quot;Measurement Period&quot;)&#xA;&#x9;&#x9;&#x9;&#x9;and RC.doseNumber = 1&#xA;&#x9;&#x9;&#x9;&#x9;and RC.vaccineCode in IMMZc.&quot;MCV Vaccine&quot;&#xA;&#x9;&#x9;)&#xA;&#x9;)"/>
        </extension>
        <extension url="displaySequence">
          <valueInteger value="6"/>
        </extension>
      </extension>
      <extension url="http://hl7.org/fhir/us/cqfmeasures/StructureDefinition/cqfm-logicDefinition">
        <extension url="libraryName">
          <valueString value="IMMZCommon"/>
        </extension>
        <extension url="name">
          <valueString value="MCV Doses Administered to Patient"/>
        </extension>
        <extension url="statement">
          <valueString value="/**&#xA; * @dataElement MCV containing Doses Administered to Patient&#xA; */&#xA;define &quot;MCV Doses Administered to Patient&quot;:&#xA;  &quot;Doses Administered to Patient&quot; I&#xA;  where&#xA;    I.vaccineCode in IMMZc.&quot;MCV Vaccine&quot;"/>
        </extension>
        <extension url="displaySequence">
          <valueInteger value="7"/>
        </extension>
      </extension>
      <extension url="http://hl7.org/fhir/us/cqfmeasures/StructureDefinition/cqfm-logicDefinition">
        <extension url="libraryName">
          <valueString value="IMMZIndicatorCommon"/>
        </extension>
        <extension url="name">
          <valueString value="MCV Doses Administered to Patient During Measurement Period"/>
        </extension>
        <extension url="statement">
          <valueString value="/**&#xA; * MCV Doses Administered to Patient&#xA; */&#xA;define &quot;MCV Doses Administered to Patient During Measurement Period&quot;:&#xA;    IMMZCom.&quot;MCV Doses Administered to Patient&quot; I &#xA;    where IMMZCom.ToDate(I.occurrence) during &quot;Measurement Period&quot;"/>
        </extension>
        <extension url="displaySequence">
          <valueInteger value="8"/>
        </extension>
      </extension>
      <extension url="http://hl7.org/fhir/us/cqfmeasures/StructureDefinition/cqfm-logicDefinition">
        <extension url="libraryName">
          <valueString value="IMMZIND51"/>
        </extension>
        <extension url="name">
          <valueString value="numerator"/>
        </extension>
        <extension url="statement">
          <valueString value="/*&#xA; * Numerator: Number of children who have received BCG (numerator) minus number of children who have not received MCV dose 1 and are past due (numerator exclusion) &#xA; * Numerator Computation: Numerator: COUNT immunization events WHERE administered product is BCG (IMMZ.A1.DE1) before reporting period and EXISTS immunization recommendation WHERE product is MCV (IMMZ.A1.DE9) AND dose sequence = 1 AND due date during reporting period.&#xA;Numerator Exclusion: COUNT immunization recommendations WHERE recommended product is BCG AND due date during reporting period AND NOT EXISTS Immunization event where administered product is MCV AND dose sequence = 3&#xA; */&#xA;define &quot;numerator&quot;:&#xA;&#x9;&quot;Patient Should Complete BCG to MCV During Measurement Period&quot;&#xA;&#x9;and not exists(IMMZIndCom.&quot;MCV Doses Administered to Patient During Measurement Period&quot; I where (singleton from I.protocolApplied).doseNumber = 1)"/>
        </extension>
        <extension url="displaySequence">
          <valueInteger value="9"/>
        </extension>
      </extension>
      <extension url="http://hl7.org/fhir/us/cqfmeasures/StructureDefinition/cqfm-logicDefinition">
        <extension url="libraryName">
          <valueString value="IMMZIND51"/>
        </extension>
        <extension url="name">
          <valueString value="denominator"/>
        </extension>
        <extension url="statement">
          <valueString value="/*&#xA; * Denominator: Number of children who have received BCG vaccine&#xA; * Denominator Computation: COUNT immunization events WHERE administered product is BCG AND EXISTS immunization recommendation WHERE product is MCV and dose sequence = 1 and due date during reporting period.&#xA; */&#xA;define &quot;denominator&quot;:&#xA;&#x9;&quot;Patient Should Complete BCG to MCV During Measurement Period&quot;"/>
        </extension>
        <extension url="displaySequence">
          <valueInteger value="10"/>
        </extension>
      </extension>
      <status value="active"/>
      <type>
        <coding>
          <system value="http://terminology.hl7.org/CodeSystem/library-type"/>
          <code value="module-definition"/>
        </coding>
      </type>
      <relatedArtifact>
        <type value="depends-on"/>
        <display value="Library IMMZIndCom"/>
        <resource value="http://fhir.org/guides/who/smart-immunization/Library/IMMZIndicatorCommon"/>
      </relatedArtifact>
      <relatedArtifact>
        <type value="depends-on"/>
        <display value="Library FHIRHelpers"/>
        <resource value="http://fhir.org/guides/who/smart-immunization/Library/FHIRHelpers|4.0.1"/>
      </relatedArtifact>
      <relatedArtifact>
        <type value="depends-on"/>
        <display value="Library IMMZCom"/>
        <resource value="http://fhir.org/guides/who/smart-immunization/Library/IMMZCommon"/>
      </relatedArtifact>
      <relatedArtifact>
        <type value="depends-on"/>
        <display value="Library IMMZc"/>
        <resource value="http://fhir.org/guides/who/smart-immunization/Library/IMMZConcepts"/>
      </relatedArtifact>
      <relatedArtifact>
        <type value="depends-on"/>
        <display value="Code system Administrative Gender Codes"/>
        <resource value="http://hl7.org/fhir/administrative-gender"/>
      </relatedArtifact>
      <relatedArtifact>
        <type value="depends-on"/>
        <display value="Value set BCG Vaccine"/>
        <resource value="http://fhir.org/guides/who/smart-immunization/ValueSet/IMMZ.A1.DE1"/>
      </relatedArtifact>
      <relatedArtifact>
        <type value="depends-on"/>
        <display value="Value set MCV Vaccine"/>
        <resource value="http://fhir.org/guides/who/smart-immunization/ValueSet/IMMZ.A1.DE9"/>
      </relatedArtifact>
      <parameter>
        <name value="Measurement Period"/>
        <use value="in"/>
        <min value="0"/>
        <max value="1"/>
        <type value="Period"/>
      </parameter>
      <parameter>
        <name value="Gender Stratifier"/>
        <use value="out"/>
        <min value="0"/>
        <max value="1"/>
        <type value="Coding"/>
      </parameter>
      <parameter>
        <name value="Geographic Region Stratifier"/>
        <use value="out"/>
        <min value="0"/>
        <max value="1"/>
        <type value="string"/>
      </parameter>
      <parameter>
        <name value="numerator"/>
        <use value="out"/>
        <min value="0"/>
        <max value="1"/>
        <type value="boolean"/>
      </parameter>
      <parameter>
        <name value="denominator"/>
        <use value="out"/>
        <min value="0"/>
        <max value="1"/>
        <type value="boolean"/>
      </parameter>
      <dataRequirement>
        <type value="Patient"/>
        <profile value="http://hl7.org/fhir/StructureDefinition/Patient"/>
        <mustSupport value="use"/>
      </dataRequirement>
      <dataRequirement>
        <type value="Immunization"/>
        <profile value="http://hl7.org/fhir/StructureDefinition/Immunization"/>
        <mustSupport value="status"/>
        <mustSupport value="vaccineCode"/>
        <mustSupport value="occurrence"/>
        <mustSupport value="protocolApplied"/>
        <mustSupport value="protocolApplied.doseNumber"/>
      </dataRequirement>
      <dataRequirement>
        <type value="ImmunizationRecommendation"/>
        <profile value="http://hl7.org/fhir/StructureDefinition/ImmunizationRecommendation"/>
        <mustSupport value="recommendation"/>
      </dataRequirement>
    </Library>
  </contained>
  <extension url="http://hl7.org/fhir/us/cqfmeasures/StructureDefinition/cqfm-softwaresystem">
    <valueReference>
      <reference value="Device/cqf-tooling"/>
    </valueReference>
  </extension>
  <extension id="effective-data-requirements" url="http://hl7.org/fhir/us/cqfmeasures/StructureDefinition/cqfm-effectiveDataRequirements">
    <valueReference>
      <reference value="#effective-data-requirements"/>
    </valueReference>
  </extension>
  <url value="http://fhir.org/guides/who/smart-immunization/Measure/IMMZIND51"/>
  <version value="0.1.0"/>
  <name value="IMMZIND51"/>
  <title value="IMMZ.IND.51 Dropout Rate of BCG to MCV1 (Individuals)"/>
  <status value="draft"/>
  <date value="2022-05-12T15:36:35.082-04:00"/>
  <publisher value="World Health Organization (WHO)"/>
  <description value="Indicates the number of individuals which received a BCG dose at birth (or early life) yet did not receive the first dose of a measles containing vaccine (MCV).&#xA;&#xA;This indicator works by counting the number of individuals who have received a BCG dose, who have not received a MCV1 dose (are past due for MCV1) with the children who have received BCG and MCV1 doses."/>
  <jurisdiction>
    <coding>
      <system value="http://unstats.un.org/unsd/methods/m49/m49.htm"/>
      <code value="001"/>
    </coding>
  </jurisdiction>
  <library value="http://fhir.org/guides/who/smart-immunization/Library/IMMZIND51"/>
  <scoring>
    <coding>
      <system value="http://terminology.hl7.org/CodeSystem/measure-scoring"/>
      <code value="proportion"/>
    </coding>
  </scoring>
  <type>
    <coding>
      <system value="http://terminology.hl7.org/CodeSystem/measure-type"/>
      <code value="process"/>
    </coding>
  </type>
  <improvementNotation>
    <coding>
      <system value="http://terminology.hl7.org/CodeSystem/measure-improvement-notation"/>
      <code value="increase"/>
    </coding>
  </improvementNotation>
  <group id="IMMZIND51">
    <population id="numerator">
      <code>
        <coding>
          <system value="http://terminology.hl7.org/CodeSystem/measure-population"/>
          <code value="numerator"/>
        </coding>
      </code>
      <description value="Number of children who have received BCG (numerator) minus number of children who have not received MCV dose 1 and are past due (numerator exclusion)"/>
      <criteria>
        <language value="text/cql"/>
        <expression value="numerator"/>
      </criteria>
    </population>
    <population id="denominator">
      <code>
        <coding>
          <system value="http://terminology.hl7.org/CodeSystem/measure-population"/>
          <code value="denominator"/>
        </coding>
      </code>
      <description value="Number of children who have received BCG vaccine"/>
      <criteria>
        <language value="text/cql"/>
        <expression value="denominator"/>
      </criteria>
    </population>
    <stratifier id="geographic-region-stratifier">
      <criteria>
        <language value="text/cql"/>
        <expression value="Geographic Region Stratifier"/>
      </criteria>
    </stratifier>
    <stratifier id="gender-stratifier">
      <criteria>
        <language value="text/cql"/>
        <expression value="Gender Stratifier"/>
      </criteria>
    </stratifier>
  </group>
</Measure>