<?xml version="1.0" encoding="UTF-8"?><Measure xmlns="http://hl7.org/fhir"><id value="IMMZIND40Measles"/><meta><profile value="http://hl7.org/fhir/us/cqfmeasures/StructureDefinition/proportion-measure-cqfm"/></meta><url value="http://smart.who.int/ig/smart-immunizations/Measure/IMMZIND40Measles"/><version value="0.1.0"/><name value="IMMZIND40Measles"/><title value="IMMZIND08Measles"/><status value="draft"/><experimental value="false"/><date value="2024-01-06"/><publisher value="World Health Organization (WHO)"/><contact><name value="World Health Organization (WHO)"/><telecom><system value="url"/><value value="https://www.who.int"/></telecom></contact><description value="IMMZ.IND.40 Dropout rate of MCV1 to MCV2."/><jurisdiction><coding><system value="http://unstats.un.org/unsd/methods/m49/m49.htm"/><code value="001"/></coding></jurisdiction><library value="http://smart.who.int/ig/smart-immunizations/Library/IMMZIND40Measles"/><scoring><coding><system value="http://terminology.hl7.org/CodeSystem/measure-scoring"/><code value="proportion"/><display value="Proportion"/></coding></scoring><group><extension url="http://hl7.org/fhir/us/cqfmeasures/StructureDefinition/cqfm-populationBasis"><valueCode value="boolean"/></extension><population id="IMMZ.IND.40.IP"><code><coding><system value="http://terminology.hl7.org/CodeSystem/measure-population"/><code value="initial-population"/><display value="Initial Population"/></coding></code><description value="Initial Population"/><criteria><language value="text/cql-identifier"/><expression value="Initial Population"/></criteria></population><population id="IMMZ.IND.40.D"><code><coding><system value="http://terminology.hl7.org/CodeSystem/measure-population"/><code value="denominator"/><display value="Denominator"/></coding></code><description value="Denominator"/><criteria><language value="text/cql-identifier"/><expression value="Denominator"/></criteria></population><population id="IMMZ.IND.40.N"><code><coding><system value="http://terminology.hl7.org/CodeSystem/measure-population"/><code value="numerator"/><display value="Numerator"/></coding></code><description value="Numerator"/><criteria><language value="text/cql-identifier"/><expression value="Numerator"/></criteria></population><stratifier id="IMMZ.IND.40.S1"><code><coding><system value="http://smart.who.int/ig/smart-immunizations/CodeSystem/IMMZ.I"/><code value="DE32"/><display value="By-Administrative Area"/></coding></code><criteria><language value="text/cql-identifier"/><expression value="Stratification 1"/></criteria></stratifier><stratifier id="IMMZ.IND.40.S2"><code><coding><system value="http://smart.who.int/ig/smart-immunizations/CodeSystem/IMMZ.I"/><code value="DE31"/><display value="By-Sex"/></coding></code><criteria><language value="text/cql-identifier"/><expression value="Stratification 2"/></criteria></stratifier><stratifier id="IMMZ.IND.40.S3"><code><coding><system value="http://smart.who.int/ig/smart-immunizations/CodeSystem/IMMZ.I"/><code value="DE33"/><display value="By-Age group"/></coding></code><criteria><language value="text/cql-identifier"/><expression value="Stratification 3"/></criteria></stratifier><stratifier id="IMMZ.IND.40.S4"><code><coding><system value="http://smart.who.int/ig/smart-immunizations/CodeSystem/IMMZ.I"/><code value="DE33"/><display value="By-Age group"/></coding></code><criteria><language value="text/cql-identifier"/><expression value="Stratification 4"/></criteria></stratifier></group></Measure>