<?xml version="1.0" encoding="UTF-8"?><PlanDefinition xmlns="http://hl7.org/fhir"><id value="IMMZD2DTDTPPregnancy4"/><meta><profile value="http://hl7.org/fhir/uv/cpg/StructureDefinition/cpg-recommendationdefinition"/></meta><extension url="http://hl7.org/fhir/uv/cpg/StructureDefinition/cpg-knowledgeCapability"><valueCode value="computable"/></extension><url value="http://smart.who.int/ig/smart-immunizations/PlanDefinition/IMMZD2DTDTPPregnancy4"/><version value="0.1.0"/><name value="IMMZD2DTDTPPregnancy4"/><title value="IMMZ.D2.DT.DTPPregnancy4"/><type><coding><system value="http://terminology.hl7.org/CodeSystem/plan-definition-type"/><code value="eca-rule"/></coding></type><status value="draft"/><experimental value="false"/><date value="2024-04-04T07:29:23+00:00"/><publisher value="World Health Organization (WHO)"/><contact><name value="World Health Organization (WHO)"/><telecom><system value="url"/><value value="https://www.who.int"/></telecom></contact><description value="Determine if the client is due for a DTP vaccination according to the national immunization schedule"/><jurisdiction><coding><system value="http://unstats.un.org/unsd/methods/m49/m49.htm"/><code value="001"/></coding></jurisdiction><library value="http://smart.who.int/ig/smart-immunizations/Library/IMMZD2DTDTPPregnancy4"/><action><title value="Determine if the client is due for Tetanus and Diphtheria"/><description value="Determine if the client is due for Tetanus and Diphtheria vaccination according to the national immunization protocol."/><condition><kind value="applicability"/><expression><description value="Client is due for tetanus and diphtheria booster dose"/><language value="text/cql-identifier"/><expression value="Client is due for tetanus and diphtheria booster dose"/></expression></condition><definitionCanonical value="http://smart.who.int/ig/smart-immunizations/ActivityDefinition/IMMZD2DTDTPMR"/><dynamicValue><path value="status"/><expression><language value="text/cql-expression"/><expression value="'draft'"/></expression></dynamicValue><dynamicValue><path value="intent"/><expression><language value="text/cql-expression"/><expression value="'proposal'"/></expression></dynamicValue></action><action><title value="Send Guidance for the patient regarding DTP series."/><description value="Send Guidance for the patient regarding DTP series."/><condition><kind value="applicability"/><expression><description value="Guidance"/><language value="text/cql-identifier"/><expression value="Guidance"/></expression></condition><definitionCanonical value="http://smart.who.int/ig/smart-immunizations/ActivityDefinition/IMMZD2DTCR"/><dynamicValue><path value="status"/><expression><language value="text/cql-expression"/><expression value="'active'"/></expression></dynamicValue><dynamicValue><path value="payload.contentAttachment.title"/><expression><language value="text/cql-identifier"/><expression value="Guidance"/></expression></dynamicValue><dynamicValue><path value="payload.contentAttachment.language"/><expression><language value="text/cql-expression"/><expression value="'en-US'"/></expression></dynamicValue><dynamicValue><path value="payload.contentAttachment.contentType"/><expression><language value="text/cql-expression"/><expression value="'text/plain'"/></expression></dynamicValue><dynamicValue><path value="category.coding"/><expression><description value="Category of communication"/><language value="text/cql-expression"/><expression value="Code { system: 'http://terminology.hl7.org/CodeSystem/communication-category', code: 'alert' }"/></expression></dynamicValue><dynamicValue><path value="priority"/><expression><description value="Alert priority"/><language value="text/cql-expression"/><expression value="Code { system: 'http://hl7.org/fhir/request-priority', code: 'routine' }"/></expression></dynamicValue></action></PlanDefinition>