<?xml version="1.0" encoding="UTF-8"?><StructureMap xmlns="http://hl7.org/fhir"><id value="IMMZD1PolioQRToResources"/><text><status value="generated"/><div xmlns="http://www.w3.org/1999/xhtml"><pre class="fml">
<b>map</b><span style="color: navy"> &quot;</span>http://smart.who.int/ig/smart-immunizations/StructureMap/IMMZD1PolioQRToResources<span style="color: navy">&quot; = &quot;</span>IMMZD1PolioQRToResources<span style="color: navy">&quot;

</span><span style="color: navy">// </span><span style="color: green">Polio Immunization Client History - Transform QuestionnaireResponse to resources</span>

<b>uses</b><span style="color: navy"> &quot;</span><a href="http://hl7.org/fhir/R4/questionnaireresponse.html" title="QuestionnaireResponse">http://hl7.org/fhir/StructureDefinition/QuestionnaireResponse</a><span style="color: navy">&quot; </span><b>alias </b>QResp <b>as </b><b>source</b>
<b>uses</b><span style="color: navy"> &quot;</span><a href="StructureDefinition-IMMZD1ClientHistoryPolio.html" title="IMMZ.D1 Capture Client History for Polio">http://smart.who.int/ig/smart-immunizations/StructureDefinition/IMMZD1ClientHistoryPolio</a><span style="color: navy">&quot; </span><b>alias </b>IMMZD1 <b>as </b><b>source</b>
<b>uses</b><span style="color: navy"> &quot;</span><a href="http://hl7.org/fhir/R4/bundle.html" title="Bundle">http://hl7.org/fhir/StructureDefinition/Bundle</a><span style="color: navy">&quot; </span><b>alias </b>Bundle <b>as </b><b>target</b>

<b>imports</b><span style="color: navy"> &quot;</span><a href="StructureMap-IMMZD1PolioQRToLM.html" title="IMMZD1PolioQRToLM">http://smart.who.int/ig/smart-immunizations/StructureMap/IMMZD1PolioQRToLM</a><span style="color: navy">&quot;
</span><b>imports</b><span style="color: navy"> &quot;</span><a href="StructureMap-IMMZD1PolioLMToResources.html" title="IMMZD1PolioLMToResources">http://smart.who.int/ig/smart-immunizations/StructureMap/IMMZD1PolioLMToResources</a><span style="color: navy">&quot;
</span>
<b>group </b>QRespToBundle<span style="color: navy">(</span><b>source</b> <span style="color: maroon">qr</span><span style="color: navy"> : </span>QResp, <b>target</b> <span style="color: maroon">bundle</span><span style="color: navy"> : </span>Bundle<span style="color: navy">)</span><span style="color: navy"> {
</span>  qr<span style="color: navy"><b> -&gt; </b></span><b>create</b><span style="color: navy">(</span><span style="color: blue">'http://smart.who.int/ig/smart-immunizations/StructureDefinition/IMMZD1ClientHistoryPolio'</span><span style="color: navy">)</span><b> as </b><span style="color: maroon">model</span><b> then</b><span style="color: navy"> {
</span>    qr<span style="color: navy"><b> -&gt; </b></span>model<b> then </b>PolioQRespToIMMZD1<span style="color: navy">(</span><span style="color: maroon">qr</span><span style="color: navy">, </span><span style="color: maroon">model</span><span style="color: navy">)</span> <i>&quot;QRtoLM&quot;</i><span style="color: navy">;</span>
    qr<span style="color: navy"><b> -&gt; </b></span>bundle<b> then </b>PolioIMMZD1ToBundle<span style="color: navy">(</span><span style="color: maroon">model</span><span style="color: navy">, </span><span style="color: maroon">bundle</span><span style="color: navy">)</span> <i>&quot;LMtoBundle&quot;</i><span style="color: navy">;</span>
  <span style="color: navy">}</span> <i>&quot;QRtoBundle&quot;</i><span style="color: navy">;</span>
<span style="color: navy">}

</span></pre></div></text><url value="http://smart.who.int/ig/smart-immunizations/StructureMap/IMMZD1PolioQRToResources"/><version value="0.1.0"/><name value="IMMZD1PolioQRToResources"/><status value="draft"/><date value="2024-04-04T07:29:23+00:00"/><publisher value="World Health Organization (WHO)"/><contact><name value="World Health Organization (WHO)"/><telecom><system value="url"/><value value="https://www.who.int"/></telecom></contact><description value="Polio Immunization Client History - Transform QuestionnaireResponse to resources"/><jurisdiction><coding><system value="http://unstats.un.org/unsd/methods/m49/m49.htm"/><code value="001"/></coding></jurisdiction><structure><url value="http://hl7.org/fhir/StructureDefinition/QuestionnaireResponse"/><mode value="source"/><alias value="QResp"/></structure><structure><url value="http://smart.who.int/ig/smart-immunizations/StructureDefinition/IMMZD1ClientHistoryPolio"/><mode value="source"/><alias value="IMMZD1"/></structure><structure><url value="http://hl7.org/fhir/StructureDefinition/Bundle"/><mode value="target"/><alias value="Bundle"/></structure><import value="http://smart.who.int/ig/smart-immunizations/StructureMap/IMMZD1PolioQRToLM"/><import value="http://smart.who.int/ig/smart-immunizations/StructureMap/IMMZD1PolioLMToResources"/><group><name value="QRespToBundle"/><typeMode value="none"/><input><name value="qr"/><type value="QResp"/><mode value="source"/></input><input><name value="bundle"/><type value="Bundle"/><mode value="target"/></input><rule><name value="QRtoBundle"/><source><context value="qr"/></source><target><contextType value="variable"/><variable value="model"/><transform value="create"/><parameter><valueString value="http://smart.who.int/ig/smart-immunizations/StructureDefinition/IMMZD1ClientHistoryPolio"/></parameter></target><rule><name value="QRtoLM"/><source><context value="qr"/></source><target><context value="model"/><contextType value="variable"/></target><dependent><name value="PolioQRespToIMMZD1"/><variable value="qr"/><variable value="model"/></dependent></rule><rule><name value="LMtoBundle"/><source><context value="qr"/></source><target><context value="bundle"/><contextType value="variable"/></target><dependent><name value="PolioIMMZD1ToBundle"/><variable value="model"/><variable value="bundle"/></dependent></rule></rule></group></StructureMap>