{"resourceType":"ValueSet","id":"IMMZ.Z.DE15","text":{"status":"generated","div":"<div xmlns=\"http://www.w3.org/1999/xhtml\"><p class=\"res-header-id\"><b>Generated Narrative: ValueSet IMMZ.Z.DE15</b></p><a name=\"IMMZ.Z.DE15\"> </a><a name=\"hcIMMZ.Z.DE15\"> </a><p>This value set expansion contains 7 concepts.</p><table class=\"codes\"><tr><td style=\"white-space:nowrap\"><b>Code</b></td><td><b>System</b></td><td><b>Display</b></td><td><b>Definition</b></td></tr><tr><td style=\"white-space:nowrap\"><a name=\"IMMZ.Z.DE15-http://smart.who.int/immunizations/CodeSystem/IMMZ.Z-DE15\"> </a>\u00a0\u00a0<a href=\"CodeSystem-IMMZ.Z.html#IMMZ.Z-DE15\">DE15</a></td><td>http://smart.who.int/immunizations/CodeSystem/IMMZ.Z</td><td>Rabies vaccines</td><td>Vaccine terminology codes for rabies</td></tr><tr><td style=\"white-space:nowrap\"><a name=\"IMMZ.Z.DE15-http://id.who.int/icd/release/11/mms-XM6T09\"> </a>\u00a0\u00a0XM6T09</td><td>http://id.who.int/icd/release/11/mms</td><td>Rabies vaccine</td><td/></tr><tr><td style=\"white-space:nowrap\"><a name=\"IMMZ.Z.DE15-http://snomed.info/sct-836393002\"> </a>\u00a0\u00a0<a href=\"http://snomed.info/id/836393002\">836393002</a></td><td>http://snomed.info/sct</td><td>Rabies lyssavirus antigen-containing vaccine product</td><td/></tr><tr><td style=\"white-space:nowrap\"><a name=\"IMMZ.Z.DE15-http://www.whocc.no/atc-J07BG\"> </a>\u00a0\u00a0J07BG</td><td>http://www.whocc.no/atc</td><td>Rabies vaccines</td><td/></tr><tr><td style=\"white-space:nowrap\"><a name=\"IMMZ.Z.DE15-http://id.who.int/icd/release/11/mms-XM7BE8\"> </a>\u00a0\u00a0XM7BE8</td><td>http://id.who.int/icd/release/11/mms</td><td>Rabies, inactivated, whole virus</td><td/></tr><tr><td style=\"white-space:nowrap\"><a name=\"IMMZ.Z.DE15-http://snomed.info/sct-1131000221109\"> </a>\u00a0\u00a0<a href=\"http://snomed.info/id/1131000221109\">1131000221109</a></td><td>http://snomed.info/sct</td><td>Vaccine product containing only inactivated whole Rabies lyssavirus antigen</td><td/></tr><tr><td style=\"white-space:nowrap\"><a name=\"IMMZ.Z.DE15-http://www.whocc.no/atc-J07BG01\"> </a>\u00a0\u00a0J07BG01</td><td>http://www.whocc.no/atc</td><td>Rabies, inactivated, whole virus</td><td/></tr></table></div>"},"url":"http://smart.who.int/immunizations/ValueSet/IMMZ.Z.DE15","version":"0.2.0","name":"IMMZ_Z_DE15","title":"IMMZ.Z.DE15 ValueSet for Rabies vaccines","status":"active","date":"2025-07-02T07:24:46+00:00","publisher":"WHO","contact":[{"name":"WHO","telecom":[{"system":"url","value":"http://who.int"}]}],"description":"ValueSet for Rabies vaccines for IMMZ.Z.DE15","compose":{"include":[{"system":"http://smart.who.int/immunizations/CodeSystem/IMMZ.Z","concept":[{"code":"DE15","display":"Rabies vaccines"}]},{"system":"http://id.who.int/icd/release/11/mms","concept":[{"code":"XM6T09","display":"Rabies vaccine"},{"code":"XM7BE8","display":"Rabies, inactivated, whole virus"}]},{"system":"http://snomed.info/sct","concept":[{"code":"836393002","display":"Rabies lyssavirus antigen-containing vaccine product"},{"code":"1131000221109","display":"Vaccine product containing only inactivated whole Rabies lyssavirus antigen"}]},{"system":"http://www.whocc.no/atc","concept":[{"code":"J07BG","display":"Rabies vaccines"},{"code":"J07BG01","display":"Rabies, inactivated, whole virus"}]}]},"expansion":{"timestamp":"2025-06-25T16:39:07.092Z","contains":[{"system":"http://smart.who.int/immunizations/CodeSystem/IMMZ.Z","code":"DE15","display":"Rabies vaccines"},{"system":"http://id.who.int/icd/release/11/mms","code":"XM6T09","display":"Rabies vaccine"},{"system":"http://snomed.info/sct","code":"836393002","display":"Rabies lyssavirus antigen-containing vaccine product"},{"system":"http://www.whocc.no/atc","code":"J07BG","display":"Rabies vaccines"},{"system":"http://id.who.int/icd/release/11/mms","code":"XM7BE8","display":"Rabies, inactivated, whole virus"},{"system":"http://snomed.info/sct","code":"1131000221109","display":"Vaccine product containing only inactivated whole Rabies lyssavirus antigen"},{"system":"http://www.whocc.no/atc","code":"J07BG01","display":"Rabies, inactivated, whole virus"}]}}