{"resourceType":"ValueSet","id":"IMMZ.Z.DE7","text":{"status":"generated","div":"<div xmlns=\"http://www.w3.org/1999/xhtml\"><p class=\"res-header-id\"><b>Generated Narrative: ValueSet IMMZ.Z.DE7</b></p><a name=\"IMMZ.Z.DE7\"> </a><a name=\"hcIMMZ.Z.DE7\"> </a><p>This value set expansion contains 10 concepts.</p><table class=\"codes\"><tr><td style=\"white-space:nowrap\"><b>Code</b></td><td><b>System</b></td><td><b>Display</b></td><td><b>Definition</b></td></tr><tr><td style=\"white-space:nowrap\"><a name=\"IMMZ.Z.DE7-http://smart.who.int/immunizations/CodeSystem/IMMZ.Z-DE7\"> </a>\u00a0\u00a0<a href=\"CodeSystem-IMMZ.Z.html#IMMZ.Z-DE7\">DE7</a></td><td>http://smart.who.int/immunizations/CodeSystem/IMMZ.Z</td><td>HPV vaccines</td><td>Vaccine terminology codes for human papillomavirus (HPV)</td></tr><tr><td style=\"white-space:nowrap\"><a name=\"IMMZ.Z.DE7-http://id.who.int/icd/release/11/mms-XM9QP0\"> </a>\u00a0\u00a0XM9QP0</td><td>http://id.who.int/icd/release/11/mms</td><td>Papillomavirus vaccine</td><td/></tr><tr><td style=\"white-space:nowrap\"><a name=\"IMMZ.Z.DE7-http://snomed.info/sct-836379009\"> </a>\u00a0\u00a0<a href=\"http://snomed.info/id/836379009\">836379009</a></td><td>http://snomed.info/sct</td><td>Human papillomavirus antigen-containing vaccine product</td><td/></tr><tr><td style=\"white-space:nowrap\"><a name=\"IMMZ.Z.DE7-http://www.whocc.no/atc-J07BM\"> </a>\u00a0\u00a0J07BM</td><td>http://www.whocc.no/atc</td><td>Papillomavirus vaccines</td><td/></tr><tr><td style=\"white-space:nowrap\"><a name=\"IMMZ.Z.DE7-http://id.who.int/icd/release/11/mms-XM1821\"> </a>\u00a0\u00a0XM1821</td><td>http://id.who.int/icd/release/11/mms</td><td>Papillomavirus (human types 6,11,16,18)</td><td/></tr><tr><td style=\"white-space:nowrap\"><a name=\"IMMZ.Z.DE7-http://www.whocc.no/atc-J07BM01\"> </a>\u00a0\u00a0J07BM01</td><td>http://www.whocc.no/atc</td><td>Papillomavirus (human types 6, 11, 16, 18)</td><td/></tr><tr><td style=\"white-space:nowrap\"><a name=\"IMMZ.Z.DE7-http://id.who.int/icd/release/11/mms-XM9BT4\"> </a>\u00a0\u00a0XM9BT4</td><td>http://id.who.int/icd/release/11/mms</td><td>Papillomavirus (human types 16,18)</td><td/></tr><tr><td style=\"white-space:nowrap\"><a name=\"IMMZ.Z.DE7-http://www.whocc.no/atc-J07BM02\"> </a>\u00a0\u00a0J07BM02</td><td>http://www.whocc.no/atc</td><td>Papillomavirus (human types 16, 18)</td><td/></tr><tr><td style=\"white-space:nowrap\"><a name=\"IMMZ.Z.DE7-http://id.who.int/icd/release/11/mms-XM5CE9\"> </a>\u00a0\u00a0XM5CE9</td><td>http://id.who.int/icd/release/11/mms</td><td>Papillomavirus (human types 6,11,16,18,31,33,45,52,58)</td><td/></tr><tr><td style=\"white-space:nowrap\"><a name=\"IMMZ.Z.DE7-http://www.whocc.no/atc-J07BM03\"> </a>\u00a0\u00a0J07BM03</td><td>http://www.whocc.no/atc</td><td>Papillomavirus (human types 6, 11, 16, 18, 31, 33, 45, 52, 58)</td><td/></tr></table></div>"},"url":"http://smart.who.int/immunizations/ValueSet/IMMZ.Z.DE7","version":"0.2.0","name":"IMMZ_Z_DE7","title":"IMMZ.Z.DE7 ValueSet for HPV vaccines","status":"active","date":"2025-07-02T07:24:46+00:00","publisher":"WHO","contact":[{"name":"WHO","telecom":[{"system":"url","value":"http://who.int"}]}],"description":"ValueSet for HPV vaccines for IMMZ.Z.DE7","compose":{"include":[{"system":"http://smart.who.int/immunizations/CodeSystem/IMMZ.Z","concept":[{"code":"DE7","display":"HPV vaccines"}]},{"system":"http://id.who.int/icd/release/11/mms","concept":[{"code":"XM9QP0","display":"Papillomavirus vaccine"},{"code":"XM1821","display":"Papillomavirus (human types 6,11,16,18)"},{"code":"XM9BT4","display":"Papillomavirus (human types 16,18)"},{"code":"XM5CE9","display":"Papillomavirus (human types 6,11,16,18,31,33,45,52,58)"}]},{"system":"http://snomed.info/sct","concept":[{"code":"836379009","display":"Human papillomavirus antigen-containing vaccine product"}]},{"system":"http://www.whocc.no/atc","concept":[{"code":"J07BM","display":"Papillomavirus vaccines"},{"code":"J07BM01","display":"Papillomavirus (human types 6, 11, 16, 18)"},{"code":"J07BM02","display":"Papillomavirus (human types 16, 18)"},{"code":"J07BM03","display":"Papillomavirus (human types 6, 11, 16, 18, 31, 33, 45, 52, 58)"}]}]},"expansion":{"timestamp":"2025-06-25T16:39:07.092Z","contains":[{"system":"http://smart.who.int/immunizations/CodeSystem/IMMZ.Z","code":"DE7","display":"HPV vaccines"},{"system":"http://id.who.int/icd/release/11/mms","code":"XM9QP0","display":"Papillomavirus vaccine"},{"system":"http://snomed.info/sct","code":"836379009","display":"Human papillomavirus antigen-containing vaccine product"},{"system":"http://www.whocc.no/atc","code":"J07BM","display":"Papillomavirus vaccines"},{"system":"http://id.who.int/icd/release/11/mms","code":"XM1821","display":"Papillomavirus (human types 6,11,16,18)"},{"system":"http://www.whocc.no/atc","code":"J07BM01","display":"Papillomavirus (human types 6, 11, 16, 18)"},{"system":"http://id.who.int/icd/release/11/mms","code":"XM9BT4","display":"Papillomavirus (human types 16,18)"},{"system":"http://www.whocc.no/atc","code":"J07BM02","display":"Papillomavirus (human types 16, 18)"},{"system":"http://id.who.int/icd/release/11/mms","code":"XM5CE9","display":"Papillomavirus (human types 6,11,16,18,31,33,45,52,58)"},{"system":"http://www.whocc.no/atc","code":"J07BM03","display":"Papillomavirus (human types 6, 11, 16, 18, 31, 33, 45, 52, 58)"}]}}