{"resourceType":"ValueSet","id":"IMMZ.D2.DT.HepatitisA.LHAV1","text":{"status":"generated","div":"<div xmlns=\"http://www.w3.org/1999/xhtml\"><p class=\"res-header-id\"><b>Generated Narrative: ValueSet IMMZ.D2.DT.HepatitisA.LHAV1</b></p><a name=\"IMMZ.D2.DT.HepatitisA.LHAV1\"> </a><a name=\"hcIMMZ.D2.DT.HepatitisA.LHAV1\"> </a><p>This value set expansion contains 9 concepts.</p><table class=\"codes\"><tr><td style=\"white-space:nowrap\"><b>Code</b></td><td><b>System</b></td><td><b>Display</b></td><td><b>Definition</b></td></tr><tr><td style=\"white-space:nowrap\"><a name=\"IMMZ.D2.DT.HepatitisA.LHAV1-http://smart.who.int/immunizations/CodeSystem/IMMZ.D2.DT.Inputs-nhapsdwa-51.139\"> </a>\u00a0\u00a0<a href=\"CodeSystem-IMMZ.D2.DT.Inputs.html#IMMZ.D2.DT.Inputs-nhapsdwa-51.46139\">nhapsdwa-51.139</a></td><td>http://smart.who.int/immunizations/CodeSystem/IMMZ.D2.DT.Inputs</td><td>No hepatitis A primary series dose was administered</td><td>Count of vaccines administered (where &quot;Vaccine type&quot; = &quot;Hepatitis A-containing vaccines&quot; and &quot;Type of dose&quot; = &quot;Primary series&quot;) = 0</td></tr><tr><td style=\"white-space:nowrap\"><a name=\"IMMZ.D2.DT.HepatitisA.LHAV1-http://smart.who.int/immunizations/CodeSystem/IMMZ.D2.DT.Inputs-csailt18m-35.44\"> </a>\u00a0\u00a0<a href=\"CodeSystem-IMMZ.D2.DT.Inputs.html#IMMZ.D2.DT.Inputs-csailt18m-35.4644\">csailt18m-35.44</a></td><td>http://smart.who.int/immunizations/CodeSystem/IMMZ.D2.DT.Inputs</td><td>Client's age is less than 18 months</td><td>Today's date − &quot;Date of birth&quot; &lt; 18 months</td></tr><tr><td style=\"white-space:nowrap\"><a name=\"IMMZ.D2.DT.HepatitisA.LHAV1-http://smart.who.int/immunizations/CodeSystem/IMMZ.D2.DT.Inputs-csaimtoet18m-47.44\"> </a>\u00a0\u00a0<a href=\"CodeSystem-IMMZ.D2.DT.Inputs.html#IMMZ.D2.DT.Inputs-csaimtoet18m-47.4644\">csaimtoet18m-47.44</a></td><td>http://smart.who.int/immunizations/CodeSystem/IMMZ.D2.DT.Inputs</td><td>Client's age is more than or equal to 18 months</td><td>Today's date − &quot;Date of birth&quot; ≥ 18 months</td></tr><tr><td style=\"white-space:nowrap\"><a name=\"IMMZ.D2.DT.HepatitisA.LHAV1-http://smart.who.int/immunizations/CodeSystem/IMMZ.D2.DT.Inputs-lvwaitl4w-49.96\"> </a>\u00a0\u00a0<a href=\"CodeSystem-IMMZ.D2.DT.Inputs.html#IMMZ.D2.DT.Inputs-lvwaitl4w-49.4696\">lvwaitl4w-49.96</a></td><td>http://smart.who.int/immunizations/CodeSystem/IMMZ.D2.DT.Inputs</td><td>Live vaccine was administered in the last 4 weeks</td><td>Today's date − latest &quot;Date and time of vaccination&quot; (where &quot;Live vaccine&quot; = TRUE) &lt; 4 weekS</td></tr><tr><td style=\"white-space:nowrap\"><a name=\"IMMZ.D2.DT.HepatitisA.LHAV1-http://smart.who.int/immunizations/CodeSystem/IMMZ.D2.DT.Inputs-nlvwaitl4w-52.96\"> </a>\u00a0\u00a0<a href=\"CodeSystem-IMMZ.D2.DT.Inputs.html#IMMZ.D2.DT.Inputs-nlvwaitl4w-52.4696\">nlvwaitl4w-52.96</a></td><td>http://smart.who.int/immunizations/CodeSystem/IMMZ.D2.DT.Inputs</td><td>No live vaccine was administered in the last 4 weeks</td><td>Today's date − latest &quot;Date and time of vaccination&quot; (where &quot;Live vaccine&quot; = TRUE) ≥ 4 weeks</td></tr><tr><td style=\"white-space:nowrap\"><a name=\"IMMZ.D2.DT.HepatitisA.LHAV1-http://smart.who.int/immunizations/CodeSystem/IMMZ.D2.DT.Inputs-ohapsdwa-52.139\"> </a>\u00a0\u00a0<a href=\"CodeSystem-IMMZ.D2.DT.Inputs.html#IMMZ.D2.DT.Inputs-ohapsdwa-52.46139\">ohapsdwa-52.139</a></td><td>http://smart.who.int/immunizations/CodeSystem/IMMZ.D2.DT.Inputs</td><td>One Hepatitis A primary series dose was administered</td><td>Count of vaccines administered (where &quot;Vaccine type&quot; = &quot;Hepatitis A-containing vaccines&quot; and &quot;Type of dose&quot; = &quot;Primary series&quot;) = 1</td></tr><tr><td style=\"white-space:nowrap\"><a name=\"IMMZ.D2.DT.HepatitisA.LHAV1-http://smart.who.int/immunizations/CodeSystem/IMMZ.D2.DT.Outputs-cindfhav-45.52\"> </a>\u00a0\u00a0<a href=\"CodeSystem-IMMZ.D2.DT.Outputs.html#IMMZ.D2.DT.Outputs-cindfhav-45.4652\">cindfhav-45.52</a></td><td>http://smart.who.int/immunizations/CodeSystem/IMMZ.D2.DT.Outputs</td><td>Client is not due for Hepatitis A vaccination</td><td>&quot;Immunization recommendation status&quot; = &quot;Not due&quot;</td></tr><tr><td style=\"white-space:nowrap\"><a name=\"IMMZ.D2.DT.HepatitisA.LHAV1-http://smart.who.int/immunizations/CodeSystem/IMMZ.D2.DT.Outputs-cidfhav-41.48\"> </a>\u00a0\u00a0<a href=\"CodeSystem-IMMZ.D2.DT.Outputs.html#IMMZ.D2.DT.Outputs-cidfhav-41.4648\">cidfhav-41.48</a></td><td>http://smart.who.int/immunizations/CodeSystem/IMMZ.D2.DT.Outputs</td><td>Client is due for Hepatitis A vaccination</td><td>&quot;Immunization recommendation status&quot; = &quot;Due&quot;</td></tr><tr><td style=\"white-space:nowrap\"><a name=\"IMMZ.D2.DT.HepatitisA.LHAV1-http://smart.who.int/immunizations/CodeSystem/IMMZ.D2.DT.Outputs-haisic-45.53\"> </a>\u00a0\u00a0<a href=\"CodeSystem-IMMZ.D2.DT.Outputs.html#IMMZ.D2.DT.Outputs-haisic-45.4653\">haisic-45.53</a></td><td>http://smart.who.int/immunizations/CodeSystem/IMMZ.D2.DT.Outputs</td><td>Hepatitis A immunization schedule is complete</td><td>&quot;Immunization recommendation status&quot; = &quot;Complete&quot;</td></tr></table></div>"},"url":"http://smart.who.int/immunizations/ValueSet/IMMZ.D2.DT.HepatitisA.LHAV1","version":"0.2.0","name":"IMMZ_D2_DT_Hepatitis_A_Live_attenuated_HAV_1_dose","title":"IMMZ.D2.DT.HepatitisA.LHAV1 ValueSet for Decision Table","status":"active","date":"2025-07-02T07:24:46+00:00","publisher":"WHO","contact":[{"name":"WHO","telecom":[{"system":"url","value":"http://who.int"}]}],"description":"ValueSet IMMZ.D2.DT.HepatitisA.LHAV1 for IMMZ.D2.DT.Hepatitis A.Live attenuated HAV 1 dose.\nBusiness rule: Determine if the client is due for a hepatitis A vaccination according to the national immunization schedule\nTrigger: IMMZ.D2 Determine required vaccination(s) if any  \nTable: Live attenuated hepatitis A virus (HAV), 1 dose schedule","compose":{"include":[{"system":"http://smart.who.int/immunizations/CodeSystem/IMMZ.D2.DT.Inputs","concept":[{"code":"nhapsdwa-51.139","display":"No hepatitis A primary series dose was administered"},{"code":"csailt18m-35.44","display":"Client's age is less than 18 months"},{"code":"csaimtoet18m-47.44","display":"Client's age is more than or equal to 18 months"},{"code":"lvwaitl4w-49.96","display":"Live vaccine was administered in the last 4 weeks"},{"code":"nlvwaitl4w-52.96","display":"No live vaccine was administered in the last 4 weeks"},{"code":"ohapsdwa-52.139","display":"One Hepatitis A primary series dose was administered"}]},{"system":"http://smart.who.int/immunizations/CodeSystem/IMMZ.D2.DT.Outputs","concept":[{"code":"cindfhav-45.52","display":"Client is not due for Hepatitis A vaccination"},{"code":"cidfhav-41.48","display":"Client is due for Hepatitis A vaccination"},{"code":"haisic-45.53","display":"Hepatitis A immunization schedule is complete"}]}]},"expansion":{"timestamp":"2025-06-25T16:39:07.092Z","contains":[{"system":"http://smart.who.int/immunizations/CodeSystem/IMMZ.D2.DT.Inputs","code":"nhapsdwa-51.139","display":"No hepatitis A primary series dose was administered"},{"system":"http://smart.who.int/immunizations/CodeSystem/IMMZ.D2.DT.Inputs","code":"csailt18m-35.44","display":"Client's age is less than 18 months"},{"system":"http://smart.who.int/immunizations/CodeSystem/IMMZ.D2.DT.Inputs","code":"csaimtoet18m-47.44","display":"Client's age is more than or equal to 18 months"},{"system":"http://smart.who.int/immunizations/CodeSystem/IMMZ.D2.DT.Inputs","code":"lvwaitl4w-49.96","display":"Live vaccine was administered in the last 4 weeks"},{"system":"http://smart.who.int/immunizations/CodeSystem/IMMZ.D2.DT.Inputs","code":"nlvwaitl4w-52.96","display":"No live vaccine was administered in the last 4 weeks"},{"system":"http://smart.who.int/immunizations/CodeSystem/IMMZ.D2.DT.Inputs","code":"ohapsdwa-52.139","display":"One Hepatitis A primary series dose was administered"},{"system":"http://smart.who.int/immunizations/CodeSystem/IMMZ.D2.DT.Outputs","code":"cindfhav-45.52","display":"Client is not due for Hepatitis A vaccination"},{"system":"http://smart.who.int/immunizations/CodeSystem/IMMZ.D2.DT.Outputs","code":"cidfhav-41.48","display":"Client is due for Hepatitis A vaccination"},{"system":"http://smart.who.int/immunizations/CodeSystem/IMMZ.D2.DT.Outputs","code":"haisic-45.53","display":"Hepatitis A immunization schedule is complete"}]}}