<?xml version="1.0" encoding="UTF-8"?><PlanDefinition xmlns="http://hl7.org/fhir"><id value="IMMZD18SPneumococcal3Doses"/><meta><profile value="http://hl7.org/fhir/uv/cpg/StructureDefinition/cpg-recommendationdefinition"/><profile value="http://hl7.org/fhir/uv/crmi/StructureDefinition/crmi-shareableplandefinition"/><profile value="http://hl7.org/fhir/uv/crmi/StructureDefinition/crmi-publishableplandefinition"/></meta><extension url="http://hl7.org/fhir/uv/cpg/StructureDefinition/cpg-knowledgeCapability"><valueCode value="computable"/></extension><url value="http://smart.who.int/immunizations/PlanDefinition/IMMZD18SPneumococcal3Doses"/><version value="0.2.0"/><name value="IMMZD18SPneumococcal3Doses"/><title value="IMMZ.D18.S.Pneumococcal.3 doses schedule"/><type><coding><system value="http://terminology.hl7.org/CodeSystem/plan-definition-type"/><code value="eca-rule"/></coding></type><status value="draft"/><experimental value="false"/><date value="2025-11-25T19:41:02+00:00"/><publisher value="WHO"/><contact><name value="WHO"/><telecom><system value="url"/><value value="http://who.int"/></telecom></contact><description value="IMMZ.D18.S.Pneumococcal.3 doses schedule&#xA;3 primary doses (3p+0) schedule"/><relatedArtifact><type value="citation"/><citation value="WHO recommendations for routine immunization - summary tables (January 2025)"/></relatedArtifact><library value="http://smart.who.int/immunizations/Library/IMMZD18SPneumococcal3DosesLogic"/><action><title value="Pneumococcal dose 1"/><description value="Provision of the pneumococcal dose 1&#xA;Trigger event: Child's birth&#xA;Trigger pseudo: &#xA;Trigger date: &quot;Date of birth&quot;&#xA;Create condition: Pneumococcal dose 1 should be provided if the client is older than 6 weeks"/><condition><kind value="applicability"/><expression><description value="Pneumococcal dose 1"/><language value="text/cql-identifier"/><expression value="Pneumococcal dose 1"/></expression></condition><definitionCanonical value="http://smart.who.int/immunizations/ActivityDefinition/IMMZD2DTCR"/><dynamicValue><path value="status"/><expression><language value="text/cql-expression"/><expression value="'active'"/></expression></dynamicValue><dynamicValue><path value="payload.contentString"/><expression><language value="text/cql-identifier"/><expression value="Pneumococcal dose 1 Create"/></expression></dynamicValue><dynamicValue><path value="category.coding"/><expression><description value="Category of communication"/><language value="text/cql-expression"/><expression value="Code { system: 'http://terminology.hl7.org/CodeSystem/communication-category', code: 'alert' }"/></expression></dynamicValue><dynamicValue><path value="priority"/><expression><description value="Alert priority"/><language value="text/cql-expression"/><expression value="Code { system: 'http://hl7.org/fhir/request-priority', code: 'routine' }"/></expression></dynamicValue></action><action><title value="Pneumococcal dose 2, first within 24m"/><description value="Provision of the pneumococcal dose 2&#xA;Trigger event: First pneumococcal dose from the primary series was administered to client, who is less than or equal to 5 years of age, within 24 months post birth&#xA;Trigger pseudo: Today's date − &quot;Date of birth&quot; ≤ 5 years AND Count of vaccines administered (where &quot;Vaccine type&quot; = &quot;Pneumococcal vaccines&quot; and &quot;Type of dose&quot; = &quot;Primary series&quot;) = 1 AND &quot;Date and time of vaccination&quot; (where &quot;Vaccine type&quot; = &quot;Pneumococcal vaccines&quot;) − &quot;Date of birth&quot; &lt; 24 months&#xA;Trigger date: Latest &quot;Date and time of vaccination&quot; (where &quot;Vaccine type&quot; = &quot;Pneumococcal vaccines&quot;)&#xA;Create condition: Pneumococcal dose 2 should be provided if the client was given the previous dose more than 4 weeks ago"/><condition><kind value="applicability"/><expression><description value="Pneumococcal dose 2, first within 24m"/><language value="text/cql-identifier"/><expression value="Pneumococcal dose 2, first within 24m"/></expression></condition><definitionCanonical value="http://smart.who.int/immunizations/ActivityDefinition/IMMZD2DTCR"/><dynamicValue><path value="status"/><expression><language value="text/cql-expression"/><expression value="'active'"/></expression></dynamicValue><dynamicValue><path value="payload.contentString"/><expression><language value="text/cql-identifier"/><expression value="Pneumococcal dose 2, first within 24m Create"/></expression></dynamicValue><dynamicValue><path value="category.coding"/><expression><description value="Category of communication"/><language value="text/cql-expression"/><expression value="Code { system: 'http://terminology.hl7.org/CodeSystem/communication-category', code: 'alert' }"/></expression></dynamicValue><dynamicValue><path value="priority"/><expression><description value="Alert priority"/><language value="text/cql-expression"/><expression value="Code { system: 'http://hl7.org/fhir/request-priority', code: 'routine' }"/></expression></dynamicValue></action><action><title value="Pneumococcal dose 2, first after 24m"/><description value="Provision of the pneumococcal dose 2&#xA;Trigger event: First pneumococcal dose from the primary series was administered to client, who is less than or equal to 5 years of age. Pneumococcal dose was not administered within 24 months post birth. Client is at high risk for pneumococcal infection.&#xA;Trigger pseudo: Today's date − &quot;Date of birth&quot; ≤ 5 years AND Count of vaccines administered (where &quot;Vaccine type&quot; = &quot;Pneumococcal vaccines&quot; and &quot;Type of dose&quot; = &quot;Primary series&quot;) = 1 AND &quot;Date and time of vaccination&quot; (where &quot;Vaccine type&quot; = &quot;Pneumococcal vaccines&quot;) − &quot;Date of birth&quot; ≥ 24 months AND &quot;At high risk for pneumococcal infection&quot; = TRUE&#xA;Trigger date: Latest &quot;Date and time of vaccination&quot; (where &quot;Vaccine type&quot; = &quot;Pneumococcal vaccines&quot;)&#xA;Create condition: Pneumococcal dose 2 should be provided if the client was given the previous dose more than 8 weeks ago"/><condition><kind value="applicability"/><expression><description value="Pneumococcal dose 2, first after 24m"/><language value="text/cql-identifier"/><expression value="Pneumococcal dose 2, first after 24m"/></expression></condition><definitionCanonical value="http://smart.who.int/immunizations/ActivityDefinition/IMMZD2DTCR"/><dynamicValue><path value="status"/><expression><language value="text/cql-expression"/><expression value="'active'"/></expression></dynamicValue><dynamicValue><path value="payload.contentString"/><expression><language value="text/cql-identifier"/><expression value="Pneumococcal dose 2, first after 24m Create"/></expression></dynamicValue><dynamicValue><path value="category.coding"/><expression><description value="Category of communication"/><language value="text/cql-expression"/><expression value="Code { system: 'http://terminology.hl7.org/CodeSystem/communication-category', code: 'alert' }"/></expression></dynamicValue><dynamicValue><path value="priority"/><expression><description value="Alert priority"/><language value="text/cql-expression"/><expression value="Code { system: 'http://hl7.org/fhir/request-priority', code: 'routine' }"/></expression></dynamicValue></action><action><title value="Pneumococcal dose 3"/><description value="Provision of the pneumococcal dose 3&#xA;Trigger event: Second pneumococcal dose from the primary series was administered to client, who is less than or equal to 5 years of age. First pneumococcal dose was administered within 12 months post birth.&#xA;Trigger pseudo: Today's date − &quot;Date of birth&quot; ≤ 5 years AND Count of vaccines administered (where &quot;Vaccine type&quot; = &quot;Pneumococcal vaccines&quot; and &quot;Type of dose&quot; = &quot;Primary series&quot;) = 2 AND &quot;Date and time of vaccination&quot; (where &quot;Vaccine type&quot; = &quot;Pneumococcal vaccines&quot; AND &quot;Dose number&quot; = 1) − &quot;Date of birth&quot; &lt; 12 months&#xA;Trigger date: Latest &quot;Date and time of vaccination&quot; (where &quot;Vaccine type&quot; = &quot;Pneumococcal vaccines&quot;)&#xA;Create condition: Pneumococcal dose 3 should be provided if the client was given the previous dose more than 4 weeks ago"/><condition><kind value="applicability"/><expression><description value="Pneumococcal dose 3"/><language value="text/cql-identifier"/><expression value="Pneumococcal dose 3"/></expression></condition><definitionCanonical value="http://smart.who.int/immunizations/ActivityDefinition/IMMZD2DTCR"/><dynamicValue><path value="status"/><expression><language value="text/cql-expression"/><expression value="'active'"/></expression></dynamicValue><dynamicValue><path value="payload.contentString"/><expression><language value="text/cql-identifier"/><expression value="Pneumococcal dose 3 Create"/></expression></dynamicValue><dynamicValue><path value="category.coding"/><expression><description value="Category of communication"/><language value="text/cql-expression"/><expression value="Code { system: 'http://terminology.hl7.org/CodeSystem/communication-category', code: 'alert' }"/></expression></dynamicValue><dynamicValue><path value="priority"/><expression><description value="Alert priority"/><language value="text/cql-expression"/><expression value="Code { system: 'http://hl7.org/fhir/request-priority', code: 'routine' }"/></expression></dynamicValue></action><action><title value="Pneumococcal booster dose"/><description value="Provision of booster dose for HIV-positive infants and preterm neonates&#xA;Trigger event: Third pneumococcal dose from the primary series was administered to client, who is more than 12 months of age. The latest pneumococcal dose was administered within 12 months post birth. Client is either HIV positive or had preterm birth.&#xA;Trigger pseudo: Today's date − &quot;Date of birth&quot; &gt; 12 months AND Count of vaccines administered (where &quot;Vaccine type&quot; = &quot;Pneumococcal vaccines&quot; and &quot;Type of dose&quot; = &quot;Primary series&quot;) = 3 AND Latest &quot;Date and time of vaccination&quot; (where &quot;Vaccine type&quot; = &quot;Pneumococcal vaccines&quot;) − &quot;Date of birth&quot; &lt; 12 months AND (&quot;HIV status&quot; = &quot;HIV-positive&quot; OR &quot;Preterm birth&quot; = TRUE)&#xA;Trigger date: &quot;Date of birth&quot;&#xA;Create condition: HIV-positive infants and preterm neonates who have received their 3 primary vaccine doses before 12 months of age may benefit from a booster dose in the second year of life"/><condition><kind value="applicability"/><expression><description value="Pneumococcal booster dose"/><language value="text/cql-identifier"/><expression value="Pneumococcal booster dose"/></expression></condition><definitionCanonical value="http://smart.who.int/immunizations/ActivityDefinition/IMMZD2DTCR"/><dynamicValue><path value="status"/><expression><language value="text/cql-expression"/><expression value="'active'"/></expression></dynamicValue><dynamicValue><path value="payload.contentString"/><expression><language value="text/cql-identifier"/><expression value="Pneumococcal booster dose Create"/></expression></dynamicValue><dynamicValue><path value="category.coding"/><expression><description value="Category of communication"/><language value="text/cql-expression"/><expression value="Code { system: 'http://terminology.hl7.org/CodeSystem/communication-category', code: 'alert' }"/></expression></dynamicValue><dynamicValue><path value="priority"/><expression><description value="Alert priority"/><language value="text/cql-expression"/><expression value="Code { system: 'http://hl7.org/fhir/request-priority', code: 'routine' }"/></expression></dynamicValue></action></PlanDefinition>