<?xml version="1.0" encoding="UTF-8"?><PlanDefinition xmlns="http://hl7.org/fhir"><id value="IMMZD18SHepatitisB4Doses"/><meta><profile value="http://hl7.org/fhir/uv/cpg/StructureDefinition/cpg-recommendationdefinition"/><profile value="http://hl7.org/fhir/uv/crmi/StructureDefinition/crmi-shareableplandefinition"/><profile value="http://hl7.org/fhir/uv/crmi/StructureDefinition/crmi-publishableplandefinition"/></meta><extension url="http://hl7.org/fhir/uv/cpg/StructureDefinition/cpg-knowledgeCapability"><valueCode value="computable"/></extension><url value="http://smart.who.int/immunizations/PlanDefinition/IMMZD18SHepatitisB4Doses"/><version value="0.2.0"/><name value="IMMZD18SHepatitisB4Doses"/><title value="IMMZ.D18.S.Hepatitis B.4-dose schedule"/><type><coding><system value="http://terminology.hl7.org/CodeSystem/plan-definition-type"/><code value="eca-rule"/></coding></type><status value="draft"/><experimental value="false"/><date value="2025-11-25T19:41:02+00:00"/><publisher value="WHO"/><contact><name value="WHO"/><telecom><system value="url"/><value value="http://who.int"/></telecom></contact><description value="IMMZ.D18.S.Hepatitis B.4-dose schedule&#xA;4-dose schedule (birth dose + 3 primary series doses), on-time start"/><relatedArtifact><type value="citation"/><citation value="WHO recommendations for routine immunization - summary tables (January 2025)"/></relatedArtifact><library value="http://smart.who.int/immunizations/Library/IMMZD18SHepatitisB4DosesLogic"/><action><title value="Hepatitis B dose 1"/><description value="Provision of hepatitis B dose 1&#xA;Trigger event: Child's birth&#xA;Trigger pseudo: &#xA;Trigger date: &quot;Date of birth&quot;&#xA;Create condition: The following option is considered appropriate: 4 doses, where a monovalent birth dose is followed by 3 (monovalent or combined vaccine) doses, usually given with other routine infant vaccines; the additional dose does not cause any harm. The interval between doses should be at least 4 weeks."/><condition><kind value="applicability"/><expression><description value="Hepatitis B dose 1"/><language value="text/cql-identifier"/><expression value="Hepatitis B dose 1"/></expression></condition><definitionCanonical value="http://smart.who.int/immunizations/ActivityDefinition/IMMZD2DTCR"/><dynamicValue><path value="status"/><expression><language value="text/cql-expression"/><expression value="'active'"/></expression></dynamicValue><dynamicValue><path value="payload.contentString"/><expression><language value="text/cql-identifier"/><expression value="Hepatitis B dose 1 Create"/></expression></dynamicValue><dynamicValue><path value="category.coding"/><expression><description value="Category of communication"/><language value="text/cql-expression"/><expression value="Code { system: 'http://terminology.hl7.org/CodeSystem/communication-category', code: 'alert' }"/></expression></dynamicValue><dynamicValue><path value="priority"/><expression><description value="Alert priority"/><language value="text/cql-expression"/><expression value="Code { system: 'http://hl7.org/fhir/request-priority', code: 'routine' }"/></expression></dynamicValue></action><action><title value="Hepatitis B dose 2"/><description value="Provision of hepatitis B dose 2&#xA;Trigger event: First hepatitis B dose from the primary series was administered&#xA;Trigger pseudo: Count of vaccines administered (where &quot;Vaccine type&quot; = &quot;Hepatitis B-containing vaccines&quot; and &quot;Type of dose&quot;= &quot;Primary series&quot;) = 1&#xA;Trigger date: Latest &quot;Date and time of vaccination&quot; (where &quot;Vaccine type&quot; = &quot;Hepatitis B-containing vaccines&quot;)&#xA;Create condition: The following option is considered appropriate: 4 doses, where a monovalent birth dose is followed by 3 (monovalent or combined vaccine) doses, usually given with other routine infant vaccines; the additional dose does not cause any harm. The interval between doses should be at least 4 weeks."/><condition><kind value="applicability"/><expression><description value="Hepatitis B dose 2"/><language value="text/cql-identifier"/><expression value="Hepatitis B dose 2"/></expression></condition><definitionCanonical value="http://smart.who.int/immunizations/ActivityDefinition/IMMZD2DTCR"/><dynamicValue><path value="status"/><expression><language value="text/cql-expression"/><expression value="'active'"/></expression></dynamicValue><dynamicValue><path value="payload.contentString"/><expression><language value="text/cql-identifier"/><expression value="Hepatitis B dose 2 Create"/></expression></dynamicValue><dynamicValue><path value="category.coding"/><expression><description value="Category of communication"/><language value="text/cql-expression"/><expression value="Code { system: 'http://terminology.hl7.org/CodeSystem/communication-category', code: 'alert' }"/></expression></dynamicValue><dynamicValue><path value="priority"/><expression><description value="Alert priority"/><language value="text/cql-expression"/><expression value="Code { system: 'http://hl7.org/fhir/request-priority', code: 'routine' }"/></expression></dynamicValue></action><action><title value="Hepatitis B dose 3"/><description value="Provision of hepatitis B dose 3&#xA;Trigger event: Second hepatitis B dose from the primary series was administered&#xA;Trigger pseudo: Count of vaccines administered (where &quot;Vaccine type&quot; = &quot;Hepatitis B-containing vaccines&quot; and &quot;Type of dose&quot;= &quot;Primary series&quot;) = 2&#xA;Trigger date: Latest &quot;Date and time of vaccination&quot; (where &quot;Vaccine type&quot; = &quot;Hepatitis B-containing vaccines&quot;)&#xA;Create condition: The following option is considered appropriate: 4 doses, where a monovalent birth dose is followed by 3 (monovalent or combined vaccine) doses, usually given with other routine infant vaccines; the additional dose does not cause any harm. The interval between doses should be at least 4 weeks."/><condition><kind value="applicability"/><expression><description value="Hepatitis B dose 3"/><language value="text/cql-identifier"/><expression value="Hepatitis B dose 3"/></expression></condition><definitionCanonical value="http://smart.who.int/immunizations/ActivityDefinition/IMMZD2DTCR"/><dynamicValue><path value="status"/><expression><language value="text/cql-expression"/><expression value="'active'"/></expression></dynamicValue><dynamicValue><path value="payload.contentString"/><expression><language value="text/cql-identifier"/><expression value="Hepatitis B dose 3 Create"/></expression></dynamicValue><dynamicValue><path value="category.coding"/><expression><description value="Category of communication"/><language value="text/cql-expression"/><expression value="Code { system: 'http://terminology.hl7.org/CodeSystem/communication-category', code: 'alert' }"/></expression></dynamicValue><dynamicValue><path value="priority"/><expression><description value="Alert priority"/><language value="text/cql-expression"/><expression value="Code { system: 'http://hl7.org/fhir/request-priority', code: 'routine' }"/></expression></dynamicValue></action></PlanDefinition>