<?xml version="1.0" encoding="UTF-8"?><PlanDefinition xmlns="http://hl7.org/fhir"><id value="IMMZD18SHPV2Doses"/><meta><profile value="http://hl7.org/fhir/uv/cpg/StructureDefinition/cpg-recommendationdefinition"/><profile value="http://hl7.org/fhir/uv/crmi/StructureDefinition/crmi-shareableplandefinition"/><profile value="http://hl7.org/fhir/uv/crmi/StructureDefinition/crmi-publishableplandefinition"/></meta><extension url="http://hl7.org/fhir/uv/cpg/StructureDefinition/cpg-knowledgeCapability"><valueCode value="computable"/></extension><url value="http://smart.who.int/immunizations/PlanDefinition/IMMZD18SHPV2Doses"/><version value="0.2.0"/><name value="IMMZD18SHPV2Doses"/><title value="IMMZ.D18.S.HPV.2-dose schedule"/><type><coding><system value="http://terminology.hl7.org/CodeSystem/plan-definition-type"/><code value="eca-rule"/></coding></type><status value="draft"/><experimental value="false"/><date value="2025-11-25T19:41:02+00:00"/><publisher value="WHO"/><contact><name value="WHO"/><telecom><system value="url"/><value value="http://who.int"/></telecom></contact><description value="IMMZ.D18.S.HPV.2-dose schedule&#xA;2-dose schedule"/><relatedArtifact><type value="citation"/><citation value="WHO recommendations for routine immunization - summary tables (January 2025)"/></relatedArtifact><library value="http://smart.who.int/immunizations/Library/IMMZD18SHPV2DosesLogic"/><action><title value="HPV dose 1"/><description value="Provision of the HPV dose 1&#xA;Trigger event: Child's birth when client's biological sex is female&#xA;Trigger pseudo: Child's birth AND &quot;Sex&quot; = &quot;Female&quot;&#xA;Trigger date: &quot;Date of birth&quot;&#xA;Create condition: HPV dose 1 should be provided if the client is female and older than 9 years of age."/><condition><kind value="applicability"/><expression><description value="HPV dose 1"/><language value="text/cql-identifier"/><expression value="HPV dose 1"/></expression></condition><definitionCanonical value="http://smart.who.int/immunizations/ActivityDefinition/IMMZD2DTCR"/><dynamicValue><path value="status"/><expression><language value="text/cql-expression"/><expression value="'active'"/></expression></dynamicValue><dynamicValue><path value="payload.contentString"/><expression><language value="text/cql-identifier"/><expression value="HPV dose 1 Create"/></expression></dynamicValue><dynamicValue><path value="category.coding"/><expression><description value="Category of communication"/><language value="text/cql-expression"/><expression value="Code { system: 'http://terminology.hl7.org/CodeSystem/communication-category', code: 'alert' }"/></expression></dynamicValue><dynamicValue><path value="priority"/><expression><description value="Alert priority"/><language value="text/cql-expression"/><expression value="Code { system: 'http://hl7.org/fhir/request-priority', code: 'routine' }"/></expression></dynamicValue></action><action><title value="HPV dose 2"/><description value="Provision of the HPV dose 2&#xA;Trigger event: First HPV dose from the primary series was administered&#xA;Trigger pseudo: Count of vaccines administered (where &quot;Vaccine type&quot; = &quot;HPV vaccines&quot; and &quot;Type of dose&quot; = &quot;Primary series&quot;) = 1&#xA;Trigger date: &quot;Date and time of vaccination&quot; (where &quot;Vaccine type&quot; = &quot;HPV vaccines&quot;)&#xA;Create condition: HPV dose 2 should be provided if dose 1 was given 6 months ago."/><condition><kind value="applicability"/><expression><description value="HPV dose 2"/><language value="text/cql-identifier"/><expression value="HPV dose 2"/></expression></condition><definitionCanonical value="http://smart.who.int/immunizations/ActivityDefinition/IMMZD2DTCR"/><dynamicValue><path value="status"/><expression><language value="text/cql-expression"/><expression value="'active'"/></expression></dynamicValue><dynamicValue><path value="payload.contentString"/><expression><language value="text/cql-identifier"/><expression value="HPV dose 2 Create"/></expression></dynamicValue><dynamicValue><path value="category.coding"/><expression><description value="Category of communication"/><language value="text/cql-expression"/><expression value="Code { system: 'http://terminology.hl7.org/CodeSystem/communication-category', code: 'alert' }"/></expression></dynamicValue><dynamicValue><path value="priority"/><expression><description value="Alert priority"/><language value="text/cql-expression"/><expression value="Code { system: 'http://hl7.org/fhir/request-priority', code: 'routine' }"/></expression></dynamicValue></action><action><title value="HPV dose 3 (immunocompromised or HIV-positive)"/><description value="Provision of the HPV dose 3 for individuals immunocompromised or infected with HIV&#xA;Trigger event: Second HPV dose from the primary series was administered and client's HIV status is positive or client is immunocompromised&#xA;Trigger pseudo: Count of vaccines administered (where &quot;Vaccine type&quot; = &quot;HPV vaccines&quot; and &quot;Type of dose&quot; = &quot;Primary series&quot;) = 2 AND (&quot;HIV status&quot; = &quot;HIV-positive&quot; OR &quot;Immunocompromised&quot; = TRUE)&#xA;Trigger date: Latest &quot;Date and time of vaccination&quot; (where &quot;Vaccine type&quot; = &quot;HPV vaccines&quot;)&#xA;Create condition: Where possible, three HPV doses should be provided to individuals known to be immunocompromised or infected with HIV."/><condition><kind value="applicability"/><expression><description value="HPV dose 3 (immunocompromised or HIV-positive)"/><language value="text/cql-identifier"/><expression value="HPV dose 3 (immunocompromised or HIV-positive)"/></expression></condition><definitionCanonical value="http://smart.who.int/immunizations/ActivityDefinition/IMMZD2DTCR"/><dynamicValue><path value="status"/><expression><language value="text/cql-expression"/><expression value="'active'"/></expression></dynamicValue><dynamicValue><path value="payload.contentString"/><expression><language value="text/cql-identifier"/><expression value="HPV dose 3 (immunocompromised or HIV-positive) Create"/></expression></dynamicValue><dynamicValue><path value="category.coding"/><expression><description value="Category of communication"/><language value="text/cql-expression"/><expression value="Code { system: 'http://terminology.hl7.org/CodeSystem/communication-category', code: 'alert' }"/></expression></dynamicValue><dynamicValue><path value="priority"/><expression><description value="Alert priority"/><language value="text/cql-expression"/><expression value="Code { system: 'http://hl7.org/fhir/request-priority', code: 'routine' }"/></expression></dynamicValue></action></PlanDefinition>