<?xml version="1.0" encoding="UTF-8"?><PlanDefinition xmlns="http://hl7.org/fhir"><id value="IMMZD2DTMeaslesLowTransmission"/><meta><profile value="http://hl7.org/fhir/uv/cpg/StructureDefinition/cpg-recommendationdefinition"/><profile value="http://hl7.org/fhir/uv/crmi/StructureDefinition/crmi-shareableplandefinition"/><profile value="http://hl7.org/fhir/uv/crmi/StructureDefinition/crmi-publishableplandefinition"/></meta><extension url="http://hl7.org/fhir/uv/cpg/StructureDefinition/cpg-knowledgeCapability"><valueCode value="computable"/></extension><url value="http://smart.who.int/immunizations/PlanDefinition/IMMZD2DTMeaslesLowTransmission"/><version value="0.2.0"/><name value="IMMZD2DTMeaslesLowTransmission"/><title value="IMMZ.D2.DT.Measles.Low transmission"/><type><coding><system value="http://terminology.hl7.org/CodeSystem/plan-definition-type"/><code value="eca-rule"/></coding></type><status value="draft"/><experimental value="false"/><date value="2025-11-25T19:41:02+00:00"/><publisher value="WHO"/><contact><name value="WHO"/><telecom><system value="url"/><value value="http://who.int"/></telecom></contact><description value="IMMZ.D2.DT.Measles.Low transmission&#xA;Countries with low levels of measles transmission (countries that provide first dose of measles-containing vaccine (MCV) at 12 months and second dose of MCV at 15 months)"/><relatedArtifact><type value="citation"/><citation value="WHO recommendations for routine immunization - summary tables (January 2025)"/></relatedArtifact><library value="http://smart.who.int/immunizations/Library/IMMZD2DTMeaslesLowTransmissionLogic"/><action><extension url="http://hl7.org/fhir/uv/cpg/StructureDefinition/cpg-rationale"><valueMarkdown value="In countries with low levels of measles transmission MCV1 may be administered at 12 months of age. As a general rule, &#xA;  live vaccines should be given either simultaneously or at intervals of 4 weeks. An exception to this rule is OPV, which can be &#xA;  given at any time before or after measles vaccination without interference in the response to either vaccine."/></extension><title value="Determine if the client is due for MCV1 in countries with low transmission."/><description value="Determine if the client is due for measles vaccination MCV1 according to the national immunization protocol.&#xA;Countries with low levels of measles transmission."/><condition><kind value="applicability"/><expression><description value="Client is due for MCV1"/><language value="text/cql-identifier"/><expression value="Client is due for MCV1"/></expression></condition><definitionCanonical value="http://smart.who.int/immunizations/ActivityDefinition/IMMZD2DTMR"/><dynamicValue><path value="status"/><expression><language value="text/cql-expression"/><expression value="'draft'"/></expression></dynamicValue><dynamicValue><path value="intent"/><expression><language value="text/cql-expression"/><expression value="'proposal'"/></expression></dynamicValue><dynamicValue><path value="medication"/><expression><language value="text/cql-expression"/><expression value="Concept { codes: { Code { system: 'http://smart.who.int/immunizations/CodeSystem/IMMZ.Z', code: 'DE9', display: 'Measles-containing vaccines' } }, display: 'Measles-containing vaccines' }"/></expression></dynamicValue></action><action><extension url="http://hl7.org/fhir/uv/cpg/StructureDefinition/cpg-rationale"><valueMarkdown value="In countries with low levels of measles transmission, administration of MCV2 at 15-18 months of age ensures early &#xA;protection of the individual. The minimum interval between MCV1 and MCV2 is 4 weeks. As a general rule, live vaccines should &#xA;be given either simultaneously or at intervals of 4 weeks. An exception to this rule is OPV, which can be given at any time &#xA;before or after measles vaccination without interference in the response to either vaccine."/></extension><title value="Determine if the client is due for MCV2 in countries with low transmission."/><description value="Determine if the client is due for measles vaccination MCV2 according to the national immunization protocol.&#xA;Countries with low levels of measles transmission."/><condition><kind value="applicability"/><expression><description value="Client is due for MCV2"/><language value="text/cql-identifier"/><expression value="Client is due for MCV2"/></expression></condition><definitionCanonical value="http://smart.who.int/immunizations/ActivityDefinition/IMMZD2DTMR"/><dynamicValue><path value="status"/><expression><language value="text/cql-expression"/><expression value="'draft'"/></expression></dynamicValue><dynamicValue><path value="intent"/><expression><language value="text/cql-expression"/><expression value="'proposal'"/></expression></dynamicValue><dynamicValue><path value="medication"/><expression><language value="text/cql-expression"/><expression value="Concept { codes: { Code { system: 'http://smart.who.int/immunizations/CodeSystem/IMMZ.Z', code: 'DE9', display: 'Measles-containing vaccines' } }, display: 'Measles-containing vaccines' }"/></expression></dynamicValue></action><action><title value="Check for Guidance for the patient regarding IMMZ.D2.DT.Measles.Low transmission."/><description value="Show Guidance for the patient regarding IMMZ.D2.DT.Measles.Low transmission."/><condition><kind value="applicability"/><expression><description value="Has Guidance"/><language value="text/cql-identifier"/><expression value="Has Guidance"/></expression></condition><definitionCanonical value="http://smart.who.int/immunizations/ActivityDefinition/IMMZD2DTCR"/><dynamicValue><path value="status"/><expression><language value="text/cql-expression"/><expression value="'active'"/></expression></dynamicValue><dynamicValue><path value="payload.contentString"/><expression><language value="text/cql-identifier"/><expression value="Guidance"/></expression></dynamicValue><dynamicValue><path value="category.coding"/><expression><description value="Category of communication"/><language value="text/cql-expression"/><expression value="Code { system: 'http://terminology.hl7.org/CodeSystem/communication-category', code: 'alert' }"/></expression></dynamicValue><dynamicValue><path value="priority"/><expression><description value="Alert priority"/><language value="text/cql-expression"/><expression value="Code { system: 'http://hl7.org/fhir/request-priority', code: 'routine' }"/></expression></dynamicValue></action></PlanDefinition>