<?xml version="1.0" encoding="UTF-8"?><PlanDefinition xmlns="http://hl7.org/fhir"><id value="IMMZD2DTDengue3DosesWithoutPreVaccinationScreening"/><meta><profile value="http://hl7.org/fhir/uv/cpg/StructureDefinition/cpg-recommendationdefinition"/><profile value="http://hl7.org/fhir/uv/crmi/StructureDefinition/crmi-shareableplandefinition"/><profile value="http://hl7.org/fhir/uv/crmi/StructureDefinition/crmi-publishableplandefinition"/></meta><extension url="http://hl7.org/fhir/uv/cpg/StructureDefinition/cpg-knowledgeCapability"><valueCode value="computable"/></extension><url value="http://smart.who.int/immunizations/PlanDefinition/IMMZD2DTDengue3DosesWithoutPreVaccinationScreening"/><version value="0.2.0"/><name value="IMMZD2DTDengue3DosesWithoutPreVaccinationScreening"/><title value="IMMZ.D2.DT.Dengue.3 doses without pre-vaccination screening"/><type><coding><system value="http://terminology.hl7.org/CodeSystem/plan-definition-type"/><code value="eca-rule"/></coding></type><status value="draft"/><experimental value="false"/><date value="2025-11-25T19:41:02+00:00"/><publisher value="WHO"/><contact><name value="WHO"/><telecom><system value="url"/><value value="http://who.int"/></telecom></contact><description value="IMMZ.D2.DT.Dengue.3 doses without pre-vaccination screening&#xA;CYD-TDV (Dengvaxia), 3-dose schedule without pre-vaccination screening [when pre-vaccination screening is not feasible and in areas with recent documentation of seroprevalence rates of at least 80% by age 9 years]"/><relatedArtifact><type value="citation"/><citation value="WHO recommendations for routine immunization - summary tables (January 2025)"/></relatedArtifact><library value="http://smart.who.int/immunizations/Library/IMMZD2DTDengue3DosesWithoutPreVaccinationScreeningLogic"/><action><extension url="http://hl7.org/fhir/uv/cpg/StructureDefinition/cpg-rationale"><valueMarkdown value="Currently, the dengue vaccine should be used within the indicated age range, which in &#xA;most countries is 9–45 years. &#xA;If pre-vaccination screening is not feasible, vaccination without individual screening could be &#xA;considered in areas with recent documentation of seroprevalence rates of at least 80% by age 9 &#xA;years. Communication needs to ensure appropriate and full disclosure of the risks of vaccination &#xA;of persons with unknown serostatus.&#xA;CYD-TDV is recommended as a 3-dose series given 6 months apart. Should a vaccine dose be delayed &#xA;for any reason, it is not necessary to restart the course and the next dose in the series should &#xA;be administered as soon as possible."/></extension><title value="Determine if the client is due for Dengue."/><description value="Determine if the client is due for Dengue vaccine according to the national immunization protocol.&#xA;CYD-TDV (Dengvaxia), 3-dose schedule without pre-vaccination screening [when pre-vaccination screening is not feasible and in areas with recent documentation of seroprevalence rates of at least 80% by age 9 years]"/><condition><kind value="applicability"/><expression><description value="Client is due for dengue vaccination"/><language value="text/cql-identifier"/><expression value="Client is due for dengue vaccination"/></expression></condition><definitionCanonical value="http://smart.who.int/immunizations/ActivityDefinition/IMMZD2DTMR"/><dynamicValue><path value="status"/><expression><language value="text/cql-expression"/><expression value="'draft'"/></expression></dynamicValue><dynamicValue><path value="intent"/><expression><language value="text/cql-expression"/><expression value="'proposal'"/></expression></dynamicValue><dynamicValue><path value="medication"/><expression><language value="text/cql-expression"/><expression value="Concept { codes: { Code { system: 'http://smart.who.int/immunizations/CodeSystem/IMMZ.Z', code: 'DE25', display: 'Dengue vaccines' } }, display: 'Dengue vaccines' }"/></expression></dynamicValue></action><action><title value="Check for Guidance for the patient regarding IMMZ.D2.DT.Dengue.3 doses without pre-vaccination screening."/><description value="Show Guidance for the patient regarding IMMZ.D2.DT.Dengue.3 doses without pre-vaccination screening."/><condition><kind value="applicability"/><expression><description value="Has Guidance"/><language value="text/cql-identifier"/><expression value="Has Guidance"/></expression></condition><definitionCanonical value="http://smart.who.int/immunizations/ActivityDefinition/IMMZD2DTCR"/><dynamicValue><path value="status"/><expression><language value="text/cql-expression"/><expression value="'active'"/></expression></dynamicValue><dynamicValue><path value="payload.contentString"/><expression><language value="text/cql-identifier"/><expression value="Guidance"/></expression></dynamicValue><dynamicValue><path value="category.coding"/><expression><description value="Category of communication"/><language value="text/cql-expression"/><expression value="Code { system: 'http://terminology.hl7.org/CodeSystem/communication-category', code: 'alert' }"/></expression></dynamicValue><dynamicValue><path value="priority"/><expression><description value="Alert priority"/><language value="text/cql-expression"/><expression value="Code { system: 'http://hl7.org/fhir/request-priority', code: 'routine' }"/></expression></dynamicValue></action></PlanDefinition>