<?xml version="1.0" encoding="UTF-8"?><ValueSet xmlns="http://hl7.org/fhir"><id value="IMMZD5DTDengueContraindicationsVS"/><text><status value="generated"/><div xmlns="http://www.w3.org/1999/xhtml"><p class="res-header-id"><b>Generated Narrative: ValueSet IMMZD5DTDengueContraindicationsVS</b></p><a name="IMMZD5DTDengueContraindicationsVS"> </a><a name="hcIMMZD5DTDengueContraindicationsVS"> </a><p>This value set expansion contains 11 concepts.</p><table class="codes"><tr><td><b>System</b></td><td style="white-space:nowrap"><b>Code</b></td><td><b>Display</b></td></tr><tr><td><a name="IMMZD5DTDengueContraindicationsVS-http://smart.who.int/immunizations/CodeSystem/IMMZDAK-The|20client|20is|20immunocompromised-51"> </a><code>http://smart.who.int/immunizations/CodeSystem/IMMZDAK</code></td><td style="white-space:nowrap">  <a href="CodeSystem-IMMZDAK.html#IMMZDAK-Theclientisimmunocompromised-51">The client is immunocompromised-51</a></td><td>The client is immunocompromised</td></tr><tr><td><a name="IMMZD5DTDengueContraindicationsVS-http://smart.who.int/immunizations/CodeSystem/IMMZDAK-Dengue|20vaccination|20is|20contraindicated-56"> </a><code>http://smart.who.int/immunizations/CodeSystem/IMMZDAK</code></td><td style="white-space:nowrap">  <a href="CodeSystem-IMMZDAK.html#IMMZDAK-Denguevaccinationiscontraindicated-56">Dengue vaccination is contraindicated-56</a></td><td>Dengue vaccination is contraindicated</td></tr><tr><td><a name="IMMZD5DTDengueContraindicationsVS-http://smart.who.int/immunizations/CodeSystem/IMMZDAK-The|20client|20is|20severely|20immunocompromised-60"> </a><code>http://smart.who.int/immunizations/CodeSystem/IMMZDAK</code></td><td style="white-space:nowrap">  <a href="CodeSystem-IMMZDAK.html#IMMZDAK-Theclientisseverelyimmunocompromised-60">The client is severely immunocompromised-60</a></td><td>The client is severely immunocompromised</td></tr><tr><td><a name="IMMZD5DTDengueContraindicationsVS-http://smart.who.int/immunizations/CodeSystem/IMMZDAK-The|20client|20is|20currently|20pregnant-52"> </a><code>http://smart.who.int/immunizations/CodeSystem/IMMZDAK</code></td><td style="white-space:nowrap">  <a href="CodeSystem-IMMZDAK.html#IMMZDAK-Theclientiscurrentlypregnant-52">The client is currently pregnant-52</a></td><td>The client is currently pregnant</td></tr><tr><td><a name="IMMZD5DTDengueContraindicationsVS-http://smart.who.int/immunizations/CodeSystem/IMMZDAK-The|20client|20is|20currently|20lactating-48"> </a><code>http://smart.who.int/immunizations/CodeSystem/IMMZDAK</code></td><td style="white-space:nowrap">  <a href="CodeSystem-IMMZDAK.html#IMMZDAK-Theclientiscurrentlylactating-48">The client is currently lactating-48</a></td><td>The client is currently lactating</td></tr><tr><td><a name="IMMZD5DTDengueContraindicationsVS-http://smart.who.int/immunizations/CodeSystem/IMMZDAK-The|20client|20has|20history|20of|20severe|20allergic|20reactions-59"> </a><code>http://smart.who.int/immunizations/CodeSystem/IMMZDAK</code></td><td style="white-space:nowrap">  <a href="CodeSystem-IMMZDAK.html#IMMZDAK-Theclienthashistoryofsevereallergicreactions-59">The client has history of severe allergic reactions-59</a></td><td>The client has history of severe allergic reactions</td></tr><tr><td><a name="IMMZD5DTDengueContraindicationsVS-http://smart.who.int/immunizations/CodeSystem/IMMZDAK-Dengue|20vaccination|20could|20be|20contraindicated.|20Clinical|20judgement|20is|20required.|20Create|20a|20clinical|20note.-66"> </a><code>http://smart.who.int/immunizations/CodeSystem/IMMZDAK</code></td><td style="white-space:nowrap">  <a href="CodeSystem-IMMZDAK.html#IMMZDAK-Denguevaccinationcouldbecontraindicated.46Clinicaljudgementisrequired.46Createaclinicalnote.46-66">Dengue vaccination could be contraindicated. Clinical judgement is required. Create a clinical note.-66</a></td><td>Dengue vaccination could be contraindicated. Clinical judgement is required. Create a clinical note.</td></tr><tr><td><a name="IMMZD5DTDengueContraindicationsVS-http://smart.who.int/immunizations/CodeSystem/IMMZDAK-The|20client|20has|20history|20of|20anaphylactic|20reactions-66"> </a><code>http://smart.who.int/immunizations/CodeSystem/IMMZDAK</code></td><td style="white-space:nowrap">  <a href="CodeSystem-IMMZDAK.html#IMMZDAK-Theclienthashistoryofanaphylacticreactions-66">The client has history of anaphylactic reactions-66</a></td><td>The client has history of anaphylactic reactions</td></tr><tr><td><a name="IMMZD5DTDengueContraindicationsVS-http://smart.who.int/immunizations/CodeSystem/IMMZDAK-The|20client|20has|20immunodeficiency|20syndromes-60"> </a><code>http://smart.who.int/immunizations/CodeSystem/IMMZDAK</code></td><td style="white-space:nowrap">  <a href="CodeSystem-IMMZDAK.html#IMMZDAK-Theclienthasimmunodeficiencysyndromes-60">The client has immunodeficiency syndromes-60</a></td><td>The client has immunodeficiency syndromes</td></tr><tr><td><a name="IMMZD5DTDengueContraindicationsVS-http://smart.who.int/immunizations/CodeSystem/IMMZDAK-The|20client|20is|20severely|20immunosuppressed-59"> </a><code>http://smart.who.int/immunizations/CodeSystem/IMMZDAK</code></td><td style="white-space:nowrap">  <a href="CodeSystem-IMMZDAK.html#IMMZDAK-Theclientisseverelyimmunosuppressed-59">The client is severely immunosuppressed-59</a></td><td>The client is severely immunosuppressed</td></tr><tr><td><a name="IMMZD5DTDengueContraindicationsVS-http://smart.who.int/immunizations/CodeSystem/IMMZDAK-The|20client|20has|20symptomatic|20HIV|20infection-59"> </a><code>http://smart.who.int/immunizations/CodeSystem/IMMZDAK</code></td><td style="white-space:nowrap">  <a href="CodeSystem-IMMZDAK.html#IMMZDAK-TheclienthassymptomaticHIVinfection-59">The client has symptomatic HIV infection-59</a></td><td>The client has symptomatic HIV infection</td></tr></table></div></text><url value="http://smart.who.int/immunizations/ValueSet/IMMZD5DTDengueContraindicationsVS"/><version value="0.2.0"/><name value="IMMZD5DTDengueContraindicationsVS"/><title value="IMMZD5DTDengueContraindications ValueSet for Decision Table"/><status value="active"/><date value="2025-11-25T19:41:02+00:00"/><publisher value="WHO"/><contact><name value="WHO"/><telecom><system value="url"/><value value="http://who.int"/></telecom></contact><description value="ValueSet IMMZD5DTDengueContraindications for IMMZ.D5.DT.Dengue contraindications.&#xA;Business rule: Check for contraindications before administering the vaccine(s) due&#xA;Trigger: IMMZ.D5 Determine vaccine(s) to be administered based on contraindications&#xA;Table: IMMZ.D5.DT.Dengue contraindications"/><compose><include><system value="http://smart.who.int/immunizations/CodeSystem/IMMZDAK"/><concept><code value="The client is immunocompromised-51"/><display value="The client is immunocompromised"/></concept><concept><code value="Dengue vaccination is contraindicated-56"/><display value="Dengue vaccination is contraindicated"/></concept><concept><code value="The client is severely immunocompromised-60"/><display value="The client is severely immunocompromised"/></concept><concept><code value="The client is currently pregnant-52"/><display value="The client is currently pregnant"/></concept><concept><code value="The client is currently lactating-48"/><display value="The client is currently lactating"/></concept><concept><code value="The client has history of severe allergic reactions-59"/><display value="The client has history of severe allergic reactions"/></concept><concept><code value="Dengue vaccination could be contraindicated. Clinical judgement is required. Create a clinical note.-66"/><display value="Dengue vaccination could be contraindicated. Clinical judgement is required. Create a clinical note."/></concept><concept><code value="The client has history of anaphylactic reactions-66"/><display value="The client has history of anaphylactic reactions"/></concept><concept><code value="The client has immunodeficiency syndromes-60"/><display value="The client has immunodeficiency syndromes"/></concept><concept><code value="The client is severely immunosuppressed-59"/><display value="The client is severely immunosuppressed"/></concept><concept><code value="The client has symptomatic HIV infection-59"/><display value="The client has symptomatic HIV infection"/></concept></include></compose><expansion><timestamp value="2025-09-29T20:59:26.458Z"/><contains><system value="http://smart.who.int/immunizations/CodeSystem/IMMZDAK"/><code value="The client is immunocompromised-51"/><display value="The client is immunocompromised"/></contains><contains><system value="http://smart.who.int/immunizations/CodeSystem/IMMZDAK"/><code value="Dengue vaccination is contraindicated-56"/><display value="Dengue vaccination is contraindicated"/></contains><contains><system value="http://smart.who.int/immunizations/CodeSystem/IMMZDAK"/><code value="The client is severely immunocompromised-60"/><display value="The client is severely immunocompromised"/></contains><contains><system value="http://smart.who.int/immunizations/CodeSystem/IMMZDAK"/><code value="The client is currently pregnant-52"/><display value="The client is currently pregnant"/></contains><contains><system value="http://smart.who.int/immunizations/CodeSystem/IMMZDAK"/><code value="The client is currently lactating-48"/><display value="The client is currently lactating"/></contains><contains><system value="http://smart.who.int/immunizations/CodeSystem/IMMZDAK"/><code value="The client has history of severe allergic reactions-59"/><display value="The client has history of severe allergic reactions"/></contains><contains><system value="http://smart.who.int/immunizations/CodeSystem/IMMZDAK"/><code value="Dengue vaccination could be contraindicated. Clinical judgement is required. Create a clinical note.-66"/><display value="Dengue vaccination could be contraindicated. Clinical judgement is required. Create a clinical note."/></contains><contains><system value="http://smart.who.int/immunizations/CodeSystem/IMMZDAK"/><code value="The client has history of anaphylactic reactions-66"/><display value="The client has history of anaphylactic reactions"/></contains><contains><system value="http://smart.who.int/immunizations/CodeSystem/IMMZDAK"/><code value="The client has immunodeficiency syndromes-60"/><display value="The client has immunodeficiency syndromes"/></contains><contains><system value="http://smart.who.int/immunizations/CodeSystem/IMMZDAK"/><code value="The client is severely immunosuppressed-59"/><display value="The client is severely immunosuppressed"/></contains><contains><system value="http://smart.who.int/immunizations/CodeSystem/IMMZDAK"/><code value="The client has symptomatic HIV infection-59"/><display value="The client has symptomatic HIV infection"/></contains></expansion></ValueSet>