<?xml version="1.0" encoding="UTF-8"?><ValueSet xmlns="http://hl7.org/fhir"><id value="IMMZ.Z.DE19"/><text><status value="generated"/><div xmlns="http://www.w3.org/1999/xhtml"><p class="res-header-id"><b>Generated Narrative: ValueSet IMMZ.Z.DE19</b></p><a name="IMMZ.Z.DE19"> </a><a name="hcIMMZ.Z.DE19"> </a><p>This value set expansion contains 34 concepts.</p><table class="codes"><tr><td><b>System</b></td><td style="white-space:nowrap"><b>Code</b></td><td><b>Display</b></td></tr><tr><td><a name="IMMZ.Z.DE19-http://smart.who.int/immunizations/CodeSystem/IMMZ.Z-DE19"> </a><code>http://smart.who.int/immunizations/CodeSystem/IMMZ.Z</code></td><td style="white-space:nowrap">  <a href="CodeSystem-IMMZ.Z.html#IMMZ.Z-DE19">DE19</a></td><td>Tetanus-containing vaccines</td></tr><tr><td><a name="IMMZ.Z.DE19-http://id.who.int/icd/release/11/mms-XM5L44"> </a><code>http://id.who.int/icd/release/11/mms</code></td><td style="white-space:nowrap">  XM5L44</td><td>Tetanus vaccines</td></tr><tr><td><a name="IMMZ.Z.DE19-http://www.whocc.no/atc-J07AM"> </a><code>http://www.whocc.no/atc</code></td><td style="white-space:nowrap">  J07AM</td><td>Tetanus vaccines</td></tr><tr><td><a name="IMMZ.Z.DE19-http://id.who.int/icd/release/11/mms-XM31Q8"> </a><code>http://id.who.int/icd/release/11/mms</code></td><td style="white-space:nowrap">  XM31Q8</td><td>Tetanus, diphtheria, acellular pertussis</td></tr><tr><td><a name="IMMZ.Z.DE19-http://id.who.int/icd/release/11/mms-XM1LX9"> </a><code>http://id.who.int/icd/release/11/mms</code></td><td style="white-space:nowrap">  XM1LX9</td><td>Diphtheria, hemophilus influenzae B, pertussis, poliomyelitis, tetanus vaccines</td></tr><tr><td><a name="IMMZ.Z.DE19-http://www.whocc.no/atc-J07CA06"> </a><code>http://www.whocc.no/atc</code></td><td style="white-space:nowrap">  J07CA06</td><td>Diphtheria-haemophilus influenzae B-pertussis-poliomyelitis-tetanus</td></tr><tr><td><a name="IMMZ.Z.DE19-http://id.who.int/icd/release/11/mms-XM7JP3"> </a><code>http://id.who.int/icd/release/11/mms</code></td><td style="white-space:nowrap">  XM7JP3</td><td>Diphtheria, hemophilus influenzae B, pertussis, tetanus, hepatitis B vaccines</td></tr><tr><td><a name="IMMZ.Z.DE19-http://www.whocc.no/atc-J07CA11"> </a><code>http://www.whocc.no/atc</code></td><td style="white-space:nowrap">  J07CA11</td><td>Diphtheria-haemophilus influenzae B-pertussis-tetanus-hepatitis B</td></tr><tr><td><a name="IMMZ.Z.DE19-http://id.who.int/icd/release/11/mms-XM5XP9"> </a><code>http://id.who.int/icd/release/11/mms</code></td><td style="white-space:nowrap">  XM5XP9</td><td>Diphtheria, hemophilus influenzae B, pertussis, tetanus-hepatitis B, meningococcus A + C vaccines</td></tr><tr><td><a name="IMMZ.Z.DE19-http://www.whocc.no/atc-J07CA13"> </a><code>http://www.whocc.no/atc</code></td><td style="white-space:nowrap">  J07CA13</td><td>Diphtheria-haemophilus influenzae B-pertussis-tetanus-hepatitis B-meningococcus A + C</td></tr><tr><td><a name="IMMZ.Z.DE19-http://id.who.int/icd/release/11/mms-XM41N3"> </a><code>http://id.who.int/icd/release/11/mms</code></td><td style="white-space:nowrap">  XM41N3</td><td>Diphtheria, hepatitis B, pertussis, tetanus vaccines</td></tr><tr><td><a name="IMMZ.Z.DE19-http://www.whocc.no/atc-J07CA05"> </a><code>http://www.whocc.no/atc</code></td><td style="white-space:nowrap">  J07CA05</td><td>Diphtheria-hepatitis B-pertussis-tetanus</td></tr><tr><td><a name="IMMZ.Z.DE19-http://id.who.int/icd/release/11/mms-XM3G68"> </a><code>http://id.who.int/icd/release/11/mms</code></td><td style="white-space:nowrap">  XM3G68</td><td>Diphtheria, hepatitis B, tetanus vaccines</td></tr><tr><td><a name="IMMZ.Z.DE19-http://www.whocc.no/atc-J07CA07"> </a><code>http://www.whocc.no/atc</code></td><td style="white-space:nowrap">  J07CA07</td><td>Diphtheria-hepatitis B-tetanus</td></tr><tr><td><a name="IMMZ.Z.DE19-http://id.who.int/icd/release/11/mms-XM09Q7"> </a><code>http://id.who.int/icd/release/11/mms</code></td><td style="white-space:nowrap">  XM09Q7</td><td>Diphtheria, pertussis, poliomyelitis, tetanus vaccines</td></tr><tr><td><a name="IMMZ.Z.DE19-http://www.whocc.no/atc-J07CA02"> </a><code>http://www.whocc.no/atc</code></td><td style="white-space:nowrap">  J07CA02</td><td>Diphtheria-pertussis-poliomyelitis-tetanus</td></tr><tr><td><a name="IMMZ.Z.DE19-http://id.who.int/icd/release/11/mms-XM0LT9"> </a><code>http://id.who.int/icd/release/11/mms</code></td><td style="white-space:nowrap">  XM0LT9</td><td>Diphtheria, pertussis, poliomyelitis, tetanus, hepatitis B vaccines</td></tr><tr><td><a name="IMMZ.Z.DE19-http://www.whocc.no/atc-J07CA12"> </a><code>http://www.whocc.no/atc</code></td><td style="white-space:nowrap">  J07CA12</td><td>Diphtheria-pertussis-poliomyelitis-tetanus-hepatitis B</td></tr><tr><td><a name="IMMZ.Z.DE19-http://id.who.int/icd/release/11/mms-XM8AW1"> </a><code>http://id.who.int/icd/release/11/mms</code></td><td style="white-space:nowrap">  XM8AW1</td><td>Diphtheria, poliomyelitis, tetanus vaccines</td></tr><tr><td><a name="IMMZ.Z.DE19-http://www.whocc.no/atc-J07CA01"> </a><code>http://www.whocc.no/atc</code></td><td style="white-space:nowrap">  J07CA01</td><td>Diphtheria-poliomyelitis-tetanus</td></tr><tr><td><a name="IMMZ.Z.DE19-http://id.who.int/icd/release/11/mms-XM84S1"> </a><code>http://id.who.int/icd/release/11/mms</code></td><td style="white-space:nowrap">  XM84S1</td><td>Diphtheria, hepatitis B, tetanus, acellular pertussis, inactivated polio virus, haemophilus Influenzae type B vaccines</td></tr><tr><td><a name="IMMZ.Z.DE19-http://www.whocc.no/atc-J07CA09"> </a><code>http://www.whocc.no/atc</code></td><td style="white-space:nowrap">  J07CA09</td><td>Diphtheria-haemophilus influenzae B-pertussis-poliomyelitis-tetanus-hepatitis B</td></tr><tr><td><a name="IMMZ.Z.DE19-http://id.who.int/icd/release/11/mms-XM9744"> </a><code>http://id.who.int/icd/release/11/mms</code></td><td style="white-space:nowrap">  XM9744</td><td>Diphtheria, rubella, tetanus vaccines</td></tr><tr><td><a name="IMMZ.Z.DE19-http://www.whocc.no/atc-J07CA03"> </a><code>http://www.whocc.no/atc</code></td><td style="white-space:nowrap">  J07CA03</td><td>Diphtheria-rubella-tetanus</td></tr><tr><td><a name="IMMZ.Z.DE19-http://id.who.int/icd/release/11/mms-XM29H5"> </a><code>http://id.who.int/icd/release/11/mms</code></td><td style="white-space:nowrap">  XM29H5</td><td>Tetanus toxoid vaccines</td></tr><tr><td><a name="IMMZ.Z.DE19-http://www.whocc.no/atc-J07AM01"> </a><code>http://www.whocc.no/atc</code></td><td style="white-space:nowrap">  J07AM01</td><td>Tetanus toxoid</td></tr><tr><td><a name="IMMZ.Z.DE19-http://id.who.int/icd/release/11/mms-XM1G86"> </a><code>http://id.who.int/icd/release/11/mms</code></td><td style="white-space:nowrap">  XM1G86</td><td>Tetanus toxoid, combinations with diphtheria toxoid vaccines</td></tr><tr><td><a name="IMMZ.Z.DE19-http://www.whocc.no/atc-J07AM51"> </a><code>http://www.whocc.no/atc</code></td><td style="white-space:nowrap">  J07AM51</td><td>Tetanus toxoid, combinations with diphtheria toxoid</td></tr><tr><td><a name="IMMZ.Z.DE19-http://id.who.int/icd/release/11/mms-XM9AK2"> </a><code>http://id.who.int/icd/release/11/mms</code></td><td style="white-space:nowrap">  XM9AK2</td><td>Tetanus toxoid, combinations with tetanus immunoglobulin vaccines</td></tr><tr><td><a name="IMMZ.Z.DE19-http://www.whocc.no/atc-J07AM52"> </a><code>http://www.whocc.no/atc</code></td><td style="white-space:nowrap">  J07AM52</td><td>Tetanus toxoid, combinations with tetanus immunoglobulin</td></tr><tr><td><a name="IMMZ.Z.DE19-http://id.who.int/icd/release/11/mms-XM21E6"> </a><code>http://id.who.int/icd/release/11/mms</code></td><td style="white-space:nowrap">  XM21E6</td><td>Diphtheria tetanus, acellular pertussis, inactivated polio virus, haemophilus Influenzae type B vaccines</td></tr><tr><td><a name="IMMZ.Z.DE19-http://id.who.int/icd/release/11/mms-XM32Q5"> </a><code>http://id.who.int/icd/release/11/mms</code></td><td style="white-space:nowrap">  XM32Q5</td><td>Tetanus and diphtheria vaccines</td></tr><tr><td><a name="IMMZ.Z.DE19-http://id.who.int/icd/release/11/mms-XM9JP8"> </a><code>http://id.who.int/icd/release/11/mms</code></td><td style="white-space:nowrap">  XM9JP8</td><td>Diphtheria, tetanus, acellular pertussis, inactivated polio virus vaccines</td></tr><tr><td><a name="IMMZ.Z.DE19-http://id.who.int/icd/release/11/mms-XM4039"> </a><code>http://id.who.int/icd/release/11/mms</code></td><td style="white-space:nowrap">  XM4039</td><td>Vaccines diphtheria with tetanus</td></tr></table></div></text><url value="http://smart.who.int/immunizations/ValueSet/IMMZ.Z.DE19"/><version value="0.2.0"/><name value="IMMZ_Z_DE19"/><title value="IMMZ.Z.DE19 ValueSet for Tetanus-containing vaccines"/><status value="active"/><date value="2025-11-25T19:41:02+00:00"/><publisher value="WHO"/><contact><name value="WHO"/><telecom><system value="url"/><value value="http://who.int"/></telecom></contact><description value="ValueSet for Tetanus-containing vaccines for IMMZ.Z.DE19"/><compose><include><system value="http://smart.who.int/immunizations/CodeSystem/IMMZ.Z"/><concept><code value="DE19"/><display value="Tetanus-containing vaccines"/></concept></include><include><system value="http://id.who.int/icd/release/11/mms"/><concept><code value="XM5L44"/><display value="Tetanus vaccines"/></concept><concept><code value="XM31Q8"/><display value="Tetanus, diphtheria, acellular pertussis"/></concept><concept><code value="XM1LX9"/><display value="Diphtheria, hemophilus influenzae B, pertussis, poliomyelitis, tetanus vaccines"/></concept><concept><code value="XM7JP3"/><display value="Diphtheria, hemophilus influenzae B, pertussis, tetanus, hepatitis B vaccines"/></concept><concept><code value="XM5XP9"/><display value="Diphtheria, hemophilus influenzae B, pertussis, tetanus-hepatitis B, meningococcus A + C vaccines"/></concept><concept><code value="XM41N3"/><display value="Diphtheria, hepatitis B, pertussis, tetanus vaccines"/></concept><concept><code value="XM3G68"/><display value="Diphtheria, hepatitis B, tetanus vaccines"/></concept><concept><code value="XM09Q7"/><display value="Diphtheria, pertussis, poliomyelitis, tetanus vaccines"/></concept><concept><code value="XM0LT9"/><display value="Diphtheria, pertussis, poliomyelitis, tetanus, hepatitis B vaccines"/></concept><concept><code value="XM8AW1"/><display value="Diphtheria, poliomyelitis, tetanus vaccines"/></concept><concept><code value="XM84S1"/><display value="Diphtheria, hepatitis B, tetanus, acellular pertussis, inactivated polio virus, haemophilus Influenzae type B vaccines"/></concept><concept><code value="XM9744"/><display value="Diphtheria, rubella, tetanus vaccines"/></concept><concept><code value="XM29H5"/><display value="Tetanus toxoid vaccines"/></concept><concept><code value="XM1G86"/><display value="Tetanus toxoid, combinations with diphtheria toxoid vaccines"/></concept><concept><code value="XM9AK2"/><display value="Tetanus toxoid, combinations with tetanus immunoglobulin vaccines"/></concept><concept><code value="XM21E6"/><display value="Diphtheria tetanus, acellular pertussis, inactivated polio virus, haemophilus Influenzae type B vaccines"/></concept><concept><code value="XM32Q5"/><display value="Tetanus and diphtheria vaccines"/></concept><concept><code value="XM9JP8"/><display value="Diphtheria, tetanus, acellular pertussis, inactivated polio virus vaccines"/></concept><concept><code value="XM4039"/><display value="Vaccines diphtheria with tetanus"/></concept></include><include><system value="http://www.whocc.no/atc"/><concept><code value="J07AM"/><display value="Tetanus vaccines"/></concept><concept><code value="J07CA06"/><display value="Diphtheria-haemophilus influenzae B-pertussis-poliomyelitis-tetanus"/></concept><concept><code value="J07CA11"/><display value="Diphtheria-haemophilus influenzae B-pertussis-tetanus-hepatitis B"/></concept><concept><code value="J07CA13"/><display value="Diphtheria-haemophilus influenzae B-pertussis-tetanus-hepatitis B-meningococcus A + C"/></concept><concept><code value="J07CA05"/><display value="Diphtheria-hepatitis B-pertussis-tetanus"/></concept><concept><code value="J07CA07"/><display value="Diphtheria-hepatitis B-tetanus"/></concept><concept><code value="J07CA02"/><display value="Diphtheria-pertussis-poliomyelitis-tetanus"/></concept><concept><code value="J07CA12"/><display value="Diphtheria-pertussis-poliomyelitis-tetanus-hepatitis B"/></concept><concept><code value="J07CA01"/><display value="Diphtheria-poliomyelitis-tetanus"/></concept><concept><code value="J07CA09"/><display value="Diphtheria-haemophilus influenzae B-pertussis-poliomyelitis-tetanus-hepatitis B"/></concept><concept><code value="J07CA03"/><display value="Diphtheria-rubella-tetanus"/></concept><concept><code value="J07AM01"/><display value="Tetanus toxoid"/></concept><concept><code value="J07AM51"/><display value="Tetanus toxoid, combinations with diphtheria toxoid"/></concept><concept><code value="J07AM52"/><display value="Tetanus toxoid, combinations with tetanus immunoglobulin"/></concept></include></compose><expansion><timestamp value="2025-06-25T16:39:07.092Z"/><contains><system value="http://smart.who.int/immunizations/CodeSystem/IMMZ.Z"/><code value="DE19"/><display value="Tetanus-containing vaccines"/></contains><contains><system value="http://id.who.int/icd/release/11/mms"/><code value="XM5L44"/><display value="Tetanus vaccines"/></contains><contains><system value="http://www.whocc.no/atc"/><code value="J07AM"/><display value="Tetanus vaccines"/></contains><contains><system value="http://id.who.int/icd/release/11/mms"/><code value="XM31Q8"/><display value="Tetanus, diphtheria, acellular pertussis"/></contains><contains><system value="http://id.who.int/icd/release/11/mms"/><code value="XM1LX9"/><display value="Diphtheria, hemophilus influenzae B, pertussis, poliomyelitis, tetanus vaccines"/></contains><contains><system value="http://www.whocc.no/atc"/><code value="J07CA06"/><display value="Diphtheria-haemophilus influenzae B-pertussis-poliomyelitis-tetanus"/></contains><contains><system value="http://id.who.int/icd/release/11/mms"/><code value="XM7JP3"/><display value="Diphtheria, hemophilus influenzae B, pertussis, tetanus, hepatitis B vaccines"/></contains><contains><system value="http://www.whocc.no/atc"/><code value="J07CA11"/><display value="Diphtheria-haemophilus influenzae B-pertussis-tetanus-hepatitis B"/></contains><contains><system value="http://id.who.int/icd/release/11/mms"/><code value="XM5XP9"/><display value="Diphtheria, hemophilus influenzae B, pertussis, tetanus-hepatitis B, meningococcus A + C vaccines"/></contains><contains><system value="http://www.whocc.no/atc"/><code value="J07CA13"/><display value="Diphtheria-haemophilus influenzae B-pertussis-tetanus-hepatitis B-meningococcus A + C"/></contains><contains><system value="http://id.who.int/icd/release/11/mms"/><code value="XM41N3"/><display value="Diphtheria, hepatitis B, pertussis, tetanus vaccines"/></contains><contains><system value="http://www.whocc.no/atc"/><code value="J07CA05"/><display value="Diphtheria-hepatitis B-pertussis-tetanus"/></contains><contains><system value="http://id.who.int/icd/release/11/mms"/><code value="XM3G68"/><display value="Diphtheria, hepatitis B, tetanus vaccines"/></contains><contains><system value="http://www.whocc.no/atc"/><code value="J07CA07"/><display value="Diphtheria-hepatitis B-tetanus"/></contains><contains><system value="http://id.who.int/icd/release/11/mms"/><code value="XM09Q7"/><display value="Diphtheria, pertussis, poliomyelitis, tetanus vaccines"/></contains><contains><system value="http://www.whocc.no/atc"/><code value="J07CA02"/><display value="Diphtheria-pertussis-poliomyelitis-tetanus"/></contains><contains><system value="http://id.who.int/icd/release/11/mms"/><code value="XM0LT9"/><display value="Diphtheria, pertussis, poliomyelitis, tetanus, hepatitis B vaccines"/></contains><contains><system value="http://www.whocc.no/atc"/><code value="J07CA12"/><display value="Diphtheria-pertussis-poliomyelitis-tetanus-hepatitis B"/></contains><contains><system value="http://id.who.int/icd/release/11/mms"/><code value="XM8AW1"/><display value="Diphtheria, poliomyelitis, tetanus vaccines"/></contains><contains><system value="http://www.whocc.no/atc"/><code value="J07CA01"/><display value="Diphtheria-poliomyelitis-tetanus"/></contains><contains><system value="http://id.who.int/icd/release/11/mms"/><code value="XM84S1"/><display value="Diphtheria, hepatitis B, tetanus, acellular pertussis, inactivated polio virus, haemophilus Influenzae type B vaccines"/></contains><contains><system value="http://www.whocc.no/atc"/><code value="J07CA09"/><display value="Diphtheria-haemophilus influenzae B-pertussis-poliomyelitis-tetanus-hepatitis B"/></contains><contains><system value="http://id.who.int/icd/release/11/mms"/><code value="XM9744"/><display value="Diphtheria, rubella, tetanus vaccines"/></contains><contains><system value="http://www.whocc.no/atc"/><code value="J07CA03"/><display value="Diphtheria-rubella-tetanus"/></contains><contains><system value="http://id.who.int/icd/release/11/mms"/><code value="XM29H5"/><display value="Tetanus toxoid vaccines"/></contains><contains><system value="http://www.whocc.no/atc"/><code value="J07AM01"/><display value="Tetanus toxoid"/></contains><contains><system value="http://id.who.int/icd/release/11/mms"/><code value="XM1G86"/><display value="Tetanus toxoid, combinations with diphtheria toxoid vaccines"/></contains><contains><system value="http://www.whocc.no/atc"/><code value="J07AM51"/><display value="Tetanus toxoid, combinations with diphtheria toxoid"/></contains><contains><system value="http://id.who.int/icd/release/11/mms"/><code value="XM9AK2"/><display value="Tetanus toxoid, combinations with tetanus immunoglobulin vaccines"/></contains><contains><system value="http://www.whocc.no/atc"/><code value="J07AM52"/><display value="Tetanus toxoid, combinations with tetanus immunoglobulin"/></contains><contains><system value="http://id.who.int/icd/release/11/mms"/><code value="XM21E6"/><display value="Diphtheria tetanus, acellular pertussis, inactivated polio virus, haemophilus Influenzae type B vaccines"/></contains><contains><system value="http://id.who.int/icd/release/11/mms"/><code value="XM32Q5"/><display value="Tetanus and diphtheria vaccines"/></contains><contains><system value="http://id.who.int/icd/release/11/mms"/><code value="XM9JP8"/><display value="Diphtheria, tetanus, acellular pertussis, inactivated polio virus vaccines"/></contains><contains><system value="http://id.who.int/icd/release/11/mms"/><code value="XM4039"/><display value="Vaccines diphtheria with tetanus"/></contains></expansion></ValueSet>