<?xml version="1.0" encoding="UTF-8"?><ValueSet xmlns="http://hl7.org/fhir"><id value="IMMZD18STBETBEMoscowVS"/><text><status value="generated"/><div xmlns="http://www.w3.org/1999/xhtml"><p class="res-header-id"><b>Generated Narrative: ValueSet IMMZD18STBETBEMoscowVS</b></p><a name="IMMZD18STBETBEMoscowVS"> </a><a name="hcIMMZD18STBETBEMoscowVS"> </a><p>This value set expansion contains 6 concepts.</p><table class="codes"><tr><td><b>System</b></td><td style="white-space:nowrap"><b>Code</b></td><td><b>Display</b></td><td><b>Definition</b></td></tr><tr><td><a name="IMMZD18STBETBEMoscowVS-http://smart.who.int/immunizations/CodeSystem/IMMZDAK-Child's|20birth-0"> </a><code>http://smart.who.int/immunizations/CodeSystem/IMMZDAK</code></td><td style="white-space:nowrap">  <a href="CodeSystem-IMMZDAK.html#IMMZDAK-Child.39sbirth-0">Child's birth-0</a></td><td>Child's birth</td><td><div/></td></tr><tr><td><a name="IMMZD18STBETBEMoscowVS-http://smart.who.int/immunizations/CodeSystem/IMMZDAK-First|20TBE|20dose|20from|20the|20primary|20series|20was|20administered-112"> </a><code>http://smart.who.int/immunizations/CodeSystem/IMMZDAK</code></td><td style="white-space:nowrap">  <a href="CodeSystem-IMMZDAK.html#IMMZDAK-FirstTBEdosefromtheprimaryserieswasadministered-112">First TBE dose from the primary series was administered-112</a></td><td>First TBE dose from the primary series was administered</td><td><div><p>Count of vaccines administered (where &quot;Vaccine type&quot; = &quot;TBE vaccines&quot; and &quot;Type of dose&quot; = &quot;Primary series&quot;) = 1</p>
</div></td></tr><tr><td><a name="IMMZD18STBETBEMoscowVS-http://smart.who.int/immunizations/CodeSystem/IMMZDAK-Second|20TBE|20dose|20from|20the|20primary|20series|20was|20administered-112"> </a><code>http://smart.who.int/immunizations/CodeSystem/IMMZDAK</code></td><td style="white-space:nowrap">  <a href="CodeSystem-IMMZDAK.html#IMMZDAK-SecondTBEdosefromtheprimaryserieswasadministered-112">Second TBE dose from the primary series was administered-112</a></td><td>Second TBE dose from the primary series was administered</td><td><div><p>Count of vaccines administered (where &quot;Vaccine type&quot; = &quot;TBE vaccines&quot; and &quot;Type of dose&quot; = &quot;Primary series&quot;) = 2</p>
</div></td></tr><tr><td><a name="IMMZD18STBETBEMoscowVS-http://smart.who.int/immunizations/CodeSystem/IMMZDAK-Third|20TBE|20dose|20from|20the|20primary|20series|20was|20administered.|20The|20primary|20series|20has|20been|20completed-89"> </a><code>http://smart.who.int/immunizations/CodeSystem/IMMZDAK</code></td><td style="white-space:nowrap">  <a href="CodeSystem-IMMZDAK.html#IMMZDAK-ThirdTBEdosefromtheprimaryserieswasadministered.46Theprimaryserieshasbeencompleted-89">Third TBE dose from the primary series was administered. The primary series has been completed-89</a></td><td>Third TBE dose from the primary series was administered. The primary series has been completed</td><td><div><p>&quot;Completed the primary vaccination series&quot; = TRUE (where &quot;Vaccine type&quot; = &quot;TBE vaccines&quot;)</p>
</div></td></tr><tr><td><a name="IMMZD18STBETBEMoscowVS-http://smart.who.int/immunizations/CodeSystem/IMMZDAK-The|20primary|20series|20has|20been|20completed-89"> </a><code>http://smart.who.int/immunizations/CodeSystem/IMMZDAK</code></td><td style="white-space:nowrap">  <a href="CodeSystem-IMMZDAK.html#IMMZDAK-Theprimaryserieshasbeencompleted-89">The primary series has been completed-89</a></td><td>The primary series has been completed</td><td><div><p>&quot;Completed the primary vaccination series&quot; = TRUE (where &quot;Vaccine type&quot; = &quot;TBE vaccines&quot;)</p>
</div></td></tr><tr><td><a name="IMMZD18STBETBEMoscowVS-http://smart.who.int/immunizations/CodeSystem/IMMZDAK-TBE|20booster|20dose|20was|20administered|20less|20than|203|20years|20ago-218"> </a><code>http://smart.who.int/immunizations/CodeSystem/IMMZDAK</code></td><td style="white-space:nowrap">  <a href="CodeSystem-IMMZDAK.html#IMMZDAK-TBEboosterdosewasadministeredlessthan3yearsago-218">TBE booster dose was administered less than 3 years ago-218</a></td><td>TBE booster dose was administered less than 3 years ago</td><td><div><p>Count of vaccines administered (where &quot;Vaccine type&quot; = &quot;TBE vaccines&quot; and &quot;Type of dose&quot; = &quot;Booster dose&quot;) ≥ 1 AND Today's date - Latest &quot;Date and time of vaccination&quot; (where &quot;Vaccine type&quot; = &quot;TBE vaccines&quot;) &lt; 3 'year'</p>
</div></td></tr></table></div></text><url value="http://smart.who.int/immunizations/ValueSet/IMMZD18STBETBEMoscowVS"/><version value="0.2.0"/><name value="IMMZD18STBETBEMoscowVS"/><title value="IMMZD18STBETBEMoscow ValueSet for Decision Table"/><status value="active"/><date value="2025-11-25T19:41:02+00:00"/><publisher value="WHO"/><contact><name value="WHO"/><telecom><system value="url"/><value value="http://who.int"/></telecom></contact><description value="ValueSet IMMZD18STBETBEMoscow for IMMZ.D18.S.TBE.TBE-Moscow schedule.&#xA;Business rule: Determine if the client is due for a tick-borne encephalitis (TBE) vaccination according to the national immunization schedule&#xA;Trigger: IMMZ.D2 Determine required vaccination(s) if any&#xA;Table: TBE-Moscow, 3-dose schedule"/><compose><include><system value="http://smart.who.int/immunizations/CodeSystem/IMMZDAK"/><concept><code value="Child's birth-0"/><display value="Child's birth"/></concept><concept><code value="First TBE dose from the primary series was administered-112"/><display value="First TBE dose from the primary series was administered"/></concept><concept><code value="Second TBE dose from the primary series was administered-112"/><display value="Second TBE dose from the primary series was administered"/></concept><concept><code value="Third TBE dose from the primary series was administered. The primary series has been completed-89"/><display value="Third TBE dose from the primary series was administered. The primary series has been completed"/></concept><concept><code value="The primary series has been completed-89"/><display value="The primary series has been completed"/></concept><concept><code value="TBE booster dose was administered less than 3 years ago-218"/><display value="TBE booster dose was administered less than 3 years ago"/></concept></include></compose><expansion><timestamp value="2025-09-29T20:59:26.458Z"/><contains><system value="http://smart.who.int/immunizations/CodeSystem/IMMZDAK"/><code value="Child's birth-0"/><display value="Child's birth"/></contains><contains><system value="http://smart.who.int/immunizations/CodeSystem/IMMZDAK"/><code value="First TBE dose from the primary series was administered-112"/><display value="First TBE dose from the primary series was administered"/></contains><contains><system value="http://smart.who.int/immunizations/CodeSystem/IMMZDAK"/><code value="Second TBE dose from the primary series was administered-112"/><display value="Second TBE dose from the primary series was administered"/></contains><contains><system value="http://smart.who.int/immunizations/CodeSystem/IMMZDAK"/><code value="Third TBE dose from the primary series was administered. The primary series has been completed-89"/><display value="Third TBE dose from the primary series was administered. The primary series has been completed"/></contains><contains><system value="http://smart.who.int/immunizations/CodeSystem/IMMZDAK"/><code value="The primary series has been completed-89"/><display value="The primary series has been completed"/></contains><contains><system value="http://smart.who.int/immunizations/CodeSystem/IMMZDAK"/><code value="TBE booster dose was administered less than 3 years ago-218"/><display value="TBE booster dose was administered less than 3 years ago"/></contains></expansion></ValueSet>