<?xml version="1.0" encoding="UTF-8"?><ValueSet xmlns="http://hl7.org/fhir"><id value="IMMZD2DTMeningococcalMenAConjugateVaccine1DoseVS"/><text><status value="generated"/><div xmlns="http://www.w3.org/1999/xhtml"><p class="res-header-id"><b>Generated Narrative: ValueSet IMMZD2DTMeningococcalMenAConjugateVaccine1DoseVS</b></p><a name="IMMZD2DTMeningococcalMenAConjugateVaccine1DoseVS"> </a><a name="hcIMMZD2DTMeningococcalMenAConjugateVaccine1DoseVS"> </a><p>This value set expansion contains 7 concepts.</p><table class="codes"><tr><td><b>System</b></td><td style="white-space:nowrap"><b>Code</b></td><td><b>Display</b></td></tr><tr><td><a name="IMMZD2DTMeningococcalMenAConjugateVaccine1DoseVS-http://smart.who.int/immunizations/CodeSystem/IMMZDAK-Client's|20age|20is|20less|20than|209|20months-41"> </a><code>http://smart.who.int/immunizations/CodeSystem/IMMZDAK</code></td><td style="white-space:nowrap">  <a href="CodeSystem-IMMZDAK.html#IMMZDAK-Client.39sageislessthan9months-41">Client's age is less than 9 months-41</a></td><td>Client's age is less than 9 months</td></tr><tr><td><a name="IMMZD2DTMeningococcalMenAConjugateVaccine1DoseVS-http://smart.who.int/immunizations/CodeSystem/IMMZDAK-Client|20is|20not|20due|20for|20meningococcal|20vaccination-48"> </a><code>http://smart.who.int/immunizations/CodeSystem/IMMZDAK</code></td><td style="white-space:nowrap">  <a href="CodeSystem-IMMZDAK.html#IMMZDAK-Clientisnotdueformeningococcalvaccination-48">Client is not due for meningococcal vaccination-48</a></td><td>Client is not due for meningococcal vaccination</td></tr><tr><td><a name="IMMZD2DTMeningococcalMenAConjugateVaccine1DoseVS-http://smart.who.int/immunizations/CodeSystem/IMMZDAK-No|20meningococcal|20primary|20series|20dose|20was|20administered-122"> </a><code>http://smart.who.int/immunizations/CodeSystem/IMMZDAK</code></td><td style="white-space:nowrap">  <a href="CodeSystem-IMMZDAK.html#IMMZDAK-Nomeningococcalprimaryseriesdosewasadministered-122">No meningococcal primary series dose was administered-122</a></td><td>No meningococcal primary series dose was administered</td></tr><tr><td><a name="IMMZD2DTMeningococcalMenAConjugateVaccine1DoseVS-http://smart.who.int/immunizations/CodeSystem/IMMZDAK-Client's|20age|20is|20more|20than|209|20months-41"> </a><code>http://smart.who.int/immunizations/CodeSystem/IMMZDAK</code></td><td style="white-space:nowrap">  <a href="CodeSystem-IMMZDAK.html#IMMZDAK-Client.39sageismorethan9months-41">Client's age is more than 9 months-41</a></td><td>Client's age is more than 9 months</td></tr><tr><td><a name="IMMZD2DTMeningococcalMenAConjugateVaccine1DoseVS-http://smart.who.int/immunizations/CodeSystem/IMMZDAK-Client|20is|20due|20for|20meningococcal|20vaccination-44"> </a><code>http://smart.who.int/immunizations/CodeSystem/IMMZDAK</code></td><td style="white-space:nowrap">  <a href="CodeSystem-IMMZDAK.html#IMMZDAK-Clientisdueformeningococcalvaccination-44">Client is due for meningococcal vaccination-44</a></td><td>Client is due for meningococcal vaccination</td></tr><tr><td><a name="IMMZD2DTMeningococcalMenAConjugateVaccine1DoseVS-http://smart.who.int/immunizations/CodeSystem/IMMZDAK-One|20meningococcal|20primary|20series|20dose|20was|20administered-122"> </a><code>http://smart.who.int/immunizations/CodeSystem/IMMZDAK</code></td><td style="white-space:nowrap">  <a href="CodeSystem-IMMZDAK.html#IMMZDAK-Onemeningococcalprimaryseriesdosewasadministered-122">One meningococcal primary series dose was administered-122</a></td><td>One meningococcal primary series dose was administered</td></tr><tr><td><a name="IMMZD2DTMeningococcalMenAConjugateVaccine1DoseVS-http://smart.who.int/immunizations/CodeSystem/IMMZDAK-Meningococcal|20immunization|20schedule|20is|20complete-149"> </a><code>http://smart.who.int/immunizations/CodeSystem/IMMZDAK</code></td><td style="white-space:nowrap">  <a href="CodeSystem-IMMZDAK.html#IMMZDAK-Meningococcalimmunizationscheduleiscomplete-149">Meningococcal immunization schedule is complete-149</a></td><td>Meningococcal immunization schedule is complete</td></tr></table></div></text><url value="http://smart.who.int/immunizations/ValueSet/IMMZD2DTMeningococcalMenAConjugateVaccine1DoseVS"/><version value="0.2.0"/><name value="IMMZD2DTMeningococcalMenAConjugateVaccine1DoseVS"/><title value="IMMZD2DTMeningococcalMenAConjugateVaccine1Dose ValueSet for Decision Table"/><status value="active"/><date value="2025-11-25T19:41:02+00:00"/><publisher value="WHO"/><contact><name value="WHO"/><telecom><system value="url"/><value value="http://who.int"/></telecom></contact><description value="ValueSet IMMZD2DTMeningococcalMenAConjugateVaccine1Dose for IMMZ.D2.DT.Meningococcal.MenA conjugate vaccine 1 dose.&#xA;Business rule: Determine if the client is due for a meningococcal vaccination according to the national immunization schedule&#xA;Trigger: IMMZ.D2 Determine required vaccination(s) if any&#xA;Table: MenA conjugate vaccine, 1-dose schedule"/><compose><include><system value="http://smart.who.int/immunizations/CodeSystem/IMMZDAK"/><concept><code value="Client's age is less than 9 months-41"/><display value="Client's age is less than 9 months"/></concept><concept><code value="Client is not due for meningococcal vaccination-48"/><display value="Client is not due for meningococcal vaccination"/></concept><concept><code value="No meningococcal primary series dose was administered-122"/><display value="No meningococcal primary series dose was administered"/></concept><concept><code value="Client's age is more than 9 months-41"/><display value="Client's age is more than 9 months"/></concept><concept><code value="Client is due for meningococcal vaccination-44"/><display value="Client is due for meningococcal vaccination"/></concept><concept><code value="One meningococcal primary series dose was administered-122"/><display value="One meningococcal primary series dose was administered"/></concept><concept><code value="Meningococcal immunization schedule is complete-149"/><display value="Meningococcal immunization schedule is complete"/></concept></include></compose><expansion><timestamp value="2025-09-29T20:59:26.458Z"/><contains><system value="http://smart.who.int/immunizations/CodeSystem/IMMZDAK"/><code value="Client's age is less than 9 months-41"/><display value="Client's age is less than 9 months"/></contains><contains><system value="http://smart.who.int/immunizations/CodeSystem/IMMZDAK"/><code value="Client is not due for meningococcal vaccination-48"/><display value="Client is not due for meningococcal vaccination"/></contains><contains><system value="http://smart.who.int/immunizations/CodeSystem/IMMZDAK"/><code value="No meningococcal primary series dose was administered-122"/><display value="No meningococcal primary series dose was administered"/></contains><contains><system value="http://smart.who.int/immunizations/CodeSystem/IMMZDAK"/><code value="Client's age is more than 9 months-41"/><display value="Client's age is more than 9 months"/></contains><contains><system value="http://smart.who.int/immunizations/CodeSystem/IMMZDAK"/><code value="Client is due for meningococcal vaccination-44"/><display value="Client is due for meningococcal vaccination"/></contains><contains><system value="http://smart.who.int/immunizations/CodeSystem/IMMZDAK"/><code value="One meningococcal primary series dose was administered-122"/><display value="One meningococcal primary series dose was administered"/></contains><contains><system value="http://smart.who.int/immunizations/CodeSystem/IMMZDAK"/><code value="Meningococcal immunization schedule is complete-149"/><display value="Meningococcal immunization schedule is complete"/></contains></expansion></ValueSet>