<?xml version="1.0" encoding="UTF-8"?><ValueSet xmlns="http://hl7.org/fhir"><id value="IMMZD18SMalariaVS"/><text><status value="generated"/><div xmlns="http://www.w3.org/1999/xhtml"><p class="res-header-id"><b>Generated Narrative: ValueSet IMMZD18SMalariaVS</b></p><a name="IMMZD18SMalariaVS"> </a><a name="hcIMMZD18SMalariaVS"> </a><p>This value set expansion contains 5 concepts.</p><table class="codes"><tr><td><b>System</b></td><td style="white-space:nowrap"><b>Code</b></td><td><b>Display</b></td><td><b>Definition</b></td></tr><tr><td><a name="IMMZD18SMalariaVS-http://smart.who.int/immunizations/CodeSystem/IMMZDAK-Child's|20birth-0"> </a><code>http://smart.who.int/immunizations/CodeSystem/IMMZDAK</code></td><td style="white-space:nowrap">  <a href="CodeSystem-IMMZDAK.html#IMMZDAK-Child.39sbirth-0">Child's birth-0</a></td><td>Child's birth</td><td><div/></td></tr><tr><td><a name="IMMZD18SMalariaVS-http://smart.who.int/immunizations/CodeSystem/IMMZDAK-First|20malaria|20dose|20from|20the|20primary|20series|20was|20administered-116"> </a><code>http://smart.who.int/immunizations/CodeSystem/IMMZDAK</code></td><td style="white-space:nowrap">  <a href="CodeSystem-IMMZDAK.html#IMMZDAK-Firstmalariadosefromtheprimaryserieswasadministered-116">First malaria dose from the primary series was administered-116</a></td><td>First malaria dose from the primary series was administered</td><td><div><p>Count of vaccines administered (where &quot;Vaccine type&quot; = &quot;Malaria vaccines&quot; and &quot;Type of dose&quot; = &quot;Primary series&quot;) = 1</p>
</div></td></tr><tr><td><a name="IMMZD18SMalariaVS-http://smart.who.int/immunizations/CodeSystem/IMMZDAK-Second|20malaria|20dose|20from|20the|20primary|20series|20was|20administered-116"> </a><code>http://smart.who.int/immunizations/CodeSystem/IMMZDAK</code></td><td style="white-space:nowrap">  <a href="CodeSystem-IMMZDAK.html#IMMZDAK-Secondmalariadosefromtheprimaryserieswasadministered-116">Second malaria dose from the primary series was administered-116</a></td><td>Second malaria dose from the primary series was administered</td><td><div><p>Count of vaccines administered (where &quot;Vaccine type&quot; = &quot;Malaria vaccines&quot; and &quot;Type of dose&quot; = &quot;Primary series&quot;) = 2</p>
</div></td></tr><tr><td><a name="IMMZD18SMalariaVS-http://smart.who.int/immunizations/CodeSystem/IMMZDAK-Third|20malaria|20dose|20from|20the|20primary|20series|20was|20administered-116"> </a><code>http://smart.who.int/immunizations/CodeSystem/IMMZDAK</code></td><td style="white-space:nowrap">  <a href="CodeSystem-IMMZDAK.html#IMMZDAK-Thirdmalariadosefromtheprimaryserieswasadministered-116">Third malaria dose from the primary series was administered-116</a></td><td>Third malaria dose from the primary series was administered</td><td><div><p>Count of vaccines administered (where &quot;Vaccine type&quot; = &quot;Malaria vaccines&quot; and &quot;Type of dose&quot; = &quot;Primary series&quot;) = 3</p>
</div></td></tr><tr><td><a name="IMMZD18SMalariaVS-http://smart.who.int/immunizations/CodeSystem/IMMZDAK-Fourth|20malaria|20dose|20from|20the|20primary|20series|20was|20administered.|20The|20primary|20series|20has|20been|20completed-94"> </a><code>http://smart.who.int/immunizations/CodeSystem/IMMZDAK</code></td><td style="white-space:nowrap">  <a href="CodeSystem-IMMZDAK.html#IMMZDAK-Fourthmalariadosefromtheprimaryserieswasadministered.46Theprimaryserieshasbeencompleted-94">Fourth malaria dose from the primary series was administered. The primary series has been completed-94</a></td><td>Fourth malaria dose from the primary series was administered. The primary series has been completed</td><td><div><p>&quot;Completed the primary vaccination series&quot; = TRUE (where &quot;Vaccine type&quot; = &quot;Malaria vaccines&quot;)&quot;</p>
</div></td></tr></table></div></text><url value="http://smart.who.int/immunizations/ValueSet/IMMZD18SMalariaVS"/><version value="0.2.0"/><name value="IMMZD18SMalariaVS"/><title value="IMMZD18SMalaria ValueSet for Decision Table"/><status value="active"/><date value="2025-11-25T19:41:02+00:00"/><publisher value="WHO"/><contact><name value="WHO"/><telecom><system value="url"/><value value="http://who.int"/></telecom></contact><description value="ValueSet IMMZD18SMalaria for IMMZ.D18.S.Malaria schedule.&#xA;Business rule: Determine if the client is due for a malaria vaccination according to the national immunization schedule&#xA;Trigger: IMMZ.D2 Determine required vaccination(s) if any&#xA;Table: 4-dose schedule"/><compose><include><system value="http://smart.who.int/immunizations/CodeSystem/IMMZDAK"/><concept><code value="Child's birth-0"/><display value="Child's birth"/></concept><concept><code value="First malaria dose from the primary series was administered-116"/><display value="First malaria dose from the primary series was administered"/></concept><concept><code value="Second malaria dose from the primary series was administered-116"/><display value="Second malaria dose from the primary series was administered"/></concept><concept><code value="Third malaria dose from the primary series was administered-116"/><display value="Third malaria dose from the primary series was administered"/></concept><concept><code value="Fourth malaria dose from the primary series was administered. The primary series has been completed-94"/><display value="Fourth malaria dose from the primary series was administered. The primary series has been completed"/></concept></include></compose><expansion><timestamp value="2025-09-29T20:59:26.458Z"/><contains><system value="http://smart.who.int/immunizations/CodeSystem/IMMZDAK"/><code value="Child's birth-0"/><display value="Child's birth"/></contains><contains><system value="http://smart.who.int/immunizations/CodeSystem/IMMZDAK"/><code value="First malaria dose from the primary series was administered-116"/><display value="First malaria dose from the primary series was administered"/></contains><contains><system value="http://smart.who.int/immunizations/CodeSystem/IMMZDAK"/><code value="Second malaria dose from the primary series was administered-116"/><display value="Second malaria dose from the primary series was administered"/></contains><contains><system value="http://smart.who.int/immunizations/CodeSystem/IMMZDAK"/><code value="Third malaria dose from the primary series was administered-116"/><display value="Third malaria dose from the primary series was administered"/></contains><contains><system value="http://smart.who.int/immunizations/CodeSystem/IMMZDAK"/><code value="Fourth malaria dose from the primary series was administered. The primary series has been completed-94"/><display value="Fourth malaria dose from the primary series was administered. The primary series has been completed"/></contains></expansion></ValueSet>