<?xml version="1.0" encoding="UTF-8"?><ValueSet xmlns="http://hl7.org/fhir"><id value="IMMZD2DTMeningococcalMenAConjugateVaccine2DosesVS"/><text><status value="generated"/><div xmlns="http://www.w3.org/1999/xhtml"><p class="res-header-id"><b>Generated Narrative: ValueSet IMMZD2DTMeningococcalMenAConjugateVaccine2DosesVS</b></p><a name="IMMZD2DTMeningococcalMenAConjugateVaccine2DosesVS"> </a><a name="hcIMMZD2DTMeningococcalMenAConjugateVaccine2DosesVS"> </a><p>This value set expansion contains 10 concepts.</p><table class="codes"><tr><td><b>System</b></td><td style="white-space:nowrap"><b>Code</b></td><td><b>Display</b></td></tr><tr><td><a name="IMMZD2DTMeningococcalMenAConjugateVaccine2DosesVS-http://smart.who.int/immunizations/CodeSystem/IMMZDAK-Client's|20age|20is|20less|20than|203|20months-41"> </a><code>http://smart.who.int/immunizations/CodeSystem/IMMZDAK</code></td><td style="white-space:nowrap">  <a href="CodeSystem-IMMZDAK.html#IMMZDAK-Client.39sageislessthan3months-41">Client's age is less than 3 months-41</a></td><td>Client's age is less than 3 months</td></tr><tr><td><a name="IMMZD2DTMeningococcalMenAConjugateVaccine2DosesVS-http://smart.who.int/immunizations/CodeSystem/IMMZDAK-Client|20is|20not|20due|20for|20meningococcal|20vaccination-48"> </a><code>http://smart.who.int/immunizations/CodeSystem/IMMZDAK</code></td><td style="white-space:nowrap">  <a href="CodeSystem-IMMZDAK.html#IMMZDAK-Clientisnotdueformeningococcalvaccination-48">Client is not due for meningococcal vaccination-48</a></td><td>Client is not due for meningococcal vaccination</td></tr><tr><td><a name="IMMZD2DTMeningococcalMenAConjugateVaccine2DosesVS-http://smart.who.int/immunizations/CodeSystem/IMMZDAK-No|20meningococcal|20primary|20series|20dose|20was|20administered-122"> </a><code>http://smart.who.int/immunizations/CodeSystem/IMMZDAK</code></td><td style="white-space:nowrap">  <a href="CodeSystem-IMMZDAK.html#IMMZDAK-Nomeningococcalprimaryseriesdosewasadministered-122">No meningococcal primary series dose was administered-122</a></td><td>No meningococcal primary series dose was administered</td></tr><tr><td><a name="IMMZD2DTMeningococcalMenAConjugateVaccine2DosesVS-http://smart.who.int/immunizations/CodeSystem/IMMZDAK-Client's|20age|20is|20more|20than|20or|20equal|20to|203|20months-41"> </a><code>http://smart.who.int/immunizations/CodeSystem/IMMZDAK</code></td><td style="white-space:nowrap">  <a href="CodeSystem-IMMZDAK.html#IMMZDAK-Client.39sageismorethanorequalto3months-41">Client's age is more than or equal to 3 months-41</a></td><td>Client's age is more than or equal to 3 months</td></tr><tr><td><a name="IMMZD2DTMeningococcalMenAConjugateVaccine2DosesVS-http://smart.who.int/immunizations/CodeSystem/IMMZDAK-Client|20is|20due|20for|20meningococcal|20vaccination-44"> </a><code>http://smart.who.int/immunizations/CodeSystem/IMMZDAK</code></td><td style="white-space:nowrap">  <a href="CodeSystem-IMMZDAK.html#IMMZDAK-Clientisdueformeningococcalvaccination-44">Client is due for meningococcal vaccination-44</a></td><td>Client is due for meningococcal vaccination</td></tr><tr><td><a name="IMMZD2DTMeningococcalMenAConjugateVaccine2DosesVS-http://smart.who.int/immunizations/CodeSystem/IMMZDAK-One|20meningococcal|20primary|20series|20dose|20was|20administered-122"> </a><code>http://smart.who.int/immunizations/CodeSystem/IMMZDAK</code></td><td style="white-space:nowrap">  <a href="CodeSystem-IMMZDAK.html#IMMZDAK-Onemeningococcalprimaryseriesdosewasadministered-122">One meningococcal primary series dose was administered-122</a></td><td>One meningococcal primary series dose was administered</td></tr><tr><td><a name="IMMZD2DTMeningococcalMenAConjugateVaccine2DosesVS-http://smart.who.int/immunizations/CodeSystem/IMMZDAK-The|20latest|20meningococcal|20dose|20was|20administered|20less|20than|208|20weeks|20ago-105"> </a><code>http://smart.who.int/immunizations/CodeSystem/IMMZDAK</code></td><td style="white-space:nowrap">  <a href="CodeSystem-IMMZDAK.html#IMMZDAK-Thelatestmeningococcaldosewasadministeredlessthan8weeksago-105">The latest meningococcal dose was administered less than 8 weeks ago-105</a></td><td>The latest meningococcal dose was administered less than 8 weeks ago</td></tr><tr><td><a name="IMMZD2DTMeningococcalMenAConjugateVaccine2DosesVS-http://smart.who.int/immunizations/CodeSystem/IMMZDAK-The|20latest|20meningococcal|20dose|20was|20administered|20more|20than|208|20weeks|20ago-105"> </a><code>http://smart.who.int/immunizations/CodeSystem/IMMZDAK</code></td><td style="white-space:nowrap">  <a href="CodeSystem-IMMZDAK.html#IMMZDAK-Thelatestmeningococcaldosewasadministeredmorethan8weeksago-105">The latest meningococcal dose was administered more than 8 weeks ago-105</a></td><td>The latest meningococcal dose was administered more than 8 weeks ago</td></tr><tr><td><a name="IMMZD2DTMeningococcalMenAConjugateVaccine2DosesVS-http://smart.who.int/immunizations/CodeSystem/IMMZDAK-Two|20meningococcal|20primary|20series|20doses|20were|20administered-122"> </a><code>http://smart.who.int/immunizations/CodeSystem/IMMZDAK</code></td><td style="white-space:nowrap">  <a href="CodeSystem-IMMZDAK.html#IMMZDAK-Twomeningococcalprimaryseriesdoseswereadministered-122">Two meningococcal primary series doses were administered-122</a></td><td>Two meningococcal primary series doses were administered</td></tr><tr><td><a name="IMMZD2DTMeningococcalMenAConjugateVaccine2DosesVS-http://smart.who.int/immunizations/CodeSystem/IMMZDAK-Meningococcal|20immunization|20schedule|20is|20complete-149"> </a><code>http://smart.who.int/immunizations/CodeSystem/IMMZDAK</code></td><td style="white-space:nowrap">  <a href="CodeSystem-IMMZDAK.html#IMMZDAK-Meningococcalimmunizationscheduleiscomplete-149">Meningococcal immunization schedule is complete-149</a></td><td>Meningococcal immunization schedule is complete</td></tr></table></div></text><url value="http://smart.who.int/immunizations/ValueSet/IMMZD2DTMeningococcalMenAConjugateVaccine2DosesVS"/><version value="0.2.0"/><name value="IMMZD2DTMeningococcalMenAConjugateVaccine2DosesVS"/><title value="IMMZD2DTMeningococcalMenAConjugateVaccine2Doses ValueSet for Decision Table"/><status value="active"/><date value="2025-11-25T19:41:02+00:00"/><publisher value="WHO"/><contact><name value="WHO"/><telecom><system value="url"/><value value="http://who.int"/></telecom></contact><description value="ValueSet IMMZD2DTMeningococcalMenAConjugateVaccine2Doses for IMMZ.D2.DT.Meningococcal.MenA conjugate vaccine 2 doses.&#xA;Business rule: Determine if the client is due for a meningococcal vaccination according to the national immunization schedule&#xA;Trigger: IMMZ.D2 Determine required vaccination(s) if any&#xA;Table: MenA conjugate vaccine, 2-dose schedule (specific context where there is a compelling reason to vaccinate infants aged under 9 months)"/><compose><include><system value="http://smart.who.int/immunizations/CodeSystem/IMMZDAK"/><concept><code value="Client's age is less than 3 months-41"/><display value="Client's age is less than 3 months"/></concept><concept><code value="Client is not due for meningococcal vaccination-48"/><display value="Client is not due for meningococcal vaccination"/></concept><concept><code value="No meningococcal primary series dose was administered-122"/><display value="No meningococcal primary series dose was administered"/></concept><concept><code value="Client's age is more than or equal to 3 months-41"/><display value="Client's age is more than or equal to 3 months"/></concept><concept><code value="Client is due for meningococcal vaccination-44"/><display value="Client is due for meningococcal vaccination"/></concept><concept><code value="One meningococcal primary series dose was administered-122"/><display value="One meningococcal primary series dose was administered"/></concept><concept><code value="The latest meningococcal dose was administered less than 8 weeks ago-105"/><display value="The latest meningococcal dose was administered less than 8 weeks ago"/></concept><concept><code value="The latest meningococcal dose was administered more than 8 weeks ago-105"/><display value="The latest meningococcal dose was administered more than 8 weeks ago"/></concept><concept><code value="Two meningococcal primary series doses were administered-122"/><display value="Two meningococcal primary series doses were administered"/></concept><concept><code value="Meningococcal immunization schedule is complete-149"/><display value="Meningococcal immunization schedule is complete"/></concept></include></compose><expansion><timestamp value="2025-09-29T20:59:26.458Z"/><contains><system value="http://smart.who.int/immunizations/CodeSystem/IMMZDAK"/><code value="Client's age is less than 3 months-41"/><display value="Client's age is less than 3 months"/></contains><contains><system value="http://smart.who.int/immunizations/CodeSystem/IMMZDAK"/><code value="Client is not due for meningococcal vaccination-48"/><display value="Client is not due for meningococcal vaccination"/></contains><contains><system value="http://smart.who.int/immunizations/CodeSystem/IMMZDAK"/><code value="No meningococcal primary series dose was administered-122"/><display value="No meningococcal primary series dose was administered"/></contains><contains><system value="http://smart.who.int/immunizations/CodeSystem/IMMZDAK"/><code value="Client's age is more than or equal to 3 months-41"/><display value="Client's age is more than or equal to 3 months"/></contains><contains><system value="http://smart.who.int/immunizations/CodeSystem/IMMZDAK"/><code value="Client is due for meningococcal vaccination-44"/><display value="Client is due for meningococcal vaccination"/></contains><contains><system value="http://smart.who.int/immunizations/CodeSystem/IMMZDAK"/><code value="One meningococcal primary series dose was administered-122"/><display value="One meningococcal primary series dose was administered"/></contains><contains><system value="http://smart.who.int/immunizations/CodeSystem/IMMZDAK"/><code value="The latest meningococcal dose was administered less than 8 weeks ago-105"/><display value="The latest meningococcal dose was administered less than 8 weeks ago"/></contains><contains><system value="http://smart.who.int/immunizations/CodeSystem/IMMZDAK"/><code value="The latest meningococcal dose was administered more than 8 weeks ago-105"/><display value="The latest meningococcal dose was administered more than 8 weeks ago"/></contains><contains><system value="http://smart.who.int/immunizations/CodeSystem/IMMZDAK"/><code value="Two meningococcal primary series doses were administered-122"/><display value="Two meningococcal primary series doses were administered"/></contains><contains><system value="http://smart.who.int/immunizations/CodeSystem/IMMZDAK"/><code value="Meningococcal immunization schedule is complete-149"/><display value="Meningococcal immunization schedule is complete"/></contains></expansion></ValueSet>