<?xml version="1.0" encoding="UTF-8"?><ValueSet xmlns="http://hl7.org/fhir"><id value="IMMZD2DTHepatitisAInactivatedHAV1DoseVS"/><text><status value="generated"/><div xmlns="http://www.w3.org/1999/xhtml"><p class="res-header-id"><b>Generated Narrative: ValueSet IMMZD2DTHepatitisAInactivatedHAV1DoseVS</b></p><a name="IMMZD2DTHepatitisAInactivatedHAV1DoseVS"> </a><a name="hcIMMZD2DTHepatitisAInactivatedHAV1DoseVS"> </a><p>This value set expansion contains 7 concepts.</p><table class="codes"><tr><td><b>System</b></td><td style="white-space:nowrap"><b>Code</b></td><td><b>Display</b></td></tr><tr><td><a name="IMMZD2DTHepatitisAInactivatedHAV1DoseVS-http://smart.who.int/immunizations/CodeSystem/IMMZDAK-Client's|20age|20is|20less|20than|2012|20months-42"> </a><code>http://smart.who.int/immunizations/CodeSystem/IMMZDAK</code></td><td style="white-space:nowrap">  <a href="CodeSystem-IMMZDAK.html#IMMZDAK-Client.39sageislessthan12months-42">Client's age is less than 12 months-42</a></td><td>Client's age is less than 12 months</td></tr><tr><td><a name="IMMZD2DTHepatitisAInactivatedHAV1DoseVS-http://smart.who.int/immunizations/CodeSystem/IMMZDAK-Client|20is|20not|20due|20for|20Hepatitis|20A|20vaccination-48"> </a><code>http://smart.who.int/immunizations/CodeSystem/IMMZDAK</code></td><td style="white-space:nowrap">  <a href="CodeSystem-IMMZDAK.html#IMMZDAK-ClientisnotdueforHepatitisAvaccination-48">Client is not due for Hepatitis A vaccination-48</a></td><td>Client is not due for Hepatitis A vaccination</td></tr><tr><td><a name="IMMZD2DTHepatitisAInactivatedHAV1DoseVS-http://smart.who.int/immunizations/CodeSystem/IMMZDAK-No|20hepatitis|20A|20primary|20series|20dose|20was|20administered-131"> </a><code>http://smart.who.int/immunizations/CodeSystem/IMMZDAK</code></td><td style="white-space:nowrap">  <a href="CodeSystem-IMMZDAK.html#IMMZDAK-NohepatitisAprimaryseriesdosewasadministered-131">No hepatitis A primary series dose was administered-131</a></td><td>No hepatitis A primary series dose was administered</td></tr><tr><td><a name="IMMZD2DTHepatitisAInactivatedHAV1DoseVS-http://smart.who.int/immunizations/CodeSystem/IMMZDAK-Client's|20age|20is|20more|20than|20or|20equal|20to|2012|20months-42"> </a><code>http://smart.who.int/immunizations/CodeSystem/IMMZDAK</code></td><td style="white-space:nowrap">  <a href="CodeSystem-IMMZDAK.html#IMMZDAK-Client.39sageismorethanorequalto12months-42">Client's age is more than or equal to 12 months-42</a></td><td>Client's age is more than or equal to 12 months</td></tr><tr><td><a name="IMMZD2DTHepatitisAInactivatedHAV1DoseVS-http://smart.who.int/immunizations/CodeSystem/IMMZDAK-Client|20is|20due|20for|20Hepatitis|20A|20vaccination-44"> </a><code>http://smart.who.int/immunizations/CodeSystem/IMMZDAK</code></td><td style="white-space:nowrap">  <a href="CodeSystem-IMMZDAK.html#IMMZDAK-ClientisdueforHepatitisAvaccination-44">Client is due for Hepatitis A vaccination-44</a></td><td>Client is due for Hepatitis A vaccination</td></tr><tr><td><a name="IMMZD2DTHepatitisAInactivatedHAV1DoseVS-http://smart.who.int/immunizations/CodeSystem/IMMZDAK-One|20hepatitis|20A|20primary|20series|20dose|20was|20administered-131"> </a><code>http://smart.who.int/immunizations/CodeSystem/IMMZDAK</code></td><td style="white-space:nowrap">  <a href="CodeSystem-IMMZDAK.html#IMMZDAK-OnehepatitisAprimaryseriesdosewasadministered-131">One hepatitis A primary series dose was administered-131</a></td><td>One hepatitis A primary series dose was administered</td></tr><tr><td><a name="IMMZD2DTHepatitisAInactivatedHAV1DoseVS-http://smart.who.int/immunizations/CodeSystem/IMMZDAK-Hepatitis|20A|20immunization|20schedule|20is|20complete-158"> </a><code>http://smart.who.int/immunizations/CodeSystem/IMMZDAK</code></td><td style="white-space:nowrap">  <a href="CodeSystem-IMMZDAK.html#IMMZDAK-HepatitisAimmunizationscheduleiscomplete-158">Hepatitis A immunization schedule is complete-158</a></td><td>Hepatitis A immunization schedule is complete</td></tr></table></div></text><url value="http://smart.who.int/immunizations/ValueSet/IMMZD2DTHepatitisAInactivatedHAV1DoseVS"/><version value="0.2.0"/><name value="IMMZD2DTHepatitisAInactivatedHAV1DoseVS"/><title value="IMMZD2DTHepatitisAInactivatedHAV1Dose ValueSet for Decision Table"/><status value="active"/><date value="2025-11-25T19:41:02+00:00"/><publisher value="WHO"/><contact><name value="WHO"/><telecom><system value="url"/><value value="http://who.int"/></telecom></contact><description value="ValueSet IMMZD2DTHepatitisAInactivatedHAV1Dose for IMMZ.D2.DT.Hepatitis A.Inactivated HAV 1 dose.&#xA;Business rule: Determine if the client is due for a hepatitis A vaccination according to the national immunization schedule&#xA;Trigger: IMMZ.D2 Determine required vaccination(s) if any&#xA;Table: Inactivated hepatitis A virus (HAV), 1-dose schedule"/><compose><include><system value="http://smart.who.int/immunizations/CodeSystem/IMMZDAK"/><concept><code value="Client's age is less than 12 months-42"/><display value="Client's age is less than 12 months"/></concept><concept><code value="Client is not due for Hepatitis A vaccination-48"/><display value="Client is not due for Hepatitis A vaccination"/></concept><concept><code value="No hepatitis A primary series dose was administered-131"/><display value="No hepatitis A primary series dose was administered"/></concept><concept><code value="Client's age is more than or equal to 12 months-42"/><display value="Client's age is more than or equal to 12 months"/></concept><concept><code value="Client is due for Hepatitis A vaccination-44"/><display value="Client is due for Hepatitis A vaccination"/></concept><concept><code value="One hepatitis A primary series dose was administered-131"/><display value="One hepatitis A primary series dose was administered"/></concept><concept><code value="Hepatitis A immunization schedule is complete-158"/><display value="Hepatitis A immunization schedule is complete"/></concept></include></compose><expansion><timestamp value="2025-09-29T20:59:26.458Z"/><contains><system value="http://smart.who.int/immunizations/CodeSystem/IMMZDAK"/><code value="Client's age is less than 12 months-42"/><display value="Client's age is less than 12 months"/></contains><contains><system value="http://smart.who.int/immunizations/CodeSystem/IMMZDAK"/><code value="Client is not due for Hepatitis A vaccination-48"/><display value="Client is not due for Hepatitis A vaccination"/></contains><contains><system value="http://smart.who.int/immunizations/CodeSystem/IMMZDAK"/><code value="No hepatitis A primary series dose was administered-131"/><display value="No hepatitis A primary series dose was administered"/></contains><contains><system value="http://smart.who.int/immunizations/CodeSystem/IMMZDAK"/><code value="Client's age is more than or equal to 12 months-42"/><display value="Client's age is more than or equal to 12 months"/></contains><contains><system value="http://smart.who.int/immunizations/CodeSystem/IMMZDAK"/><code value="Client is due for Hepatitis A vaccination-44"/><display value="Client is due for Hepatitis A vaccination"/></contains><contains><system value="http://smart.who.int/immunizations/CodeSystem/IMMZDAK"/><code value="One hepatitis A primary series dose was administered-131"/><display value="One hepatitis A primary series dose was administered"/></contains><contains><system value="http://smart.who.int/immunizations/CodeSystem/IMMZDAK"/><code value="Hepatitis A immunization schedule is complete-158"/><display value="Hepatitis A immunization schedule is complete"/></contains></expansion></ValueSet>