<?xml version="1.0" encoding="UTF-8"?><ValueSet xmlns="http://hl7.org/fhir"><id value="IMMZD18SMumpsVS"/><text><status value="generated"/><div xmlns="http://www.w3.org/1999/xhtml"><p class="res-header-id"><b>Generated Narrative: ValueSet IMMZD18SMumpsVS</b></p><a name="IMMZD18SMumpsVS"> </a><a name="hcIMMZD18SMumpsVS"> </a><p>This value set expansion contains 3 concepts.</p><table class="codes"><tr><td><b>System</b></td><td style="white-space:nowrap"><b>Code</b></td><td><b>Display</b></td><td><b>Definition</b></td></tr><tr><td><a name="IMMZD18SMumpsVS-http://smart.who.int/immunizations/CodeSystem/IMMZDAK-Child's|20birth-0"> </a><code>http://smart.who.int/immunizations/CodeSystem/IMMZDAK</code></td><td style="white-space:nowrap">  <a href="CodeSystem-IMMZDAK.html#IMMZDAK-Child.39sbirth-0">Child's birth-0</a></td><td>Child's birth</td><td><div/></td></tr><tr><td><a name="IMMZD18SMumpsVS-http://smart.who.int/immunizations/CodeSystem/IMMZDAK-First|20mumps|20dose|20from|20the|20primary|20series|20was|20administered-125"> </a><code>http://smart.who.int/immunizations/CodeSystem/IMMZDAK</code></td><td style="white-space:nowrap">  <a href="CodeSystem-IMMZDAK.html#IMMZDAK-Firstmumpsdosefromtheprimaryserieswasadministered-125">First mumps dose from the primary series was administered-125</a></td><td>First mumps dose from the primary series was administered</td><td><div><p>Count of vaccines administered (where &quot;Vaccine type&quot; = &quot;Mumps-containing vaccines&quot; and &quot;Type of dose&quot; = &quot;Primary series&quot;) = 1</p>
</div></td></tr><tr><td><a name="IMMZD18SMumpsVS-http://smart.who.int/immunizations/CodeSystem/IMMZDAK-Second|20mumps|20dose|20from|20the|20primary|20series|20was|20administered.|20The|20primary|20series|20has|20been|20completed-103"> </a><code>http://smart.who.int/immunizations/CodeSystem/IMMZDAK</code></td><td style="white-space:nowrap">  <a href="CodeSystem-IMMZDAK.html#IMMZDAK-Secondmumpsdosefromtheprimaryserieswasadministered.46Theprimaryserieshasbeencompleted-103">Second mumps dose from the primary series was administered. The primary series has been completed-103</a></td><td>Second mumps dose from the primary series was administered. The primary series has been completed</td><td><div><p>&quot;Completed the primary vaccination series&quot; = TRUE (where &quot;Vaccine type&quot; = &quot;Mumps-containing vaccines&quot;)&quot;</p>
</div></td></tr></table></div></text><url value="http://smart.who.int/immunizations/ValueSet/IMMZD18SMumpsVS"/><version value="0.2.0"/><name value="IMMZD18SMumpsVS"/><title value="IMMZD18SMumps ValueSet for Decision Table"/><status value="active"/><date value="2025-11-25T19:41:02+00:00"/><publisher value="WHO"/><contact><name value="WHO"/><telecom><system value="url"/><value value="http://who.int"/></telecom></contact><description value="ValueSet IMMZD18SMumps for IMMZ.D18.S.Mumps schedule.&#xA;Business rule: Determine if the client is due for a mumps vaccination according to the national immunization schedule&#xA;Trigger: IMMZ.D2 Determine required vaccination(s) if any&#xA;Table: 2-dose schedule"/><compose><include><system value="http://smart.who.int/immunizations/CodeSystem/IMMZDAK"/><concept><code value="Child's birth-0"/><display value="Child's birth"/></concept><concept><code value="First mumps dose from the primary series was administered-125"/><display value="First mumps dose from the primary series was administered"/></concept><concept><code value="Second mumps dose from the primary series was administered. The primary series has been completed-103"/><display value="Second mumps dose from the primary series was administered. The primary series has been completed"/></concept></include></compose><expansion><timestamp value="2025-09-29T20:59:26.458Z"/><contains><system value="http://smart.who.int/immunizations/CodeSystem/IMMZDAK"/><code value="Child's birth-0"/><display value="Child's birth"/></contains><contains><system value="http://smart.who.int/immunizations/CodeSystem/IMMZDAK"/><code value="First mumps dose from the primary series was administered-125"/><display value="First mumps dose from the primary series was administered"/></contains><contains><system value="http://smart.who.int/immunizations/CodeSystem/IMMZDAK"/><code value="Second mumps dose from the primary series was administered. The primary series has been completed-103"/><display value="Second mumps dose from the primary series was administered. The primary series has been completed"/></contains></expansion></ValueSet>