{"resourceType":"ActivityDefinition","id":"IMMZD2DTMalariaMR","meta":{"profile":["http://hl7.org/fhir/uv/cpg/StructureDefinition/cpg-immunizationactivity"]},"extension":[{"url":"http://hl7.org/fhir/uv/cpg/StructureDefinition/cpg-knowledgeCapability","valueCode":"computable"}],"url":"http://smart.who.int/immunizations/ActivityDefinition/IMMZD2DTMalariaMR","version":"0.2.0","name":"IMMZD2DTMalariaMedicationRequest","title":"IMMZ.D2.DT.Malaria.MR","status":"draft","experimental":false,"date":"2023-10-23","publisher":"WHO","contact":[{"name":"WHO","telecom":[{"system":"url","value":"http://who.int"}]}],"description":"Provide Malaria immunization","kind":"MedicationRequest","profile":"http://hl7.org/fhir/uv/cpg/StructureDefinition/cpg-immunizationrequest","intent":"proposal","doNotPerform":false,"productCodeableConcept":{"coding":[{"system":"http://smart.who.int/immunizations/CodeSystem/IMMZ.Z","code":"DE27","display":"Malaria vaccines"}]}}