{"resourceType":"PlanDefinition","id":"IMMZD2DTCholeraWC","meta":{"profile":["http://hl7.org/fhir/uv/cpg/StructureDefinition/cpg-recommendationdefinition","http://hl7.org/fhir/uv/crmi/StructureDefinition/crmi-shareableplandefinition","http://hl7.org/fhir/uv/crmi/StructureDefinition/crmi-publishableplandefinition"]},"extension":[{"url":"http://hl7.org/fhir/uv/cpg/StructureDefinition/cpg-knowledgeCapability","valueCode":"computable"}],"url":"http://smart.who.int/immunizations/PlanDefinition/IMMZD2DTCholeraWC","version":"0.2.0","name":"IMMZD2DTCholeraWC","title":"IMMZ.D2.DT.Cholera.WC vaccines","type":{"coding":[{"system":"http://terminology.hl7.org/CodeSystem/plan-definition-type","code":"eca-rule"}]},"status":"draft","experimental":false,"date":"2025-07-23T20:56:07+00:00","publisher":"WHO","contact":[{"name":"WHO","telecom":[{"system":"url","value":"http://who.int"}]}],"description":"IMMZ.D2.DT.Cholera.WC vaccines\nWhole-cell (WC) vaccines schedule","relatedArtifact":[{"type":"citation","citation":"WHO recommendations for routine immunization - summary tables (January 2025)"}],"library":["http://smart.who.int/immunizations/Library/IMMZD2DTCholeraWCLogic"],"action":[{"extension":[{"url":"http://hl7.org/fhir/uv/cpg/StructureDefinition/cpg-rationale","valueMarkdown":"For WC vaccines (Shanchol, Euvchol and mORCVAX), 2 doses should be given 14 days apart to individuals aged ≥ 1 year."}],"title":"Determine if the client is due for Cholera.","description":"Determine if the client is due for Cholera vaccine according to the national immunization protocol.\nWhole-cell (WC) vaccines schedule","condition":[{"kind":"applicability","expression":{"description":"Client is due for cholera vaccination","language":"text/cql-identifier","expression":"Client is due for cholera vaccination"}}],"definitionCanonical":"http://smart.who.int/immunizations/ActivityDefinition/IMMZD2DTCholeraMR","dynamicValue":[{"path":"status","expression":{"language":"text/cql-expression","expression":"'draft'"}},{"path":"intent","expression":{"language":"text/cql-expression","expression":"'proposal'"}}]},{"extension":[{"url":"http://hl7.org/fhir/uv/cpg/StructureDefinition/cpg-rationale","valueMarkdown":"Revaccination is recommended where there is continued risk of Vibrio cholerae infection. For WC vaccines, revaccination is recommended after 3 years."}],"title":"Determine if the client is due for Cholera.","description":"Determine if the client is due for Cholera vaccine according to the national immunization protocol.\nWhole-cell (WC) vaccines schedule","condition":[{"kind":"applicability","expression":{"description":"Primary series is complete. Client is due for cholera booster dose","language":"text/cql-identifier","expression":"Primary series is complete. Client is due for cholera booster dose"}}],"definitionCanonical":"http://smart.who.int/immunizations/ActivityDefinition/IMMZD2DTCholeraMR","dynamicValue":[{"path":"status","expression":{"language":"text/cql-expression","expression":"'draft'"}},{"path":"intent","expression":{"language":"text/cql-expression","expression":"'proposal'"}}]},{"extension":[{"url":"http://hl7.org/fhir/uv/cpg/StructureDefinition/cpg-rationale","valueMarkdown":"Revaccination is recommended where there is continued risk of Vibrio cholerae infection. For WC vaccines, revaccination is recommended after 3 years."}],"title":"Determine if the client is due for Cholera.","description":"Determine if the client is due for Cholera vaccine according to the national immunization protocol.\nWhole-cell (WC) vaccines schedule","condition":[{"kind":"applicability","expression":{"description":"Client is due for cholera booster dose","language":"text/cql-identifier","expression":"Client is due for cholera booster dose"}}],"definitionCanonical":"http://smart.who.int/immunizations/ActivityDefinition/IMMZD2DTCholeraMR","dynamicValue":[{"path":"status","expression":{"language":"text/cql-expression","expression":"'draft'"}},{"path":"intent","expression":{"language":"text/cql-expression","expression":"'proposal'"}}]},{"title":"Check for Guidance for the patient regarding IMMZ.D2.DT.Cholera.WC vaccines.","description":"Show Guidance for the patient regarding IMMZ.D2.DT.Cholera.WC vaccines.","condition":[{"kind":"applicability","expression":{"description":"Has Guidance","language":"text/cql-identifier","expression":"Has Guidance"}}],"definitionCanonical":"http://smart.who.int/immunizations/ActivityDefinition/IMMZD2DTCR","dynamicValue":[{"path":"status","expression":{"language":"text/cql-expression","expression":"'active'"}},{"path":"payload.contentString","expression":{"language":"text/cql-identifier","expression":"Guidance"}},{"path":"category.coding","expression":{"description":"Category of communication","language":"text/cql-expression","expression":"Code { system: 'http://terminology.hl7.org/CodeSystem/communication-category', code: 'alert' }"}},{"path":"priority","expression":{"description":"Alert priority","language":"text/cql-expression","expression":"Code { system: 'http://hl7.org/fhir/request-priority', code: 'routine' }"}}]}]}