{"resourceType":"PlanDefinition","id":"IMMZD2DTHepatitisAIHAV1","meta":{"profile":["http://hl7.org/fhir/uv/cpg/StructureDefinition/cpg-recommendationdefinition","http://hl7.org/fhir/uv/crmi/StructureDefinition/crmi-shareableplandefinition","http://hl7.org/fhir/uv/crmi/StructureDefinition/crmi-publishableplandefinition"]},"extension":[{"url":"http://hl7.org/fhir/uv/cpg/StructureDefinition/cpg-knowledgeCapability","valueCode":"computable"}],"url":"http://smart.who.int/immunizations/PlanDefinition/IMMZD2DTHepatitisAIHAV1","version":"0.2.0","name":"IMMZD2DTHepatitisAIHAV1","title":"IMMZ.D2.DT.Hepatitis A.Inactivated HAV 1 dose","type":{"coding":[{"system":"http://terminology.hl7.org/CodeSystem/plan-definition-type","code":"eca-rule"}]},"status":"draft","experimental":false,"date":"2025-07-23T20:56:07+00:00","publisher":"WHO","contact":[{"name":"WHO","telecom":[{"system":"url","value":"http://who.int"}]}],"description":"IMMZ.D2.DT.Hepatitis A.Inactivated HAV 1 dose\nInactivated hepatitis A virus (HAV), 1-dose schedule","relatedArtifact":[{"type":"citation","citation":"WHO recommendations for routine immunization - summary tables (January 2025)"}],"library":["http://smart.who.int/immunizations/Library/IMMZD2DTHepatitisAIHAV1Logic"],"action":[{"extension":[{"url":"http://hl7.org/fhir/uv/cpg/StructureDefinition/cpg-rationale","valueMarkdown":"For children, inactivated hepatitis A-containing vaccines can be given as a single-dose or 2-dose schedule, and administered intramuscularly.\nFor adults aged over 40 years, vaccination with inactivated vaccines using the 2-dose schedule is preferred since there is insufficient evidence on the immunogenicity and long-term protection from a single dose in this age group.\nWith a 2-dose schedule, the first dose should be given from ≥ 12 months of age."}],"title":"Determine if the client is due for HepatitisA.","description":"Determine if the client is due for HepatitisA vaccine according to the national immunization protocol.\nInactivated hepatitis A virus (HAV), 1-dose schedule","condition":[{"kind":"applicability","expression":{"description":"Client is due for Hepatitis A vaccination","language":"text/cql-identifier","expression":"Client is due for Hepatitis A vaccination"}}],"definitionCanonical":"http://smart.who.int/immunizations/ActivityDefinition/IMMZD2DTHepatitisAMR","dynamicValue":[{"path":"status","expression":{"language":"text/cql-expression","expression":"'draft'"}},{"path":"intent","expression":{"language":"text/cql-expression","expression":"'proposal'"}}]},{"title":"Check for Guidance for the patient regarding IMMZ.D2.DT.Hepatitis A.Inactivated HAV 1 dose.","description":"Show Guidance for the patient regarding IMMZ.D2.DT.Hepatitis A.Inactivated HAV 1 dose.","condition":[{"kind":"applicability","expression":{"description":"Has Guidance","language":"text/cql-identifier","expression":"Has Guidance"}}],"definitionCanonical":"http://smart.who.int/immunizations/ActivityDefinition/IMMZD2DTCR","dynamicValue":[{"path":"status","expression":{"language":"text/cql-expression","expression":"'active'"}},{"path":"payload.contentString","expression":{"language":"text/cql-identifier","expression":"Guidance"}},{"path":"category.coding","expression":{"description":"Category of communication","language":"text/cql-expression","expression":"Code { system: 'http://terminology.hl7.org/CodeSystem/communication-category', code: 'alert' }"}},{"path":"priority","expression":{"description":"Alert priority","language":"text/cql-expression","expression":"Code { system: 'http://hl7.org/fhir/request-priority', code: 'routine' }"}}]}]}