{"resourceType":"PlanDefinition","id":"IMMZD5DTDengueCI","meta":{"profile":["http://hl7.org/fhir/uv/cpg/StructureDefinition/cpg-recommendationdefinition","http://hl7.org/fhir/uv/crmi/StructureDefinition/crmi-shareableplandefinition","http://hl7.org/fhir/uv/crmi/StructureDefinition/crmi-publishableplandefinition"]},"extension":[{"url":"http://hl7.org/fhir/uv/cpg/StructureDefinition/cpg-knowledgeCapability","valueCode":"computable"}],"url":"http://smart.who.int/immunizations/PlanDefinition/IMMZD5DTDengueCI","version":"0.2.0","name":"IMMZD5DTDengueCI","title":"IMMZ.D5.DT.Dengue contraindications","type":{"coding":[{"system":"http://terminology.hl7.org/CodeSystem/plan-definition-type","code":"eca-rule"}]},"status":"draft","experimental":false,"date":"2025-07-23T20:56:07+00:00","publisher":"WHO","contact":[{"name":"WHO","telecom":[{"system":"url","value":"http://who.int"}]}],"description":"IMMZ.D5.DT.Dengue contraindications\nPotential contraindications","relatedArtifact":[{"type":"citation","citation":"WHO recommendations for routine immunization - summary tables (January 2025)"}],"library":["http://smart.who.int/immunizations/Library/IMMZD5DTDengueCILogic"],"action":[{"title":"Check for contraindications before administering the vaccine(s) due","description":"Contraindication for Dengue immunization","condition":[{"kind":"applicability","expression":{"description":"Dengue vaccination is contraindicated","language":"text/cql-identifier","expression":"Dengue vaccination is contraindicated"}}],"type":{"coding":[{"system":"http://terminology.hl7.org/CodeSystem/action-type","code":"update"}]},"definitionCanonical":"http://smart.who.int/immunizations/ActivityDefinition/IMMZD5DTDengueMR","dynamicValue":[{"path":"id","expression":{"description":"Draft Medication Request ID for Dengue dose","language":"text/cql-identifier","expression":"Draft Medication Request ID for Dengue dose"}}]},{"title":"Check for Guidance for the patient regarding IMMZ.D5.DT.Dengue contraindications.","description":"Show Guidance for the patient regarding IMMZ.D5.DT.Dengue contraindications.","condition":[{"kind":"applicability","expression":{"description":"Has Guidance","language":"text/cql-identifier","expression":"Has Guidance"}}],"definitionCanonical":"http://smart.who.int/immunizations/ActivityDefinition/IMMZD2DTCR","dynamicValue":[{"path":"status","expression":{"language":"text/cql-expression","expression":"'active'"}},{"path":"payload.contentString","expression":{"language":"text/cql-identifier","expression":"Guidance"}},{"path":"category.coding","expression":{"description":"Category of communication","language":"text/cql-expression","expression":"Code { system: 'http://terminology.hl7.org/CodeSystem/communication-category', code: 'alert' }"}},{"path":"priority","expression":{"description":"Alert priority","language":"text/cql-expression","expression":"Code { system: 'http://hl7.org/fhir/request-priority', code: 'routine' }"}}]}]}