{"resourceType":"Basic","id":"DD.IMMZ.D2.DT.JE","meta":{"profile":["http://smart.who.int/base/StructureDefinition/SGRequirements"]},"text":{"status":"generated","div":"<div xmlns=\"http://www.w3.org/1999/xhtml\"><p class=\"res-header-id\"><b>Generated Narrative: Requirements DD.IMMZ.D2.DT.JE</b></p><a name=\"DD.IMMZ.D2.DT.JE\"> </a><a name=\"hcDD.IMMZ.D2.DT.JE\"> </a><div style=\"display: inline-block; background-color: #d9e0e7; padding: 6px; margin: 4px; border: 1px solid #8da1b4; border-radius: 5px; line-height: 60%\"><p style=\"margin-bottom: 0px\"/><p style=\"margin-bottom: 0px\">Profile: <a href=\"https://build.fhir.org/ig/WorldHealthOrganization/smart-base/StructureDefinition-SGRequirements.html\">SMART Guidelines Requirements</a></p></div><table class=\"grid\"/></div>"},"extension":[{"url":"http://smart.who.int/base/StructureDefinition/SGTask","valueCoding":{"system":"http://smart.who.int/base/CodeSystem/SGTasks","code":"businessRuleTask"}},{"url":"http://hl7.org/fhir/5.0/StructureDefinition/extension-Requirements.url","valueUri":"http://smart.who.int/immunizations/Requirements/DD.IMMZ.D2.DT.JE"},{"url":"http://hl7.org/fhir/5.0/StructureDefinition/extension-Requirements.version","valueString":"0.2.0"},{"url":"http://hl7.org/fhir/5.0/StructureDefinition/extension-Requirements.name","valueString":"Determine required JE vaccination(s) if any"},{"url":"http://hl7.org/fhir/5.0/StructureDefinition/extension-Requirements.title","valueString":"Determine required JE vaccination(s) if any"},{"url":"http://hl7.org/fhir/5.0/StructureDefinition/extension-Requirements.status","valueCode":"draft"},{"url":"http://hl7.org/fhir/5.0/StructureDefinition/extension-Requirements.experimental","valueBoolean":false},{"url":"http://hl7.org/fhir/5.0/StructureDefinition/extension-Requirements.date","valueDateTime":"2025-07-23T20:56:07+00:00"},{"url":"http://hl7.org/fhir/5.0/StructureDefinition/extension-Requirements.publisher","valueString":"WHO"},{"url":"http://hl7.org/fhir/5.0/StructureDefinition/extension-Requirements.contact","valueContactDetail":{"name":"WHO","telecom":[{"system":"url","value":"http://who.int"}]}},{"url":"http://hl7.org/fhir/5.0/StructureDefinition/extension-Requirements.description","valueMarkdown":"This is the requirement \"Determine required JE vaccination(s) if any\" as extracted from the Digital Adaptation Kit (DAK).\n\n"},{"url":"http://hl7.org/fhir/5.0/StructureDefinition/extension-Requirements.jurisdiction"}],"code":{"coding":[{"system":"http://hl7.org/fhir/fhir-types","code":"Requirements"}]}}