{"resourceType":"ValueSet","id":"IMMZ.Z.DE14","text":{"status":"generated","div":"<div xmlns=\"http://www.w3.org/1999/xhtml\"><p class=\"res-header-id\"><b>Generated Narrative: ValueSet IMMZ.Z.DE14</b></p><a name=\"IMMZ.Z.DE14\"> </a><a name=\"hcIMMZ.Z.DE14\"> </a><p>This value set expansion contains 27 concepts.</p><table class=\"codes\"><tr><td style=\"white-space:nowrap\"><b>Code</b></td><td><b>System</b></td><td><b>Display</b></td><td><b>Definition</b></td></tr><tr><td style=\"white-space:nowrap\"><a name=\"IMMZ.Z.DE14-http://smart.who.int/immunizations/CodeSystem/IMMZ.Z-DE14\"> </a>\u00a0\u00a0<a href=\"CodeSystem-IMMZ.Z.html#IMMZ.Z-DE14\">DE14</a></td><td>http://smart.who.int/immunizations/CodeSystem/IMMZ.Z</td><td>Poliovirus-containing vaccines</td><td>Vaccine terminology codes for poliovirus</td></tr><tr><td style=\"white-space:nowrap\"><a name=\"IMMZ.Z.DE14-http://id.who.int/icd/release/11/mms-XM0N50\"> </a>\u00a0\u00a0XM0N50</td><td>http://id.who.int/icd/release/11/mms</td><td>Poliomyelitis vaccines</td><td/></tr><tr><td style=\"white-space:nowrap\"><a name=\"IMMZ.Z.DE14-http://snomed.info/sct-1031000221108\"> </a>\u00a0\u00a0<a href=\"http://snomed.info/id/1031000221108\">1031000221108</a></td><td>http://snomed.info/sct</td><td>Vaccine product containing Human poliovirus antigen (medicinal product)</td><td/></tr><tr><td style=\"white-space:nowrap\"><a name=\"IMMZ.Z.DE14-http://www.whocc.no/atc-J07BF\"> </a>\u00a0\u00a0J07BF</td><td>http://www.whocc.no/atc</td><td>Poliomyelitis vaccines</td><td/></tr><tr><td style=\"white-space:nowrap\"><a name=\"IMMZ.Z.DE14-http://id.who.int/icd/release/11/mms-XM1LX9\"> </a>\u00a0\u00a0XM1LX9</td><td>http://id.who.int/icd/release/11/mms</td><td>Diphtheria, hemophilus influenzae B, pertussis, poliomyelitis, tetanus vaccines</td><td/></tr><tr><td style=\"white-space:nowrap\"><a name=\"IMMZ.Z.DE14-http://www.whocc.no/atc-J07CA06\"> </a>\u00a0\u00a0J07CA06</td><td>http://www.whocc.no/atc</td><td>Diphtheria-haemophilus influenzae B-pertussis-poliomyelitis-tetanus</td><td/></tr><tr><td style=\"white-space:nowrap\"><a name=\"IMMZ.Z.DE14-http://id.who.int/icd/release/11/mms-XM09Q7\"> </a>\u00a0\u00a0XM09Q7</td><td>http://id.who.int/icd/release/11/mms</td><td>Diphtheria, pertussis, poliomyelitis, tetanus vaccines</td><td/></tr><tr><td style=\"white-space:nowrap\"><a name=\"IMMZ.Z.DE14-http://www.whocc.no/atc-J07CA02\"> </a>\u00a0\u00a0J07CA02</td><td>http://www.whocc.no/atc</td><td>Diphtheria-pertussis-poliomyelitis-tetanus</td><td/></tr><tr><td style=\"white-space:nowrap\"><a name=\"IMMZ.Z.DE14-http://id.who.int/icd/release/11/mms-XM0LT9\"> </a>\u00a0\u00a0XM0LT9</td><td>http://id.who.int/icd/release/11/mms</td><td>Diphtheria, pertussis, poliomyelitis, tetanus, hepatitis B vaccines</td><td/></tr><tr><td style=\"white-space:nowrap\"><a name=\"IMMZ.Z.DE14-http://www.whocc.no/atc-J07CA12\"> </a>\u00a0\u00a0J07CA12</td><td>http://www.whocc.no/atc</td><td>Diphtheria-pertussis-poliomyelitis-tetanus-hepatitis B</td><td/></tr><tr><td style=\"white-space:nowrap\"><a name=\"IMMZ.Z.DE14-http://id.who.int/icd/release/11/mms-XM8AW1\"> </a>\u00a0\u00a0XM8AW1</td><td>http://id.who.int/icd/release/11/mms</td><td>Diphtheria, poliomyelitis, tetanus vaccines</td><td/></tr><tr><td style=\"white-space:nowrap\"><a name=\"IMMZ.Z.DE14-http://www.whocc.no/atc-J07CA01\"> </a>\u00a0\u00a0J07CA01</td><td>http://www.whocc.no/atc</td><td>Diphtheria-poliomyelitis-tetanus</td><td/></tr><tr><td style=\"white-space:nowrap\"><a name=\"IMMZ.Z.DE14-http://id.who.int/icd/release/11/mms-XM01H1\"> </a>\u00a0\u00a0XM01H1</td><td>http://id.who.int/icd/release/11/mms</td><td>Hemophilus influenzae B and poliomyelitis vaccines</td><td/></tr><tr><td style=\"white-space:nowrap\"><a name=\"IMMZ.Z.DE14-http://www.whocc.no/atc-J07CA04\"> </a>\u00a0\u00a0J07CA04</td><td>http://www.whocc.no/atc</td><td>Haemophilus influenzae B and poliomyelitis</td><td/></tr><tr><td style=\"white-space:nowrap\"><a name=\"IMMZ.Z.DE14-http://id.who.int/icd/release/11/mms-XM21E6\"> </a>\u00a0\u00a0XM21E6</td><td>http://id.who.int/icd/release/11/mms</td><td>Diphtheria tetanus, acellular pertussis, inactivated polio virus, haemophilus Influenzae type B vaccines</td><td/></tr><tr><td style=\"white-space:nowrap\"><a name=\"IMMZ.Z.DE14-http://id.who.int/icd/release/11/mms-XM84S1\"> </a>\u00a0\u00a0XM84S1</td><td>http://id.who.int/icd/release/11/mms</td><td>Diphtheria, hepatitis B, tetanus, acellular pertussis, inactivated polio virus, haemophilus Influenzae type B vaccines</td><td/></tr><tr><td style=\"white-space:nowrap\"><a name=\"IMMZ.Z.DE14-http://id.who.int/icd/release/11/mms-XM9JP8\"> </a>\u00a0\u00a0XM9JP8</td><td>http://id.who.int/icd/release/11/mms</td><td>Diphtheria, tetanus, acellular pertussis, inactivated polio virus vaccines</td><td/></tr><tr><td style=\"white-space:nowrap\"><a name=\"IMMZ.Z.DE14-http://id.who.int/icd/release/11/mms-XM5V19\"> </a>\u00a0\u00a0XM5V19</td><td>http://id.who.int/icd/release/11/mms</td><td>Poliomyelitis, trivalent, inactivated, whole virus</td><td/></tr><tr><td style=\"white-space:nowrap\"><a name=\"IMMZ.Z.DE14-http://www.whocc.no/atc-J07BF03\"> </a>\u00a0\u00a0J07BF03</td><td>http://www.whocc.no/atc</td><td>Poliomyelitis, trivalent, inactivated, whole virus</td><td/></tr><tr><td style=\"white-space:nowrap\"><a name=\"IMMZ.Z.DE14-http://www.whocc.no/atc-J07CA09\"> </a>\u00a0\u00a0J07CA09</td><td>http://www.whocc.no/atc</td><td>Diphtheria-haemophilus influenzae B-pertussis-poliomyelitis-tetanus-hepatitis B</td><td/></tr><tr><td style=\"white-space:nowrap\"><a name=\"IMMZ.Z.DE14-http://id.who.int/icd/release/11/mms-XM79H3\"> </a>\u00a0\u00a0XM79H3</td><td>http://id.who.int/icd/release/11/mms</td><td>Poliomyelitis oral, bivalent, live attenuated</td><td/></tr><tr><td style=\"white-space:nowrap\"><a name=\"IMMZ.Z.DE14-http://www.whocc.no/atc-J07BF04\"> </a>\u00a0\u00a0J07BF04</td><td>http://www.whocc.no/atc</td><td>Poliomyelitis oral, bivalent, live attenuated</td><td/></tr><tr><td style=\"white-space:nowrap\"><a name=\"IMMZ.Z.DE14-http://id.who.int/icd/release/11/mms-XM0VX8\"> </a>\u00a0\u00a0XM0VX8</td><td>http://id.who.int/icd/release/11/mms</td><td>Poliomyelitis oral, monovalent live attenuated</td><td/></tr><tr><td style=\"white-space:nowrap\"><a name=\"IMMZ.Z.DE14-http://www.whocc.no/atc-J07BF01\"> </a>\u00a0\u00a0J07BF01</td><td>http://www.whocc.no/atc</td><td>Poliomyelitis oral, monovalent, live attenuated</td><td/></tr><tr><td style=\"white-space:nowrap\"><a name=\"IMMZ.Z.DE14-http://id.who.int/icd/release/11/mms-XM0KZ1\"> </a>\u00a0\u00a0XM0KZ1</td><td>http://id.who.int/icd/release/11/mms</td><td>Poliomyelitis oral, trivalent, live attenuated</td><td/></tr><tr><td style=\"white-space:nowrap\"><a name=\"IMMZ.Z.DE14-http://www.whocc.no/atc-J07BF02\"> </a>\u00a0\u00a0J07BF02</td><td>http://www.whocc.no/atc</td><td>Poliomyelitis oral, trivalent, live attenuated</td><td/></tr><tr><td style=\"white-space:nowrap\"><a name=\"IMMZ.Z.DE14-http://snomed.info/sct-871740006\"> </a>\u00a0\u00a0<a href=\"http://snomed.info/id/871740006\">871740006</a></td><td>http://snomed.info/sct</td><td>Inactivated whole Human poliovirus antigen only vaccine product</td><td/></tr></table></div>"},"url":"http://smart.who.int/immunizations/ValueSet/IMMZ.Z.DE14","version":"0.2.0","name":"IMMZ_Z_DE14","title":"IMMZ.Z.DE14 ValueSet for Poliovirus-containing vaccines","status":"active","date":"2025-07-23T20:56:07+00:00","publisher":"WHO","contact":[{"name":"WHO","telecom":[{"system":"url","value":"http://who.int"}]}],"description":"ValueSet for Poliovirus-containing vaccines for IMMZ.Z.DE14","compose":{"include":[{"system":"http://smart.who.int/immunizations/CodeSystem/IMMZ.Z","concept":[{"code":"DE14","display":"Poliovirus-containing vaccines"}]},{"system":"http://id.who.int/icd/release/11/mms","concept":[{"code":"XM0N50","display":"Poliomyelitis vaccines"},{"code":"XM1LX9","display":"Diphtheria, hemophilus influenzae B, pertussis, poliomyelitis, tetanus vaccines"},{"code":"XM09Q7","display":"Diphtheria, pertussis, poliomyelitis, tetanus vaccines"},{"code":"XM0LT9","display":"Diphtheria, pertussis, poliomyelitis, tetanus, hepatitis B vaccines"},{"code":"XM8AW1","display":"Diphtheria, poliomyelitis, tetanus vaccines"},{"code":"XM01H1","display":"Hemophilus influenzae B and poliomyelitis vaccines"},{"code":"XM21E6","display":"Diphtheria tetanus, acellular pertussis, inactivated polio virus, haemophilus Influenzae type B vaccines"},{"code":"XM84S1","display":"Diphtheria, hepatitis B, tetanus, acellular pertussis, inactivated polio virus, haemophilus Influenzae type B vaccines"},{"code":"XM9JP8","display":"Diphtheria, tetanus, acellular pertussis, inactivated polio virus vaccines"},{"code":"XM5V19","display":"Poliomyelitis, trivalent, inactivated, whole virus"},{"code":"XM79H3","display":"Poliomyelitis oral, bivalent, live attenuated"},{"code":"XM0VX8","display":"Poliomyelitis oral, monovalent live attenuated"},{"code":"XM0KZ1","display":"Poliomyelitis oral, trivalent, live attenuated"}]},{"system":"http://snomed.info/sct","concept":[{"code":"1031000221108","display":"Vaccine product containing Human poliovirus antigen (medicinal product)"},{"code":"871740006","display":"Inactivated whole Human poliovirus antigen only vaccine product"}]},{"system":"http://www.whocc.no/atc","concept":[{"code":"J07BF","display":"Poliomyelitis vaccines"},{"code":"J07CA06","display":"Diphtheria-haemophilus influenzae B-pertussis-poliomyelitis-tetanus"},{"code":"J07CA02","display":"Diphtheria-pertussis-poliomyelitis-tetanus"},{"code":"J07CA12","display":"Diphtheria-pertussis-poliomyelitis-tetanus-hepatitis B"},{"code":"J07CA01","display":"Diphtheria-poliomyelitis-tetanus"},{"code":"J07CA04","display":"Haemophilus influenzae B and poliomyelitis"},{"code":"J07BF03","display":"Poliomyelitis, trivalent, inactivated, whole virus"},{"code":"J07CA09","display":"Diphtheria-haemophilus influenzae B-pertussis-poliomyelitis-tetanus-hepatitis B"},{"code":"J07BF04","display":"Poliomyelitis oral, bivalent, live attenuated"},{"code":"J07BF01","display":"Poliomyelitis oral, monovalent, live attenuated"},{"code":"J07BF02","display":"Poliomyelitis oral, trivalent, live attenuated"}]}]},"expansion":{"timestamp":"2025-06-25T16:39:07.092Z","contains":[{"system":"http://smart.who.int/immunizations/CodeSystem/IMMZ.Z","code":"DE14","display":"Poliovirus-containing vaccines"},{"system":"http://id.who.int/icd/release/11/mms","code":"XM0N50","display":"Poliomyelitis vaccines"},{"system":"http://snomed.info/sct","code":"1031000221108","display":"Vaccine product containing Human poliovirus antigen (medicinal product)"},{"system":"http://www.whocc.no/atc","code":"J07BF","display":"Poliomyelitis vaccines"},{"system":"http://id.who.int/icd/release/11/mms","code":"XM1LX9","display":"Diphtheria, hemophilus influenzae B, pertussis, poliomyelitis, tetanus vaccines"},{"system":"http://www.whocc.no/atc","code":"J07CA06","display":"Diphtheria-haemophilus influenzae B-pertussis-poliomyelitis-tetanus"},{"system":"http://id.who.int/icd/release/11/mms","code":"XM09Q7","display":"Diphtheria, pertussis, poliomyelitis, tetanus vaccines"},{"system":"http://www.whocc.no/atc","code":"J07CA02","display":"Diphtheria-pertussis-poliomyelitis-tetanus"},{"system":"http://id.who.int/icd/release/11/mms","code":"XM0LT9","display":"Diphtheria, pertussis, poliomyelitis, tetanus, hepatitis B vaccines"},{"system":"http://www.whocc.no/atc","code":"J07CA12","display":"Diphtheria-pertussis-poliomyelitis-tetanus-hepatitis B"},{"system":"http://id.who.int/icd/release/11/mms","code":"XM8AW1","display":"Diphtheria, poliomyelitis, tetanus vaccines"},{"system":"http://www.whocc.no/atc","code":"J07CA01","display":"Diphtheria-poliomyelitis-tetanus"},{"system":"http://id.who.int/icd/release/11/mms","code":"XM01H1","display":"Hemophilus influenzae B and poliomyelitis vaccines"},{"system":"http://www.whocc.no/atc","code":"J07CA04","display":"Haemophilus influenzae B and poliomyelitis"},{"system":"http://id.who.int/icd/release/11/mms","code":"XM21E6","display":"Diphtheria tetanus, acellular pertussis, inactivated polio virus, haemophilus Influenzae type B vaccines"},{"system":"http://id.who.int/icd/release/11/mms","code":"XM84S1","display":"Diphtheria, hepatitis B, tetanus, acellular pertussis, inactivated polio virus, haemophilus Influenzae type B vaccines"},{"system":"http://id.who.int/icd/release/11/mms","code":"XM9JP8","display":"Diphtheria, tetanus, acellular pertussis, inactivated polio virus vaccines"},{"system":"http://id.who.int/icd/release/11/mms","code":"XM5V19","display":"Poliomyelitis, trivalent, inactivated, whole virus"},{"system":"http://www.whocc.no/atc","code":"J07BF03","display":"Poliomyelitis, trivalent, inactivated, whole virus"},{"system":"http://www.whocc.no/atc","code":"J07CA09","display":"Diphtheria-haemophilus influenzae B-pertussis-poliomyelitis-tetanus-hepatitis B"},{"system":"http://id.who.int/icd/release/11/mms","code":"XM79H3","display":"Poliomyelitis oral, bivalent, live attenuated"},{"system":"http://www.whocc.no/atc","code":"J07BF04","display":"Poliomyelitis oral, bivalent, live attenuated"},{"system":"http://id.who.int/icd/release/11/mms","code":"XM0VX8","display":"Poliomyelitis oral, monovalent live attenuated"},{"system":"http://www.whocc.no/atc","code":"J07BF01","display":"Poliomyelitis oral, monovalent, live attenuated"},{"system":"http://id.who.int/icd/release/11/mms","code":"XM0KZ1","display":"Poliomyelitis oral, trivalent, live attenuated"},{"system":"http://www.whocc.no/atc","code":"J07BF02","display":"Poliomyelitis oral, trivalent, live attenuated"},{"system":"http://snomed.info/sct","code":"871740006","display":"Inactivated whole Human poliovirus antigen only vaccine product"}]}}