{"resourceType":"ValueSet","id":"IMMZ.I.DE30","text":{"status":"generated","div":"<div xmlns=\"http://www.w3.org/1999/xhtml\"><p class=\"res-header-id\"><b>Generated Narrative: ValueSet IMMZ.I.DE30</b></p><a name=\"IMMZ.I.DE30\"> </a><a name=\"hcIMMZ.I.DE30\"> </a><p>This value set expansion contains 9 concepts.</p><table class=\"codes\"><tr><td style=\"white-space:nowrap\"><b>Code</b></td><td><b>System</b></td><td><b>Display</b></td><td><b>Definition</b></td></tr><tr><td style=\"white-space:nowrap\"><a name=\"IMMZ.I.DE30-http://smart.who.int/immunizations/CodeSystem/IMMZ.I-DE31\"> </a>\u00a0\u00a0<a href=\"CodeSystem-IMMZ.I.html#IMMZ.I-DE31\">DE31</a></td><td>http://smart.who.int/immunizations/CodeSystem/IMMZ.I</td><td>By-Sex</td><td>A disaggregation grouped by the indicator population's sex values</td></tr><tr><td style=\"white-space:nowrap\"><a name=\"IMMZ.I.DE30-http://smart.who.int/immunizations/CodeSystem/IMMZ.I-DE32\"> </a>\u00a0\u00a0<a href=\"CodeSystem-IMMZ.I.html#IMMZ.I-DE32\">DE32</a></td><td>http://smart.who.int/immunizations/CodeSystem/IMMZ.I</td><td>By-Administrative Area</td><td>A disaggregation grouped by the indicator population's administrative regions/areas</td></tr><tr><td style=\"white-space:nowrap\"><a name=\"IMMZ.I.DE30-http://smart.who.int/immunizations/CodeSystem/IMMZ.I-DE33\"> </a>\u00a0\u00a0<a href=\"CodeSystem-IMMZ.I.html#IMMZ.I-DE33\">DE33</a></td><td>http://smart.who.int/immunizations/CodeSystem/IMMZ.I</td><td>By-Age group</td><td>A disaggregation grouped by the indicator population's age groups</td></tr><tr><td style=\"white-space:nowrap\"><a name=\"IMMZ.I.DE30-http://smart.who.int/immunizations/CodeSystem/IMMZ.I-DE34\"> </a>\u00a0\u00a0<a href=\"CodeSystem-IMMZ.I.html#IMMZ.I-DE34\">DE34</a></td><td>http://smart.who.int/immunizations/CodeSystem/IMMZ.I</td><td>By-Dose number</td><td>A disaggregation grouped by the indicator population's dose numbers for a specific vaccine</td></tr><tr><td style=\"white-space:nowrap\"><a name=\"IMMZ.I.DE30-http://smart.who.int/immunizations/CodeSystem/IMMZ.I-DE35\"> </a>\u00a0\u00a0<a href=\"CodeSystem-IMMZ.I.html#IMMZ.I-DE35\">DE35</a></td><td>http://smart.who.int/immunizations/CodeSystem/IMMZ.I</td><td>By-Vaccine type</td><td>A disaggregation grouped by the indicator population's vaccine types</td></tr><tr><td style=\"white-space:nowrap\"><a name=\"IMMZ.I.DE30-http://smart.who.int/immunizations/CodeSystem/IMMZ.I-DE36\"> </a>\u00a0\u00a0<a href=\"CodeSystem-IMMZ.I.html#IMMZ.I-DE36\">DE36</a></td><td>http://smart.who.int/immunizations/CodeSystem/IMMZ.I</td><td>By-Vaccine manufacturer</td><td>A disaggregation grouped by the indicator population's vaccine manufacturers for a specific vaccine</td></tr><tr><td style=\"white-space:nowrap\"><a name=\"IMMZ.I.DE30-http://smart.who.int/immunizations/CodeSystem/IMMZ.I-DE37\"> </a>\u00a0\u00a0<a href=\"CodeSystem-IMMZ.I.html#IMMZ.I-DE37\">DE37</a></td><td>http://smart.who.int/immunizations/CodeSystem/IMMZ.I</td><td>By-Reaction manifestation</td><td>A disaggregation grouped by the indicator population's reaction manifestations for a specific vaccine</td></tr><tr><td style=\"white-space:nowrap\"><a name=\"IMMZ.I.DE30-http://smart.who.int/immunizations/CodeSystem/IMMZ.I-DE39\"> </a>\u00a0\u00a0<a href=\"CodeSystem-IMMZ.I.html#IMMZ.I-DE39\">DE39</a></td><td>http://smart.who.int/immunizations/CodeSystem/IMMZ.I</td><td>By-Type of reaction</td><td>A disaggregation grouped by the indicator population's type of reaction for a specific vaccine</td></tr><tr><td style=\"white-space:nowrap\"><a name=\"IMMZ.I.DE30-http://smart.who.int/immunizations/CodeSystem/IMMZ.I-DE54\"> </a>\u00a0\u00a0<a href=\"CodeSystem-IMMZ.I.html#IMMZ.I-DE54\">DE54</a></td><td>http://smart.who.int/immunizations/CodeSystem/IMMZ.I</td><td>By-Risk and occupational group</td><td>A disaggregation grouped by the indicator population's risk and occupational group</td></tr></table></div>"},"url":"http://smart.who.int/immunizations/ValueSet/IMMZ.I.DE30","version":"0.2.0","name":"IMMZ_I_DE30","title":"IMMZ.I.DE30 ValueSet for Disaggregation group","status":"active","date":"2025-07-23T20:56:07+00:00","publisher":"WHO","contact":[{"name":"WHO","telecom":[{"system":"url","value":"http://who.int"}]}],"description":"ValueSet for Disaggregation group for IMMZ.I.DE30","compose":{"include":[{"system":"http://smart.who.int/immunizations/CodeSystem/IMMZ.I","concept":[{"code":"DE31","display":"By-Sex"},{"code":"DE32","display":"By-Administrative Area"},{"code":"DE33","display":"By-Age group"},{"code":"DE34","display":"By-Dose number"},{"code":"DE35","display":"By-Vaccine type"},{"code":"DE36","display":"By-Vaccine manufacturer"},{"code":"DE37","display":"By-Reaction manifestation"},{"code":"DE39","display":"By-Type of reaction"},{"code":"DE54","display":"By-Risk and occupational group"}]}]},"expansion":{"timestamp":"2025-06-25T16:39:07.092Z","contains":[{"system":"http://smart.who.int/immunizations/CodeSystem/IMMZ.I","code":"DE31","display":"By-Sex"},{"system":"http://smart.who.int/immunizations/CodeSystem/IMMZ.I","code":"DE32","display":"By-Administrative Area"},{"system":"http://smart.who.int/immunizations/CodeSystem/IMMZ.I","code":"DE33","display":"By-Age group"},{"system":"http://smart.who.int/immunizations/CodeSystem/IMMZ.I","code":"DE34","display":"By-Dose number"},{"system":"http://smart.who.int/immunizations/CodeSystem/IMMZ.I","code":"DE35","display":"By-Vaccine type"},{"system":"http://smart.who.int/immunizations/CodeSystem/IMMZ.I","code":"DE36","display":"By-Vaccine manufacturer"},{"system":"http://smart.who.int/immunizations/CodeSystem/IMMZ.I","code":"DE37","display":"By-Reaction manifestation"},{"system":"http://smart.who.int/immunizations/CodeSystem/IMMZ.I","code":"DE39","display":"By-Type of reaction"},{"system":"http://smart.who.int/immunizations/CodeSystem/IMMZ.I","code":"DE54","display":"By-Risk and occupational group"}]}}