{"resourceType":"ValueSet","id":"IMMZ.D2.DT.Cholera.WC","text":{"status":"generated","div":"<div xmlns=\"http://www.w3.org/1999/xhtml\"><p class=\"res-header-id\"><b>Generated Narrative: ValueSet IMMZ.D2.DT.Cholera.WC</b></p><a name=\"IMMZ.D2.DT.Cholera.WC\"> </a><a name=\"hcIMMZ.D2.DT.Cholera.WC\"> </a><p>This value set expansion contains 21 concepts.</p><table class=\"codes\"><tr><td style=\"white-space:nowrap\"><b>Code</b></td><td><b>System</b></td><td><b>Display</b></td><td><b>Definition</b></td></tr><tr><td style=\"white-space:nowrap\"><a name=\"IMMZ.D2.DT.Cholera.WC-http://smart.who.int/immunizations/CodeSystem/IMMZ.D2.DT.Inputs-csailt1y-32.39\"> </a>\u00a0\u00a0<a href=\"CodeSystem-IMMZ.D2.DT.Inputs.html#IMMZ.D2.DT.Inputs-csailt1y-32.4639\">csailt1y-32.39</a></td><td>http://smart.who.int/immunizations/CodeSystem/IMMZ.D2.DT.Inputs</td><td>Client's age is less than 1 year</td><td>Today's date − &quot;Date of birth&quot; &lt; 1 year</td></tr><tr><td style=\"white-space:nowrap\"><a name=\"IMMZ.D2.DT.Cholera.WC-http://smart.who.int/immunizations/CodeSystem/IMMZ.D2.DT.Inputs-csaimtoet1y-44.39\"> </a>\u00a0\u00a0<a href=\"CodeSystem-IMMZ.D2.DT.Inputs.html#IMMZ.D2.DT.Inputs-csaimtoet1y-44.4639\">csaimtoet1y-44.39</a></td><td>http://smart.who.int/immunizations/CodeSystem/IMMZ.D2.DT.Inputs</td><td>Client's age is more than or equal to 1 year</td><td>Today's date − &quot;Date of birth&quot; ≥ 1 year</td></tr><tr><td style=\"white-space:nowrap\"><a name=\"IMMZ.D2.DT.Cholera.WC-http://smart.who.int/immunizations/CodeSystem/IMMZ.D2.DT.Inputs-ncpsdwa-47.116\"> </a>\u00a0\u00a0<a href=\"CodeSystem-IMMZ.D2.DT.Inputs.html#IMMZ.D2.DT.Inputs-ncpsdwa-47.46116\">ncpsdwa-47.116</a></td><td>http://smart.who.int/immunizations/CodeSystem/IMMZ.D2.DT.Inputs</td><td>No cholera primary series dose was administered</td><td>Count of vaccines administered (where &quot;Vaccine type&quot; = &quot;Cholera vaccines&quot; and &quot;Type of dose&quot; = &quot;Primary series&quot;) = 0</td></tr><tr><td style=\"white-space:nowrap\"><a name=\"IMMZ.D2.DT.Cholera.WC-http://smart.who.int/immunizations/CodeSystem/IMMZ.D2.DT.Inputs-ocpsdwa-48.116\"> </a>\u00a0\u00a0<a href=\"CodeSystem-IMMZ.D2.DT.Inputs.html#IMMZ.D2.DT.Inputs-ocpsdwa-48.46116\">ocpsdwa-48.116</a></td><td>http://smart.who.int/immunizations/CodeSystem/IMMZ.D2.DT.Inputs</td><td>One cholera primary series dose was administered</td><td>Count of vaccines administered (where &quot;Vaccine type&quot; = &quot;Cholera vaccines&quot; and &quot;Type of dose&quot; = &quot;Primary series&quot;) = 1</td></tr><tr><td style=\"white-space:nowrap\"><a name=\"IMMZ.D2.DT.Cholera.WC-http://smart.who.int/immunizations/CodeSystem/IMMZ.D2.DT.Inputs-tlcdwalt14da-62.106\"> </a>\u00a0\u00a0<a href=\"CodeSystem-IMMZ.D2.DT.Inputs.html#IMMZ.D2.DT.Inputs-tlcdwalt14da-62.46106\">tlcdwalt14da-62.106</a></td><td>http://smart.who.int/immunizations/CodeSystem/IMMZ.D2.DT.Inputs</td><td>The latest cholera dose was administered less than 14 days ago</td><td>Today's date − latest &quot;Date and time of vaccination&quot; (where &quot;Vaccine type&quot; = &quot;Cholera vaccines&quot;) &lt; 14 days</td></tr><tr><td style=\"white-space:nowrap\"><a name=\"IMMZ.D2.DT.Cholera.WC-http://smart.who.int/immunizations/CodeSystem/IMMZ.D2.DT.Inputs-tlcdwamt14da-62.106\"> </a>\u00a0\u00a0<a href=\"CodeSystem-IMMZ.D2.DT.Inputs.html#IMMZ.D2.DT.Inputs-tlcdwamt14da-62.46106\">tlcdwamt14da-62.106</a></td><td>http://smart.who.int/immunizations/CodeSystem/IMMZ.D2.DT.Inputs</td><td>The latest cholera dose was administered more than 14 days ago</td><td>Today's date − latest &quot;Date and time of vaccination&quot; (where &quot;Vaccine type&quot; = &quot;Cholera vaccines&quot;) ≥ 14 days</td></tr><tr><td style=\"white-space:nowrap\"><a name=\"IMMZ.D2.DT.Cholera.WC-http://smart.who.int/immunizations/CodeSystem/IMMZ.D2.DT.Inputs-tcpsdwa-50.116\"> </a>\u00a0\u00a0<a href=\"CodeSystem-IMMZ.D2.DT.Inputs.html#IMMZ.D2.DT.Inputs-tcpsdwa-50.46116\">tcpsdwa-50.116</a></td><td>http://smart.who.int/immunizations/CodeSystem/IMMZ.D2.DT.Inputs</td><td>Two cholera primary series doses were administered</td><td>Count of vaccines administered (where &quot;Vaccine type&quot; = &quot;Cholera vaccines&quot; and &quot;Type of dose&quot; = &quot;Primary series&quot;) = 2</td></tr><tr><td style=\"white-space:nowrap\"><a name=\"IMMZ.D2.DT.Cholera.WC-http://smart.who.int/immunizations/CodeSystem/IMMZ.D2.DT.Inputs-ncbsdwa-47.114\"> </a>\u00a0\u00a0<a href=\"CodeSystem-IMMZ.D2.DT.Inputs.html#IMMZ.D2.DT.Inputs-ncbsdwa-47.46114\">ncbsdwa-47.114</a></td><td>http://smart.who.int/immunizations/CodeSystem/IMMZ.D2.DT.Inputs</td><td>No cholera booster series dose was administered</td><td>Count of vaccines administered (where &quot;Vaccine type&quot; = &quot;Cholera vaccines&quot; and &quot;Type of dose&quot; = &quot;Booster dose&quot;) = 0</td></tr><tr><td style=\"white-space:nowrap\"><a name=\"IMMZ.D2.DT.Cholera.WC-http://smart.who.int/immunizations/CodeSystem/IMMZ.D2.DT.Inputs-tlcdwalt3ya-62.106\"> </a>\u00a0\u00a0<a href=\"CodeSystem-IMMZ.D2.DT.Inputs.html#IMMZ.D2.DT.Inputs-tlcdwalt3ya-62.46106\">tlcdwalt3ya-62.106</a></td><td>http://smart.who.int/immunizations/CodeSystem/IMMZ.D2.DT.Inputs</td><td>The latest cholera dose was administered less than 3 years ago</td><td>Today's date − latest &quot;Date and time of vaccination&quot; (where &quot;Vaccine type&quot; = &quot;Cholera vaccines&quot;) &lt; 3 years</td></tr><tr><td style=\"white-space:nowrap\"><a name=\"IMMZ.D2.DT.Cholera.WC-http://smart.who.int/immunizations/CodeSystem/IMMZ.D2.DT.Inputs-tlcdwamt3ya-62.106\"> </a>\u00a0\u00a0<a href=\"CodeSystem-IMMZ.D2.DT.Inputs.html#IMMZ.D2.DT.Inputs-tlcdwamt3ya-62.46106\">tlcdwamt3ya-62.106</a></td><td>http://smart.who.int/immunizations/CodeSystem/IMMZ.D2.DT.Inputs</td><td>The latest cholera dose was administered more than 3 years ago</td><td>Today's date − latest &quot;Date and time of vaccination&quot; (where &quot;Vaccine type&quot; = &quot;Cholera vaccines&quot;) ≥ 3 years</td></tr><tr><td style=\"white-space:nowrap\"><a name=\"IMMZ.D2.DT.Cholera.WC-http://smart.who.int/immunizations/CodeSystem/IMMZ.D2.DT.Inputs-alobsdwa-49.115\"> </a>\u00a0\u00a0<a href=\"CodeSystem-IMMZ.D2.DT.Inputs.html#IMMZ.D2.DT.Inputs-alobsdwa-49.46115\">alobsdwa-49.115</a></td><td>http://smart.who.int/immunizations/CodeSystem/IMMZ.D2.DT.Inputs</td><td>At least one booster series dose was administered</td><td>Count of vaccines administered (where &quot;Vaccine type&quot; = &quot;Cholera vaccines&quot; and &quot;Type of dose&quot; = &quot;Booster dose&quot;) &gt;= 1</td></tr><tr><td style=\"white-space:nowrap\"><a name=\"IMMZ.D2.DT.Cholera.WC-http://smart.who.int/immunizations/CodeSystem/IMMZ.D2.DT.Inputs-dnotldio-37.68\"> </a>\u00a0\u00a0<a href=\"CodeSystem-IMMZ.D2.DT.Inputs.html#IMMZ.D2.DT.Inputs-dnotldio-37.4668\">dnotldio-37.68</a></td><td>http://smart.who.int/immunizations/CodeSystem/IMMZ.D2.DT.Inputs</td><td>Dose number of the latest dose is one</td><td>Latest &quot;Dose number&quot; (where &quot;Vaccine type&quot; = &quot;Cholera vaccines&quot;) = 1</td></tr><tr><td style=\"white-space:nowrap\"><a name=\"IMMZ.D2.DT.Cholera.WC-http://smart.who.int/immunizations/CodeSystem/IMMZ.D2.DT.Inputs-tlcdwamt14daalt3ya-88.118\"> </a>\u00a0\u00a0<a href=\"CodeSystem-IMMZ.D2.DT.Inputs.html#IMMZ.D2.DT.Inputs-tlcdwamt14daalt3ya-88.46118\">tlcdwamt14daalt3ya-88.118</a></td><td>http://smart.who.int/immunizations/CodeSystem/IMMZ.D2.DT.Inputs</td><td>The latest cholera dose was administered more than 14 days ago and less than 3 years ago</td><td>14 days &lt;= Today's date − latest &quot;Date and time of vaccination&quot; (where &quot;Vaccine type&quot; = &quot;Cholera vaccines&quot;) &lt;= 3 years</td></tr><tr><td style=\"white-space:nowrap\"><a name=\"IMMZ.D2.DT.Cholera.WC-http://smart.who.int/immunizations/CodeSystem/IMMZ.D2.DT.Inputs-dnotldit-37.68\"> </a>\u00a0\u00a0<a href=\"CodeSystem-IMMZ.D2.DT.Inputs.html#IMMZ.D2.DT.Inputs-dnotldit-37.4668\">dnotldit-37.68</a></td><td>http://smart.who.int/immunizations/CodeSystem/IMMZ.D2.DT.Inputs</td><td>Dose number of the latest dose is two</td><td>Latest &quot;Dose number&quot; (where &quot;Vaccine type&quot; = &quot;Cholera vaccines&quot;) = 2</td></tr><tr><td style=\"white-space:nowrap\"><a name=\"IMMZ.D2.DT.Cholera.WC-http://smart.who.int/immunizations/CodeSystem/IMMZ.D2.DT.Outputs-cindfcv-41.48\"> </a>\u00a0\u00a0<a href=\"CodeSystem-IMMZ.D2.DT.Outputs.html#IMMZ.D2.DT.Outputs-cindfcv-41.4648\">cindfcv-41.48</a></td><td>http://smart.who.int/immunizations/CodeSystem/IMMZ.D2.DT.Outputs</td><td>Client is not due for cholera vaccination</td><td>&quot;Immunization recommendation status&quot; = &quot;Not due&quot;</td></tr><tr><td style=\"white-space:nowrap\"><a name=\"IMMZ.D2.DT.Cholera.WC-http://smart.who.int/immunizations/CodeSystem/IMMZ.D2.DT.Outputs-cidfcv-37.44\"> </a>\u00a0\u00a0<a href=\"CodeSystem-IMMZ.D2.DT.Outputs.html#IMMZ.D2.DT.Outputs-cidfcv-37.4644\">cidfcv-37.44</a></td><td>http://smart.who.int/immunizations/CodeSystem/IMMZ.D2.DT.Outputs</td><td>Client is due for cholera vaccination</td><td>&quot;Immunization recommendation status&quot; = &quot;Due&quot;</td></tr><tr><td style=\"white-space:nowrap\"><a name=\"IMMZ.D2.DT.Cholera.WC-http://smart.who.int/immunizations/CodeSystem/IMMZ.D2.DT.Outputs-psiccindfcbd-70.48\"> </a>\u00a0\u00a0<a href=\"CodeSystem-IMMZ.D2.DT.Outputs.html#IMMZ.D2.DT.Outputs-psiccindfcbd-70.4648\">psiccindfcbd-70.48</a></td><td>http://smart.who.int/immunizations/CodeSystem/IMMZ.D2.DT.Outputs</td><td>Primary series is complete. Client is not due for cholera booster dose</td><td>&quot;Immunization recommendation status&quot; = &quot;Not due&quot;</td></tr><tr><td style=\"white-space:nowrap\"><a name=\"IMMZ.D2.DT.Cholera.WC-http://smart.who.int/immunizations/CodeSystem/IMMZ.D2.DT.Outputs-psiccidfcbd-66.44\"> </a>\u00a0\u00a0<a href=\"CodeSystem-IMMZ.D2.DT.Outputs.html#IMMZ.D2.DT.Outputs-psiccidfcbd-66.4644\">psiccidfcbd-66.44</a></td><td>http://smart.who.int/immunizations/CodeSystem/IMMZ.D2.DT.Outputs</td><td>Primary series is complete. Client is due for cholera booster dose</td><td>&quot;Immunization recommendation status&quot; = &quot;Due&quot;</td></tr><tr><td style=\"white-space:nowrap\"><a name=\"IMMZ.D2.DT.Cholera.WC-http://smart.who.int/immunizations/CodeSystem/IMMZ.D2.DT.Outputs-cindfcbd-42.48\"> </a>\u00a0\u00a0<a href=\"CodeSystem-IMMZ.D2.DT.Outputs.html#IMMZ.D2.DT.Outputs-cindfcbd-42.4648\">cindfcbd-42.48</a></td><td>http://smart.who.int/immunizations/CodeSystem/IMMZ.D2.DT.Outputs</td><td>Client is not due for cholera booster dose</td><td>&quot;Immunization recommendation status&quot; = &quot;Not due&quot;</td></tr><tr><td style=\"white-space:nowrap\"><a name=\"IMMZ.D2.DT.Cholera.WC-http://smart.who.int/immunizations/CodeSystem/IMMZ.D2.DT.Outputs-cidfcbd-38.44\"> </a>\u00a0\u00a0<a href=\"CodeSystem-IMMZ.D2.DT.Outputs.html#IMMZ.D2.DT.Outputs-cidfcbd-38.4644\">cidfcbd-38.44</a></td><td>http://smart.who.int/immunizations/CodeSystem/IMMZ.D2.DT.Outputs</td><td>Client is due for cholera booster dose</td><td>&quot;Immunization recommendation status&quot; = &quot;Due&quot;</td></tr><tr><td style=\"white-space:nowrap\"><a name=\"IMMZ.D2.DT.Cholera.WC-http://smart.who.int/immunizations/CodeSystem/IMMZ.D2.DT.Outputs-bsic-26.81\"> </a>\u00a0\u00a0<a href=\"CodeSystem-IMMZ.D2.DT.Outputs.html#IMMZ.D2.DT.Outputs-bsic-26.4681\">bsic-26.81</a></td><td>http://smart.who.int/immunizations/CodeSystem/IMMZ.D2.DT.Outputs</td><td>Booster series is complete</td><td>&quot;Completed the booster series&quot; (where &quot;Vaccine type&quot; = &quot;Cholera vaccines&quot;) = TRUE</td></tr></table></div>"},"url":"http://smart.who.int/immunizations/ValueSet/IMMZ.D2.DT.Cholera.WC","version":"0.2.0","name":"IMMZ_D2_DT_Cholera_WC_vaccines","title":"IMMZ.D2.DT.Cholera.WC ValueSet for Decision Table","status":"active","date":"2025-07-23T20:56:07+00:00","publisher":"WHO","contact":[{"name":"WHO","telecom":[{"system":"url","value":"http://who.int"}]}],"description":"ValueSet IMMZ.D2.DT.Cholera.WC for IMMZ.D2.DT.Cholera.WC vaccines.\nBusiness rule: Determine if the client is due for a cholera vaccination according to the national immunization schedule\nTrigger: IMMZ.D2 Determine required vaccination(s) if any  \nTable: Whole-cell (WC) vaccines schedule","compose":{"include":[{"system":"http://smart.who.int/immunizations/CodeSystem/IMMZ.D2.DT.Inputs","concept":[{"code":"csailt1y-32.39","display":"Client's age is less than 1 year"},{"code":"csaimtoet1y-44.39","display":"Client's age is more than or equal to 1 year"},{"code":"ncpsdwa-47.116","display":"No cholera primary series dose was administered"},{"code":"ocpsdwa-48.116","display":"One cholera primary series dose was administered"},{"code":"tlcdwalt14da-62.106","display":"The latest cholera dose was administered less than 14 days ago"},{"code":"tlcdwamt14da-62.106","display":"The latest cholera dose was administered more than 14 days ago"},{"code":"tcpsdwa-50.116","display":"Two cholera primary series doses were administered"},{"code":"ncbsdwa-47.114","display":"No cholera booster series dose was administered"},{"code":"tlcdwalt3ya-62.106","display":"The latest cholera dose was administered less than 3 years ago"},{"code":"tlcdwamt3ya-62.106","display":"The latest cholera dose was administered more than 3 years ago"},{"code":"alobsdwa-49.115","display":"At least one booster series dose was administered"},{"code":"dnotldio-37.68","display":"Dose number of the latest dose is one"},{"code":"tlcdwamt14daalt3ya-88.118","display":"The latest cholera dose was administered more than 14 days ago and less than 3 years ago"},{"code":"dnotldit-37.68","display":"Dose number of the latest dose is two"}]},{"system":"http://smart.who.int/immunizations/CodeSystem/IMMZ.D2.DT.Outputs","concept":[{"code":"cindfcv-41.48","display":"Client is not due for cholera vaccination"},{"code":"cidfcv-37.44","display":"Client is due for cholera vaccination"},{"code":"psiccindfcbd-70.48","display":"Primary series is complete. Client is not due for cholera booster dose"},{"code":"psiccidfcbd-66.44","display":"Primary series is complete. Client is due for cholera booster dose"},{"code":"cindfcbd-42.48","display":"Client is not due for cholera booster dose"},{"code":"cidfcbd-38.44","display":"Client is due for cholera booster dose"},{"code":"bsic-26.81","display":"Booster series is complete"}]}]},"expansion":{"timestamp":"2025-06-25T16:39:07.092Z","contains":[{"system":"http://smart.who.int/immunizations/CodeSystem/IMMZ.D2.DT.Inputs","code":"csailt1y-32.39","display":"Client's age is less than 1 year"},{"system":"http://smart.who.int/immunizations/CodeSystem/IMMZ.D2.DT.Inputs","code":"csaimtoet1y-44.39","display":"Client's age is more than or equal to 1 year"},{"system":"http://smart.who.int/immunizations/CodeSystem/IMMZ.D2.DT.Inputs","code":"ncpsdwa-47.116","display":"No cholera primary series dose was administered"},{"system":"http://smart.who.int/immunizations/CodeSystem/IMMZ.D2.DT.Inputs","code":"ocpsdwa-48.116","display":"One cholera primary series dose was administered"},{"system":"http://smart.who.int/immunizations/CodeSystem/IMMZ.D2.DT.Inputs","code":"tlcdwalt14da-62.106","display":"The latest cholera dose was administered less than 14 days ago"},{"system":"http://smart.who.int/immunizations/CodeSystem/IMMZ.D2.DT.Inputs","code":"tlcdwamt14da-62.106","display":"The latest cholera dose was administered more than 14 days ago"},{"system":"http://smart.who.int/immunizations/CodeSystem/IMMZ.D2.DT.Inputs","code":"tcpsdwa-50.116","display":"Two cholera primary series doses were administered"},{"system":"http://smart.who.int/immunizations/CodeSystem/IMMZ.D2.DT.Inputs","code":"ncbsdwa-47.114","display":"No cholera booster series dose was administered"},{"system":"http://smart.who.int/immunizations/CodeSystem/IMMZ.D2.DT.Inputs","code":"tlcdwalt3ya-62.106","display":"The latest cholera dose was administered less than 3 years ago"},{"system":"http://smart.who.int/immunizations/CodeSystem/IMMZ.D2.DT.Inputs","code":"tlcdwamt3ya-62.106","display":"The latest cholera dose was administered more than 3 years ago"},{"system":"http://smart.who.int/immunizations/CodeSystem/IMMZ.D2.DT.Inputs","code":"alobsdwa-49.115","display":"At least one booster series dose was administered"},{"system":"http://smart.who.int/immunizations/CodeSystem/IMMZ.D2.DT.Inputs","code":"dnotldio-37.68","display":"Dose number of the latest dose is one"},{"system":"http://smart.who.int/immunizations/CodeSystem/IMMZ.D2.DT.Inputs","code":"tlcdwamt14daalt3ya-88.118","display":"The latest cholera dose was administered more than 14 days ago and less than 3 years ago"},{"system":"http://smart.who.int/immunizations/CodeSystem/IMMZ.D2.DT.Inputs","code":"dnotldit-37.68","display":"Dose number of the latest dose is two"},{"system":"http://smart.who.int/immunizations/CodeSystem/IMMZ.D2.DT.Outputs","code":"cindfcv-41.48","display":"Client is not due for cholera vaccination"},{"system":"http://smart.who.int/immunizations/CodeSystem/IMMZ.D2.DT.Outputs","code":"cidfcv-37.44","display":"Client is due for cholera vaccination"},{"system":"http://smart.who.int/immunizations/CodeSystem/IMMZ.D2.DT.Outputs","code":"psiccindfcbd-70.48","display":"Primary series is complete. Client is not due for cholera booster dose"},{"system":"http://smart.who.int/immunizations/CodeSystem/IMMZ.D2.DT.Outputs","code":"psiccidfcbd-66.44","display":"Primary series is complete. Client is due for cholera booster dose"},{"system":"http://smart.who.int/immunizations/CodeSystem/IMMZ.D2.DT.Outputs","code":"cindfcbd-42.48","display":"Client is not due for cholera booster dose"},{"system":"http://smart.who.int/immunizations/CodeSystem/IMMZ.D2.DT.Outputs","code":"cidfcbd-38.44","display":"Client is due for cholera booster dose"},{"system":"http://smart.who.int/immunizations/CodeSystem/IMMZ.D2.DT.Outputs","code":"bsic-26.81","display":"Booster series is complete"}]}}