{"resourceType":"ValueSet","id":"IMMZ.D.DE18","text":{"status":"generated","div":"<div xmlns=\"http://www.w3.org/1999/xhtml\"><p class=\"res-header-id\"><b>Generated Narrative: ValueSet IMMZ.D.DE18</b></p><a name=\"IMMZ.D.DE18\"> </a><a name=\"hcIMMZ.D.DE18\"> </a><p>This value set expansion contains 1 concepts.</p><table class=\"codes\"><tr><td style=\"white-space:nowrap\"><b>Code</b></td><td><b>System</b></td><td><b>Display</b></td></tr><tr><td style=\"white-space:nowrap\"><a name=\"IMMZ.D.DE18-http://smart.who.int/immunizations/CodeSystem/IMMZ.Ex-brand\"> </a>\u00a0\u00a0<a href=\"CodeSystem-IMMZ.Ex.html#IMMZ.Ex-brand\">brand</a></td><td>http://smart.who.int/immunizations/CodeSystem/IMMZ.Ex</td><td>Example Brand</td></tr></table></div>"},"url":"http://smart.who.int/immunizations/ValueSet/IMMZ.D.DE18","version":"0.2.0","name":"IMMZ_D_DE18","title":"IMMZ.D.DE18 ValueSet for Vaccine brand","status":"active","date":"2025-07-23T20:56:07+00:00","publisher":"WHO","contact":[{"name":"WHO","telecom":[{"system":"url","value":"http://who.int"}]}],"description":"ValueSet for Vaccine brand for IMMZ.D.DE18","compose":{"include":[{"system":"http://smart.who.int/immunizations/CodeSystem/IMMZ.Ex","concept":[{"code":"brand","display":"Example Brand"}]}]},"expansion":{"timestamp":"2025-06-25T16:39:07.092Z","contains":[{"system":"http://smart.who.int/immunizations/CodeSystem/IMMZ.Ex","code":"brand","display":"Example Brand"}]}}