{"resourceType":"CodeSystem","id":"IMMZ.C","text":{"status":"generated","div":"<div xmlns=\"http://www.w3.org/1999/xhtml\"><p class=\"res-header-id\"><b>Generated Narrative: CodeSystem IMMZ.C</b></p><a name=\"IMMZ.C\"> </a><a name=\"hcIMMZ.C\"> </a><p>This case-insensitive code system <code>http://smart.who.int/immunizations/CodeSystem/IMMZ.C</code> defines the following codes:</p><table class=\"codes\"><tr><td style=\"white-space:nowrap\"><b>Code</b></td><td><b>Display</b></td><td><b>Definition</b></td></tr><tr><td style=\"white-space:nowrap\">DE1<a name=\"IMMZ.C-DE1\"> </a></td><td>Unique identifier</td><td>Unique identifier for the client, according to the policies applicable to each country. There can be more than one unique identifier used to link records (e.g. national identification [ID], health ID, immunization information system ID, medical record ID)</td></tr><tr><td style=\"white-space:nowrap\">DE2<a name=\"IMMZ.C-DE2\"> </a></td><td>Name</td><td>The full name of the client</td></tr><tr><td style=\"white-space:nowrap\">DE3<a name=\"IMMZ.C-DE3\"> </a></td><td>First name</td><td>Client's first name or given name</td></tr><tr><td style=\"white-space:nowrap\">DE4<a name=\"IMMZ.C-DE4\"> </a></td><td>Family name</td><td>Client's family name or last name</td></tr><tr><td style=\"white-space:nowrap\">DE5<a name=\"IMMZ.C-DE5\"> </a></td><td>Sex</td><td>Documentation of a specific instance of sex information for the client</td></tr><tr><td style=\"white-space:nowrap\">DE6<a name=\"IMMZ.C-DE6\"> </a></td><td>Male</td><td>Client's biological sex is male</td></tr><tr><td style=\"white-space:nowrap\">DE7<a name=\"IMMZ.C-DE7\"> </a></td><td>Female</td><td>Client's biological sex is female</td></tr><tr><td style=\"white-space:nowrap\">DE8<a name=\"IMMZ.C-DE8\"> </a></td><td>Biological sex not specified</td><td>Client's biological sex is not specified</td></tr><tr><td style=\"white-space:nowrap\">DE9<a name=\"IMMZ.C-DE9\"> </a></td><td>Intersex</td><td>Client's biological sex is intersex</td></tr><tr><td style=\"white-space:nowrap\">DE10<a name=\"IMMZ.C-DE10\"> </a></td><td>Date of birth</td><td>Client's date of birth (DOB) if known; if unknown, use assigned DOB for administrative purposes</td></tr><tr><td style=\"white-space:nowrap\">DE13<a name=\"IMMZ.C-DE13\"> </a></td><td>Age</td><td>The client's calculated age (presented as number of years, months, weeks, days) based on the DOB and the visit date</td></tr><tr><td style=\"white-space:nowrap\">DE14<a name=\"IMMZ.C-DE14\"> </a></td><td>Caregivers (multiple)</td><td>Details of the client's caregiver (person) who could be next of kin (e.g. partner, husband, mother, sibling, etc.)</td></tr><tr><td style=\"white-space:nowrap\">DE15<a name=\"IMMZ.C-DE15\"> </a></td><td>Caregiver's full name</td><td>The full name of the client's caregiver</td></tr><tr><td style=\"white-space:nowrap\">DE16<a name=\"IMMZ.C-DE16\"> </a></td><td>Caregiver's first name</td><td>First or given name of the client's caregiver</td></tr><tr><td style=\"white-space:nowrap\">DE17<a name=\"IMMZ.C-DE17\"> </a></td><td>Caregiver's family name</td><td>Family name or last name of the client's caregiver</td></tr><tr><td style=\"white-space:nowrap\">DE18<a name=\"IMMZ.C-DE18\"> </a></td><td>Contact phone number</td><td>Client's phone number; can be a landline or a mobile phone number</td></tr><tr><td style=\"white-space:nowrap\">DE19<a name=\"IMMZ.C-DE19\"> </a></td><td>Address</td><td>Client's home address or address that the client is consenting to disclose</td></tr></table></div>"},"url":"http://smart.who.int/immunizations/CodeSystem/IMMZ.C","version":"0.2.0","name":"IMMZ_C","title":"IMMZ.C CodeSystem for Data Elements","status":"active","experimental":false,"date":"2025-11-25T19:41:02+00:00","publisher":"WHO","contact":[{"name":"WHO","telecom":[{"system":"url","value":"http://who.int"}]}],"description":"CodeSystem for IMMZ.C Data Elements","caseSensitive":false,"content":"complete","count":17,"concept":[{"code":"DE1","display":"Unique identifier","definition":"Unique identifier for the client, according to the policies applicable to each country. There can be more than one unique identifier used to link records (e.g. national identification [ID], health ID, immunization information system ID, medical record ID)"},{"code":"DE2","display":"Name","definition":"The full name of the client"},{"code":"DE3","display":"First name","definition":"Client's first name or given name"},{"code":"DE4","display":"Family name","definition":"Client's family name or last name"},{"code":"DE5","display":"Sex","definition":"Documentation of a specific instance of sex information for the client"},{"code":"DE6","display":"Male","definition":"Client's biological sex is male"},{"code":"DE7","display":"Female","definition":"Client's biological sex is female"},{"code":"DE8","display":"Biological sex not specified","definition":"Client's biological sex is not specified"},{"code":"DE9","display":"Intersex","definition":"Client's biological sex is intersex"},{"code":"DE10","display":"Date of birth","definition":"Client's date of birth (DOB) if known; if unknown, use assigned DOB for administrative purposes"},{"code":"DE13","display":"Age","definition":"The client's calculated age (presented as number of years, months, weeks, days) based on the DOB and the visit date"},{"code":"DE14","display":"Caregivers (multiple)","definition":"Details of the client's caregiver (person) who could be next of kin (e.g. partner, husband, mother, sibling, etc.)"},{"code":"DE15","display":"Caregiver's full name","definition":"The full name of the client's caregiver"},{"code":"DE16","display":"Caregiver's first name","definition":"First or given name of the client's caregiver"},{"code":"DE17","display":"Caregiver's family name","definition":"Family name or last name of the client's caregiver"},{"code":"DE18","display":"Contact phone number","definition":"Client's phone number; can be a landline or a mobile phone number"},{"code":"DE19","display":"Address","definition":"Client's home address or address that the client is consenting to disclose"}]}