{"resourceType":"PlanDefinition","id":"IMMZD18STBEEncepur","meta":{"profile":["http://hl7.org/fhir/uv/cpg/StructureDefinition/cpg-recommendationdefinition","http://hl7.org/fhir/uv/crmi/StructureDefinition/crmi-shareableplandefinition","http://hl7.org/fhir/uv/crmi/StructureDefinition/crmi-publishableplandefinition"]},"extension":[{"url":"http://hl7.org/fhir/uv/cpg/StructureDefinition/cpg-knowledgeCapability","valueCode":"computable"}],"url":"http://smart.who.int/immunizations/PlanDefinition/IMMZD18STBEEncepur","version":"0.2.0","name":"IMMZD18STBEEncepur","title":"IMMZ.D18.S.TBE.Encepur schedule","type":{"coding":[{"system":"http://terminology.hl7.org/CodeSystem/plan-definition-type","code":"eca-rule"}]},"status":"draft","experimental":false,"date":"2025-11-25T19:41:02+00:00","publisher":"WHO","contact":[{"name":"WHO","telecom":[{"system":"url","value":"http://who.int"}]}],"description":"IMMZ.D18.S.TBE.Encepur schedule\nEncepur, 3-dose schedule","relatedArtifact":[{"type":"citation","citation":"WHO recommendations for routine immunization - summary tables (January 2025)"}],"library":["http://smart.who.int/immunizations/Library/IMMZD18STBEEncepurLogic"],"action":[{"title":"Tick-borne encephalitis (TBE) Encepur dose 1","description":"Provision of the TBE Encepur dose 1\nTrigger event: Child's birth\nTrigger pseudo: \nTrigger date: \"Date of birth\"\nCreate condition: The vaccine can be given from > 1 year of age.","condition":[{"kind":"applicability","expression":{"description":"Tick-borne encephalitis (TBE) Encepur dose 1","language":"text/cql-identifier","expression":"Tick-borne encephalitis (TBE) Encepur dose 1"}}],"definitionCanonical":"http://smart.who.int/immunizations/ActivityDefinition/IMMZD2DTCR","dynamicValue":[{"path":"status","expression":{"language":"text/cql-expression","expression":"'active'"}},{"path":"payload.contentString","expression":{"language":"text/cql-identifier","expression":"Tick-borne encephalitis (TBE) Encepur dose 1 Create"}},{"path":"category.coding","expression":{"description":"Category of communication","language":"text/cql-expression","expression":"Code { system: 'http://terminology.hl7.org/CodeSystem/communication-category', code: 'alert' }"}},{"path":"priority","expression":{"description":"Alert priority","language":"text/cql-expression","expression":"Code { system: 'http://hl7.org/fhir/request-priority', code: 'routine' }"}}]},{"title":"TBE Encepur dose 2","description":"Provision of the TBE Encepur dose 2\nTrigger event: First TBE dose from the primary series was administered\nTrigger pseudo: Count of vaccines administered (where \"Vaccine type\" = \"TBE vaccines\" and \"Type of dose\" = \"Primary series\") = 1\nTrigger date: \"Date and time of vaccination\" (where \"Vaccine type\" = \"TBE vaccines\")\nCreate condition: An interval of 1–3 months is recommended between the first 2 doses.","condition":[{"kind":"applicability","expression":{"description":"TBE Encepur dose 2","language":"text/cql-identifier","expression":"TBE Encepur dose 2"}}],"definitionCanonical":"http://smart.who.int/immunizations/ActivityDefinition/IMMZD2DTCR","dynamicValue":[{"path":"status","expression":{"language":"text/cql-expression","expression":"'active'"}},{"path":"payload.contentString","expression":{"language":"text/cql-identifier","expression":"TBE Encepur dose 2 Create"}},{"path":"category.coding","expression":{"description":"Category of communication","language":"text/cql-expression","expression":"Code { system: 'http://terminology.hl7.org/CodeSystem/communication-category', code: 'alert' }"}},{"path":"priority","expression":{"description":"Alert priority","language":"text/cql-expression","expression":"Code { system: 'http://hl7.org/fhir/request-priority', code: 'routine' }"}}]},{"title":"TBE Encepur dose 3","description":"Provision of the TBE Encepur dose 3\nTrigger event: Second TBE dose from the primary series was administered\nTrigger pseudo: Count of vaccines administered (where \"Vaccine type\" = \"TBE vaccines\" and \"Type of dose\" = \"Primary series\") = 2\nTrigger date: Latest \"Date and time of vaccination\" (where \"Vaccine type\" = \"TBE vaccines\")\nCreate condition: For Encepur, the requirement is 9–12 months between doses 2 and 3.","condition":[{"kind":"applicability","expression":{"description":"TBE Encepur dose 3","language":"text/cql-identifier","expression":"TBE Encepur dose 3"}}],"definitionCanonical":"http://smart.who.int/immunizations/ActivityDefinition/IMMZD2DTCR","dynamicValue":[{"path":"status","expression":{"language":"text/cql-expression","expression":"'active'"}},{"path":"payload.contentString","expression":{"language":"text/cql-identifier","expression":"TBE Encepur dose 3 Create"}},{"path":"category.coding","expression":{"description":"Category of communication","language":"text/cql-expression","expression":"Code { system: 'http://terminology.hl7.org/CodeSystem/communication-category', code: 'alert' }"}},{"path":"priority","expression":{"description":"Alert priority","language":"text/cql-expression","expression":"Code { system: 'http://hl7.org/fhir/request-priority', code: 'routine' }"}}]},{"title":"TBE Encepur booster dose","description":"Provision of the TBE Encepur booster dose\nTrigger event: The primary series has been completed\nTrigger pseudo: \"Completed the primary vaccination series\" = TRUE (where \"Vaccine type\" = \"TBE vaccines\")\nTrigger date: \"Date when primary vaccination series was completed\"\nCreate condition: The manufacturer recommends a booster dose to be administered 3 years after completion of the primary series.","condition":[{"kind":"applicability","expression":{"description":"TBE Encepur booster dose","language":"text/cql-identifier","expression":"TBE Encepur booster dose"}}],"definitionCanonical":"http://smart.who.int/immunizations/ActivityDefinition/IMMZD2DTCR","dynamicValue":[{"path":"status","expression":{"language":"text/cql-expression","expression":"'active'"}},{"path":"payload.contentString","expression":{"language":"text/cql-identifier","expression":"TBE Encepur booster dose Create"}},{"path":"category.coding","expression":{"description":"Category of communication","language":"text/cql-expression","expression":"Code { system: 'http://terminology.hl7.org/CodeSystem/communication-category', code: 'alert' }"}},{"path":"priority","expression":{"description":"Alert priority","language":"text/cql-expression","expression":"Code { system: 'http://hl7.org/fhir/request-priority', code: 'routine' }"}}]}]}