{"resourceType":"PlanDefinition","id":"IMMZD2DTTyphoidTCV","meta":{"profile":["http://hl7.org/fhir/uv/cpg/StructureDefinition/cpg-recommendationdefinition","http://hl7.org/fhir/uv/crmi/StructureDefinition/crmi-shareableplandefinition","http://hl7.org/fhir/uv/crmi/StructureDefinition/crmi-publishableplandefinition"]},"extension":[{"url":"http://hl7.org/fhir/uv/cpg/StructureDefinition/cpg-knowledgeCapability","valueCode":"computable"}],"url":"http://smart.who.int/immunizations/PlanDefinition/IMMZD2DTTyphoidTCV","version":"0.2.0","name":"IMMZD2DTTyphoidTCV","title":"IMMZ.D2.DT.Typhoid.TCV","type":{"coding":[{"system":"http://terminology.hl7.org/CodeSystem/plan-definition-type","code":"eca-rule"}]},"status":"draft","experimental":false,"date":"2025-11-25T19:41:02+00:00","publisher":"WHO","contact":[{"name":"WHO","telecom":[{"system":"url","value":"http://who.int"}]}],"description":"IMMZ.D2.DT.Typhoid.TCV\nTyphoid conjugate vaccine (TCV) schedule","relatedArtifact":[{"type":"citation","citation":"WHO recommendations for routine immunization - summary tables (January 2025)"}],"library":["http://smart.who.int/immunizations/Library/IMMZD2DTTyphoidTCVLogic"],"action":[{"extension":[{"url":"http://hl7.org/fhir/uv/cpg/StructureDefinition/cpg-rationale","valueMarkdown":"WHO recommends the TCV as a 0.5 mL single dose for infants and children from 6 months of \n  age and in adults up to 45 years in typhoid endemic regions."}],"title":"Determine if the client is due for Typhoid.","description":"Determine if the client is due for Typhoid vaccine according to the national immunization protocol.\nTyphoid conjugate vaccine (TCV) schedule","condition":[{"kind":"applicability","expression":{"description":"Client is due for Typhoid vaccination","language":"text/cql-identifier","expression":"Client is due for Typhoid vaccination"}}],"definitionCanonical":"http://smart.who.int/immunizations/ActivityDefinition/IMMZD2DTMR","dynamicValue":[{"path":"status","expression":{"language":"text/cql-expression","expression":"'draft'"}},{"path":"intent","expression":{"language":"text/cql-expression","expression":"'proposal'"}},{"path":"medication","expression":{"language":"text/cql-expression","expression":"Concept { codes: { Code { system: 'http://smart.who.int/immunizations/CodeSystem/IMMZ.Z', code: 'DE21', display: 'Typhoid vaccines' } }, display: 'Typhoid vaccines' }"}}]},{"title":"Check for Guidance for the patient regarding IMMZ.D2.DT.Typhoid.TCV.","description":"Show Guidance for the patient regarding IMMZ.D2.DT.Typhoid.TCV.","condition":[{"kind":"applicability","expression":{"description":"Has Guidance","language":"text/cql-identifier","expression":"Has Guidance"}}],"definitionCanonical":"http://smart.who.int/immunizations/ActivityDefinition/IMMZD2DTCR","dynamicValue":[{"path":"status","expression":{"language":"text/cql-expression","expression":"'active'"}},{"path":"payload.contentString","expression":{"language":"text/cql-identifier","expression":"Guidance"}},{"path":"category.coding","expression":{"description":"Category of communication","language":"text/cql-expression","expression":"Code { system: 'http://terminology.hl7.org/CodeSystem/communication-category', code: 'alert' }"}},{"path":"priority","expression":{"description":"Alert priority","language":"text/cql-expression","expression":"Code { system: 'http://hl7.org/fhir/request-priority', code: 'routine' }"}}]}]}