{"resourceType":"StructureMap","id":"IMMZ.D13.LMToBundle","text":{"status":"generated","div":"<div xmlns=\"http://www.w3.org/1999/xhtml\"><p class=\"res-header-id\"><b>Generated Narrative: StructureMap IMMZ.D13.LMToBundle</b></p><a name=\"IMMZ.D13.LMToBundle\"> </a><a name=\"hcIMMZ.D13.LMToBundle\"> </a><pre class=\"fml\">\r\n<b>map</b><span style=\"color: navy\"> &quot;</span>http://smart.who.int/immunizations/StructureMap/IMMZ.D13.LMToBundle<span style=\"color: navy\">&quot; = &quot;</span>IMMZ.D13.LMToBundle<span style=\"color: navy\">&quot;\r\n\r\n</span><span style=\"color: navy\">// </span><span style=\"color: green\">Immunization Administer Vaccine - Transform Logical Model to Immunization resources</span>\r\n\r\n<b>uses</b><span style=\"color: navy\"> &quot;</span><a href=\"StructureDefinition-IMMZD13.html\" title=\"IMMZ.D13.Update client record\">http://smart.who.int/immunizations/StructureDefinition/IMMZD13</a><span style=\"color: navy\">&quot; </span><b>alias </b>IMMZD13 <b>as </b><b>source</b>\r\n<b>uses</b><span style=\"color: navy\"> &quot;</span><a href=\"http://hl7.org/fhir/R4/bundle.html\" title=\"Bundle\">http://hl7.org/fhir/StructureDefinition/Bundle</a><span style=\"color: navy\">&quot; </span><b>alias </b>Bundle <b>as </b><b>target</b>\r\n\r\n<b>imports</b><span style=\"color: navy\"> &quot;</span><a href=\"StructureMap-IMMZ.Helpers.html\" title=\"IMMZ.Helpers\">http://smart.who.int/immunizations/StructureMap/IMMZ.Helpers</a><span style=\"color: navy\">&quot;\r\n</span>\r\n<b>group </b>IMMZD13ToBundle<span style=\"color: navy\">(</span><b>source</b> <span style=\"color: maroon\">immz</span><span style=\"color: navy\"> : </span>IMMZD13, <b>target</b> <span style=\"color: maroon\">bundle</span><span style=\"color: navy\"> : </span>Bundle<span style=\"color: navy\">)</span><span style=\"color: navy\"> {\r\n</span>  immz<span style=\"color: navy\"><b> -&gt; </b></span>bundle.type = <span style=\"color: blue\">'transaction'</span> <i>&quot;SetBundleType&quot;</i><span style=\"color: navy\">;</span>\r\n  immz.patient<b> as </b><span style=\"color: maroon\">patient</span><span style=\"color: navy\"><b> -&gt; </b></span><b>uuid</b><span style=\"color: navy\">(</span><span style=\"color: navy\">)</span><b> as </b><span style=\"color: maroon\">immid</span><b> then</b><span style=\"color: navy\"> {\r\n</span>    immz<b> then </b>MakeImmunization<span style=\"color: navy\">(</span><span style=\"color: maroon\">patient</span><span style=\"color: navy\">, </span><span style=\"color: maroon\">immid</span><span style=\"color: navy\">, </span><span style=\"color: maroon\">immz</span><span style=\"color: navy\">, </span><span style=\"color: maroon\">bundle</span><span style=\"color: navy\">)</span> <i>&quot;MakeImmunization&quot;</i><span style=\"color: navy\">;</span>\r\n    immz<b> then </b>D1andD13Observations<span style=\"color: navy\">(</span><span style=\"color: maroon\">patient</span><span style=\"color: navy\">, </span><span style=\"color: maroon\">immid</span><span style=\"color: navy\">, </span><span style=\"color: maroon\">immz</span><span style=\"color: navy\">, </span><span style=\"color: maroon\">bundle</span><span style=\"color: navy\">)</span> <i>&quot;MakeD1andD13Observations&quot;</i><span style=\"color: navy\">;</span>\r\n  <span style=\"color: navy\">}</span> <i>&quot;GetPatient&quot;</i><span style=\"color: navy\">;</span>\r\n<span style=\"color: navy\">}\r\n\r\n</span></pre></div>"},"url":"http://smart.who.int/immunizations/StructureMap/IMMZ.D13.LMToBundle","version":"0.2.0","name":"IMMZ.D13.LMToBundle","status":"draft","date":"2025-11-25T19:41:02+00:00","publisher":"WHO","contact":[{"name":"WHO","telecom":[{"system":"url","value":"http://who.int"}]}],"description":"Immunization Administer Vaccine - Transform Logical Model to Immunization resources","structure":[{"url":"http://smart.who.int/immunizations/StructureDefinition/IMMZD13","mode":"source","alias":"IMMZD13"},{"url":"http://hl7.org/fhir/StructureDefinition/Bundle","mode":"target","alias":"Bundle"}],"import":["http://smart.who.int/immunizations/StructureMap/IMMZ.Helpers"],"group":[{"name":"IMMZD13ToBundle","typeMode":"none","input":[{"name":"immz","type":"IMMZD13","mode":"source"},{"name":"bundle","type":"Bundle","mode":"target"}],"rule":[{"name":"SetBundleType","source":[{"context":"immz"}],"target":[{"context":"bundle","contextType":"variable","element":"type","transform":"copy","parameter":[{"valueString":"transaction"}]}]},{"name":"GetPatient","source":[{"context":"immz","element":"patient","variable":"patient"}],"target":[{"contextType":"variable","variable":"immid","transform":"uuid"}],"rule":[{"name":"MakeImmunization","source":[{"context":"immz"}],"dependent":[{"name":"MakeImmunization","variable":["patient","immid","immz","bundle"]}]},{"name":"MakeD1andD13Observations","source":[{"context":"immz"}],"dependent":[{"name":"D1andD13Observations","variable":["patient","immid","immz","bundle"]}]}]}]}]}