{"resourceType":"ValueSet","id":"IMMZD18SJELiveRecombinantVaccineVS","text":{"status":"generated","div":"<div xmlns=\"http://www.w3.org/1999/xhtml\"><p class=\"res-header-id\"><b>Generated Narrative: ValueSet IMMZD18SJELiveRecombinantVaccineVS</b></p><a name=\"IMMZD18SJELiveRecombinantVaccineVS\"> </a><a name=\"hcIMMZD18SJELiveRecombinantVaccineVS\"> </a><p>This value set expansion contains 2 concepts.</p><table class=\"codes\"><tr><td><b>System</b></td><td style=\"white-space:nowrap\"><b>Code</b></td><td><b>Display</b></td><td><b>Definition</b></td></tr><tr><td><a name=\"IMMZD18SJELiveRecombinantVaccineVS-http://smart.who.int/immunizations/CodeSystem/IMMZDAK-Child's|20birth-0\"> </a><code>http://smart.who.int/immunizations/CodeSystem/IMMZDAK</code></td><td style=\"white-space:nowrap\">\u00a0\u00a0<a href=\"CodeSystem-IMMZDAK.html#IMMZDAK-Child.39sbirth-0\">Child's birth-0</a></td><td>Child's birth</td><td><div/></td></tr><tr><td><a name=\"IMMZD18SJELiveRecombinantVaccineVS-http://smart.who.int/immunizations/CodeSystem/IMMZDAK-One|20JE|20dose|20from|20primary|20series|20was|20administered.|20The|20primary|20series|20has|20been|20completed-88\"> </a><code>http://smart.who.int/immunizations/CodeSystem/IMMZDAK</code></td><td style=\"white-space:nowrap\">\u00a0\u00a0<a href=\"CodeSystem-IMMZDAK.html#IMMZDAK-OneJEdosefromprimaryserieswasadministered.46Theprimaryserieshasbeencompleted-88\">One JE dose from primary series was administered. The primary series has been completed-88</a></td><td>One JE dose from primary series was administered. The primary series has been completed</td><td><div><p>&quot;Completed the primary vaccination series&quot; = TRUE (where &quot;Vaccine type&quot; = &quot;JE vaccines&quot;)</p>\n</div></td></tr></table></div>"},"url":"http://smart.who.int/immunizations/ValueSet/IMMZD18SJELiveRecombinantVaccineVS","version":"0.2.0","name":"IMMZD18SJELiveRecombinantVaccineVS","title":"IMMZD18SJELiveRecombinantVaccine ValueSet for Decision Table","status":"active","date":"2025-11-25T19:41:02+00:00","publisher":"WHO","contact":[{"name":"WHO","telecom":[{"system":"url","value":"http://who.int"}]}],"description":"ValueSet IMMZD18SJELiveRecombinantVaccine for IMMZ.D18.S.JE.Live recombinant vaccination schedule.\nBusiness rule: Determine if the client is due for a Japanese encephalitis (JE) vaccination according to the national immunization schedule\nTrigger: IMMZ.D2 Determine required vaccination(s) if any\nTable: Live recombinant vaccination schedule (1-dose scheme)","compose":{"include":[{"system":"http://smart.who.int/immunizations/CodeSystem/IMMZDAK","concept":[{"code":"Child's birth-0","display":"Child's birth"},{"code":"One JE dose from primary series was administered. The primary series has been completed-88","display":"One JE dose from primary series was administered. The primary series has been completed"}]}]},"expansion":{"timestamp":"2025-09-29T20:59:26.458Z","contains":[{"system":"http://smart.who.int/immunizations/CodeSystem/IMMZDAK","code":"Child's birth-0","display":"Child's birth"},{"system":"http://smart.who.int/immunizations/CodeSystem/IMMZDAK","code":"One JE dose from primary series was administered. The primary series has been completed-88","display":"One JE dose from primary series was administered. The primary series has been completed"}]}}