{"resourceType":"ValueSet","id":"IMMZ.D.DE204","text":{"status":"generated","div":"<div xmlns=\"http://www.w3.org/1999/xhtml\"><p class=\"res-header-id\"><b>Generated Narrative: ValueSet IMMZ.D.DE204</b></p><a name=\"IMMZ.D.DE204\"> </a><a name=\"hcIMMZ.D.DE204\"> </a><p>This value set expansion contains 3 concepts.</p><table class=\"codes\"><tr><td><b>System</b></td><td style=\"white-space:nowrap\"><b>Code</b></td><td><b>Display</b></td></tr><tr><td><a name=\"IMMZ.D.DE204-http://smart.who.int/immunizations/CodeSystem/IMMZ.D-DE205\"> </a><code>http://smart.who.int/immunizations/CodeSystem/IMMZ.D</code></td><td style=\"white-space:nowrap\">\u00a0\u00a0<a href=\"CodeSystem-IMMZ.D.html#IMMZ.D-DE205\">DE205</a></td><td>HIV-positive</td></tr><tr><td><a name=\"IMMZ.D.DE204-http://smart.who.int/immunizations/CodeSystem/IMMZ.D-DE206\"> </a><code>http://smart.who.int/immunizations/CodeSystem/IMMZ.D</code></td><td style=\"white-space:nowrap\">\u00a0\u00a0<a href=\"CodeSystem-IMMZ.D.html#IMMZ.D-DE206\">DE206</a></td><td>HIV-negative</td></tr><tr><td><a name=\"IMMZ.D.DE204-http://smart.who.int/immunizations/CodeSystem/IMMZ.D-DE207\"> </a><code>http://smart.who.int/immunizations/CodeSystem/IMMZ.D</code></td><td style=\"white-space:nowrap\">\u00a0\u00a0<a href=\"CodeSystem-IMMZ.D.html#IMMZ.D-DE207\">DE207</a></td><td>Unknown</td></tr></table></div>"},"url":"http://smart.who.int/immunizations/ValueSet/IMMZ.D.DE204","version":"0.2.0","name":"IMMZ_D_DE204","title":"IMMZ.D.DE204 ValueSet for HIV status","status":"active","date":"2025-11-25T19:41:02+00:00","publisher":"WHO","contact":[{"name":"WHO","telecom":[{"system":"url","value":"http://who.int"}]}],"description":"ValueSet for HIV status for IMMZ.D.DE204","compose":{"include":[{"system":"http://smart.who.int/immunizations/CodeSystem/IMMZ.D","concept":[{"code":"DE205","display":"HIV-positive"},{"code":"DE206","display":"HIV-negative"},{"code":"DE207","display":"Unknown"}]}]},"expansion":{"timestamp":"2025-06-25T16:39:07.092Z","contains":[{"system":"http://smart.who.int/immunizations/CodeSystem/IMMZ.D","code":"DE205","display":"HIV-positive"},{"system":"http://smart.who.int/immunizations/CodeSystem/IMMZ.D","code":"DE206","display":"HIV-negative"},{"system":"http://smart.who.int/immunizations/CodeSystem/IMMZ.D","code":"DE207","display":"Unknown"}]}}