{"resourceType":"ValueSet","id":"IMMZD18SVaricella2DosesVS","text":{"status":"generated","div":"<div xmlns=\"http://www.w3.org/1999/xhtml\"><p class=\"res-header-id\"><b>Generated Narrative: ValueSet IMMZD18SVaricella2DosesVS</b></p><a name=\"IMMZD18SVaricella2DosesVS\"> </a><a name=\"hcIMMZD18SVaricella2DosesVS\"> </a><p>This value set expansion contains 3 concepts.</p><table class=\"codes\"><tr><td><b>System</b></td><td style=\"white-space:nowrap\"><b>Code</b></td><td><b>Display</b></td><td><b>Definition</b></td></tr><tr><td><a name=\"IMMZD18SVaricella2DosesVS-http://smart.who.int/immunizations/CodeSystem/IMMZDAK-Child's|20birth-0\"> </a><code>http://smart.who.int/immunizations/CodeSystem/IMMZDAK</code></td><td style=\"white-space:nowrap\">\u00a0\u00a0<a href=\"CodeSystem-IMMZDAK.html#IMMZDAK-Child.39sbirth-0\">Child's birth-0</a></td><td>Child's birth</td><td><div/></td></tr><tr><td><a name=\"IMMZD18SVaricella2DosesVS-http://smart.who.int/immunizations/CodeSystem/IMMZDAK-First|20varicella|20dose|20from|20the|20primary|20series|20was|20administered-128\"> </a><code>http://smart.who.int/immunizations/CodeSystem/IMMZDAK</code></td><td style=\"white-space:nowrap\">\u00a0\u00a0<a href=\"CodeSystem-IMMZDAK.html#IMMZDAK-Firstvaricelladosefromtheprimaryserieswasadministered-128\">First varicella dose from the primary series was administered-128</a></td><td>First varicella dose from the primary series was administered</td><td><div><p>Count of vaccines administered (where &quot;Vaccine type&quot; = &quot;Varicella-containing vaccines&quot; and &quot;Type of dose&quot; = &quot;Primary series&quot;) =1</p>\n</div></td></tr><tr><td><a name=\"IMMZD18SVaricella2DosesVS-http://smart.who.int/immunizations/CodeSystem/IMMZDAK-Second|20varicella|20dose|20from|20the|20primary|20series|20was|20administered.|20The|20primary|20series|20has|20been|20completed-107\"> </a><code>http://smart.who.int/immunizations/CodeSystem/IMMZDAK</code></td><td style=\"white-space:nowrap\">\u00a0\u00a0<a href=\"CodeSystem-IMMZDAK.html#IMMZDAK-Secondvaricelladosefromtheprimaryserieswasadministered.46Theprimaryserieshasbeencompleted-107\">Second varicella dose from the primary series was administered. The primary series has been completed-107</a></td><td>Second varicella dose from the primary series was administered. The primary series has been completed</td><td><div><p>&quot;Completed the primary vaccination series&quot; = TRUE (where &quot;Vaccine type&quot; = &quot;Varicella-containing vaccines&quot;)&quot;</p>\n</div></td></tr></table></div>"},"url":"http://smart.who.int/immunizations/ValueSet/IMMZD18SVaricella2DosesVS","version":"0.2.0","name":"IMMZD18SVaricella2DosesVS","title":"IMMZD18SVaricella2Doses ValueSet for Decision Table","status":"active","date":"2025-11-25T19:41:02+00:00","publisher":"WHO","contact":[{"name":"WHO","telecom":[{"system":"url","value":"http://who.int"}]}],"description":"ValueSet IMMZD18SVaricella2Doses for IMMZ.D18.S.Varicella.2-dose schedule.\nBusiness rule: Determine if the client is due for a varicella vaccination according to the national immunization schedule\nTrigger: IMMZ.D2 Determine required vaccination(s) if any\nTable: 2-dose schedule","compose":{"include":[{"system":"http://smart.who.int/immunizations/CodeSystem/IMMZDAK","concept":[{"code":"Child's birth-0","display":"Child's birth"},{"code":"First varicella dose from the primary series was administered-128","display":"First varicella dose from the primary series was administered"},{"code":"Second varicella dose from the primary series was administered. The primary series has been completed-107","display":"Second varicella dose from the primary series was administered. The primary series has been completed"}]}]},"expansion":{"timestamp":"2025-09-29T20:59:26.458Z","contains":[{"system":"http://smart.who.int/immunizations/CodeSystem/IMMZDAK","code":"Child's birth-0","display":"Child's birth"},{"system":"http://smart.who.int/immunizations/CodeSystem/IMMZDAK","code":"First varicella dose from the primary series was administered-128","display":"First varicella dose from the primary series was administered"},{"system":"http://smart.who.int/immunizations/CodeSystem/IMMZDAK","code":"Second varicella dose from the primary series was administered. The primary series has been completed-107","display":"Second varicella dose from the primary series was administered. The primary series has been completed"}]}}