{"resourceType":"ValueSet","id":"IMMZD2DTMeningococcalMenAConjugateVaccine1DoseVS","text":{"status":"generated","div":"<div xmlns=\"http://www.w3.org/1999/xhtml\"><p class=\"res-header-id\"><b>Generated Narrative: ValueSet IMMZD2DTMeningococcalMenAConjugateVaccine1DoseVS</b></p><a name=\"IMMZD2DTMeningococcalMenAConjugateVaccine1DoseVS\"> </a><a name=\"hcIMMZD2DTMeningococcalMenAConjugateVaccine1DoseVS\"> </a><p>This value set expansion contains 7 concepts.</p><table class=\"codes\"><tr><td><b>System</b></td><td style=\"white-space:nowrap\"><b>Code</b></td><td><b>Display</b></td></tr><tr><td><a name=\"IMMZD2DTMeningococcalMenAConjugateVaccine1DoseVS-http://smart.who.int/immunizations/CodeSystem/IMMZDAK-Client's|20age|20is|20less|20than|209|20months-41\"> </a><code>http://smart.who.int/immunizations/CodeSystem/IMMZDAK</code></td><td style=\"white-space:nowrap\">\u00a0\u00a0<a href=\"CodeSystem-IMMZDAK.html#IMMZDAK-Client.39sageislessthan9months-41\">Client's age is less than 9 months-41</a></td><td>Client's age is less than 9 months</td></tr><tr><td><a name=\"IMMZD2DTMeningococcalMenAConjugateVaccine1DoseVS-http://smart.who.int/immunizations/CodeSystem/IMMZDAK-Client|20is|20not|20due|20for|20meningococcal|20vaccination-48\"> </a><code>http://smart.who.int/immunizations/CodeSystem/IMMZDAK</code></td><td style=\"white-space:nowrap\">\u00a0\u00a0<a href=\"CodeSystem-IMMZDAK.html#IMMZDAK-Clientisnotdueformeningococcalvaccination-48\">Client is not due for meningococcal vaccination-48</a></td><td>Client is not due for meningococcal vaccination</td></tr><tr><td><a name=\"IMMZD2DTMeningococcalMenAConjugateVaccine1DoseVS-http://smart.who.int/immunizations/CodeSystem/IMMZDAK-No|20meningococcal|20primary|20series|20dose|20was|20administered-122\"> </a><code>http://smart.who.int/immunizations/CodeSystem/IMMZDAK</code></td><td style=\"white-space:nowrap\">\u00a0\u00a0<a href=\"CodeSystem-IMMZDAK.html#IMMZDAK-Nomeningococcalprimaryseriesdosewasadministered-122\">No meningococcal primary series dose was administered-122</a></td><td>No meningococcal primary series dose was administered</td></tr><tr><td><a name=\"IMMZD2DTMeningococcalMenAConjugateVaccine1DoseVS-http://smart.who.int/immunizations/CodeSystem/IMMZDAK-Client's|20age|20is|20more|20than|209|20months-41\"> </a><code>http://smart.who.int/immunizations/CodeSystem/IMMZDAK</code></td><td style=\"white-space:nowrap\">\u00a0\u00a0<a href=\"CodeSystem-IMMZDAK.html#IMMZDAK-Client.39sageismorethan9months-41\">Client's age is more than 9 months-41</a></td><td>Client's age is more than 9 months</td></tr><tr><td><a name=\"IMMZD2DTMeningococcalMenAConjugateVaccine1DoseVS-http://smart.who.int/immunizations/CodeSystem/IMMZDAK-Client|20is|20due|20for|20meningococcal|20vaccination-44\"> </a><code>http://smart.who.int/immunizations/CodeSystem/IMMZDAK</code></td><td style=\"white-space:nowrap\">\u00a0\u00a0<a href=\"CodeSystem-IMMZDAK.html#IMMZDAK-Clientisdueformeningococcalvaccination-44\">Client is due for meningococcal vaccination-44</a></td><td>Client is due for meningococcal vaccination</td></tr><tr><td><a name=\"IMMZD2DTMeningococcalMenAConjugateVaccine1DoseVS-http://smart.who.int/immunizations/CodeSystem/IMMZDAK-One|20meningococcal|20primary|20series|20dose|20was|20administered-122\"> </a><code>http://smart.who.int/immunizations/CodeSystem/IMMZDAK</code></td><td style=\"white-space:nowrap\">\u00a0\u00a0<a href=\"CodeSystem-IMMZDAK.html#IMMZDAK-Onemeningococcalprimaryseriesdosewasadministered-122\">One meningococcal primary series dose was administered-122</a></td><td>One meningococcal primary series dose was administered</td></tr><tr><td><a name=\"IMMZD2DTMeningococcalMenAConjugateVaccine1DoseVS-http://smart.who.int/immunizations/CodeSystem/IMMZDAK-Meningococcal|20immunization|20schedule|20is|20complete-149\"> </a><code>http://smart.who.int/immunizations/CodeSystem/IMMZDAK</code></td><td style=\"white-space:nowrap\">\u00a0\u00a0<a href=\"CodeSystem-IMMZDAK.html#IMMZDAK-Meningococcalimmunizationscheduleiscomplete-149\">Meningococcal immunization schedule is complete-149</a></td><td>Meningococcal immunization schedule is complete</td></tr></table></div>"},"url":"http://smart.who.int/immunizations/ValueSet/IMMZD2DTMeningococcalMenAConjugateVaccine1DoseVS","version":"0.2.0","name":"IMMZD2DTMeningococcalMenAConjugateVaccine1DoseVS","title":"IMMZD2DTMeningococcalMenAConjugateVaccine1Dose ValueSet for Decision Table","status":"active","date":"2025-11-25T19:41:02+00:00","publisher":"WHO","contact":[{"name":"WHO","telecom":[{"system":"url","value":"http://who.int"}]}],"description":"ValueSet IMMZD2DTMeningococcalMenAConjugateVaccine1Dose for IMMZ.D2.DT.Meningococcal.MenA conjugate vaccine 1 dose.\nBusiness rule: Determine if the client is due for a meningococcal vaccination according to the national immunization schedule\nTrigger: IMMZ.D2 Determine required vaccination(s) if any\nTable: MenA conjugate vaccine, 1-dose schedule","compose":{"include":[{"system":"http://smart.who.int/immunizations/CodeSystem/IMMZDAK","concept":[{"code":"Client's age is less than 9 months-41","display":"Client's age is less than 9 months"},{"code":"Client is not due for meningococcal vaccination-48","display":"Client is not due for meningococcal vaccination"},{"code":"No meningococcal primary series dose was administered-122","display":"No meningococcal primary series dose was administered"},{"code":"Client's age is more than 9 months-41","display":"Client's age is more than 9 months"},{"code":"Client is due for meningococcal vaccination-44","display":"Client is due for meningococcal vaccination"},{"code":"One meningococcal primary series dose was administered-122","display":"One meningococcal primary series dose was administered"},{"code":"Meningococcal immunization schedule is complete-149","display":"Meningococcal immunization schedule is complete"}]}]},"expansion":{"timestamp":"2025-09-29T20:59:26.458Z","contains":[{"system":"http://smart.who.int/immunizations/CodeSystem/IMMZDAK","code":"Client's age is less than 9 months-41","display":"Client's age is less than 9 months"},{"system":"http://smart.who.int/immunizations/CodeSystem/IMMZDAK","code":"Client is not due for meningococcal vaccination-48","display":"Client is not due for meningococcal vaccination"},{"system":"http://smart.who.int/immunizations/CodeSystem/IMMZDAK","code":"No meningococcal primary series dose was administered-122","display":"No meningococcal primary series dose was administered"},{"system":"http://smart.who.int/immunizations/CodeSystem/IMMZDAK","code":"Client's age is more than 9 months-41","display":"Client's age is more than 9 months"},{"system":"http://smart.who.int/immunizations/CodeSystem/IMMZDAK","code":"Client is due for meningococcal vaccination-44","display":"Client is due for meningococcal vaccination"},{"system":"http://smart.who.int/immunizations/CodeSystem/IMMZDAK","code":"One meningococcal primary series dose was administered-122","display":"One meningococcal primary series dose was administered"},{"system":"http://smart.who.int/immunizations/CodeSystem/IMMZDAK","code":"Meningococcal immunization schedule is complete-149","display":"Meningococcal immunization schedule is complete"}]}}