{"resourceType":"ValueSet","id":"IMMZ.Z.DE24","text":{"status":"generated","div":"<div xmlns=\"http://www.w3.org/1999/xhtml\"><p class=\"res-header-id\"><b>Generated Narrative: ValueSet IMMZ.Z.DE24</b></p><a name=\"IMMZ.Z.DE24\"> </a><a name=\"hcIMMZ.Z.DE24\"> </a><p>This value set expansion contains 23 concepts.</p><table class=\"codes\"><tr><td><b>System</b></td><td style=\"white-space:nowrap\"><b>Code</b></td><td><b>Display</b></td></tr><tr><td><a name=\"IMMZ.Z.DE24-http://smart.who.int/immunizations/CodeSystem/IMMZ.Z-DE24\"> </a><code>http://smart.who.int/immunizations/CodeSystem/IMMZ.Z</code></td><td style=\"white-space:nowrap\">\u00a0\u00a0<a href=\"CodeSystem-IMMZ.Z.html#IMMZ.Z-DE24\">DE24</a></td><td>DTP-containing vaccines</td></tr><tr><td><a name=\"IMMZ.Z.DE24-http://id.who.int/icd/release/11/mms-XM31Q8\"> </a><code>http://id.who.int/icd/release/11/mms</code></td><td style=\"white-space:nowrap\">\u00a0\u00a0XM31Q8</td><td>Tetanus, diphtheria, acellular pertussis vaccines</td></tr><tr><td><a name=\"IMMZ.Z.DE24-http://snomed.info/sct-774618008\"> </a><code>http://snomed.info/sct</code></td><td style=\"white-space:nowrap\">\u00a0\u00a0<a href=\"http://snomed.info/id/774618008\">774618008</a></td><td>Whole cell Bordetella pertussis and Clostridium tetani toxoid adsorbed and Corynebacterium diphtheriae toxoid antigens only vaccine product</td></tr><tr><td><a name=\"IMMZ.Z.DE24-http://id.who.int/icd/release/11/mms-XM1LX9\"> </a><code>http://id.who.int/icd/release/11/mms</code></td><td style=\"white-space:nowrap\">\u00a0\u00a0XM1LX9</td><td>Diphtheria, hemophilus influenzae B, pertussis, poliomyelitis, tetanus vaccines</td></tr><tr><td><a name=\"IMMZ.Z.DE24-http://www.whocc.no/atc-J07CA06\"> </a><code>http://www.whocc.no/atc</code></td><td style=\"white-space:nowrap\">\u00a0\u00a0J07CA06</td><td>diphtheria-haemophilus influenzae B-pertussis-poliomyelitis-tetanus</td></tr><tr><td><a name=\"IMMZ.Z.DE24-http://id.who.int/icd/release/11/mms-XM84S1\"> </a><code>http://id.who.int/icd/release/11/mms</code></td><td style=\"white-space:nowrap\">\u00a0\u00a0XM84S1</td><td>Diphtheria, hepatitis B, tetanus, acellular pertussis, inactivated polio virus, haemophilus Influenzae type B vaccines</td></tr><tr><td><a name=\"IMMZ.Z.DE24-http://www.whocc.no/atc-J07CA09\"> </a><code>http://www.whocc.no/atc</code></td><td style=\"white-space:nowrap\">\u00a0\u00a0J07CA09</td><td>diphtheria-haemophilus influenzae B-pertussis-poliomyelitis-tetanus-hepatitis B</td></tr><tr><td><a name=\"IMMZ.Z.DE24-http://id.who.int/icd/release/11/mms-XM7JP3\"> </a><code>http://id.who.int/icd/release/11/mms</code></td><td style=\"white-space:nowrap\">\u00a0\u00a0XM7JP3</td><td>Diphtheria, hemophilus influenzae B, pertussis, tetanus, hepatitis B vaccines</td></tr><tr><td><a name=\"IMMZ.Z.DE24-http://www.whocc.no/atc-J07CA11\"> </a><code>http://www.whocc.no/atc</code></td><td style=\"white-space:nowrap\">\u00a0\u00a0J07CA11</td><td>diphtheria-haemophilus influenzae B-pertussis-tetanus-hepatitis B</td></tr><tr><td><a name=\"IMMZ.Z.DE24-http://id.who.int/icd/release/11/mms-XM5XP9\"> </a><code>http://id.who.int/icd/release/11/mms</code></td><td style=\"white-space:nowrap\">\u00a0\u00a0XM5XP9</td><td>Diphtheria, hemophilus influenzae B, pertussis, tetanus-hepatitis B, meningococcus A + C vaccines</td></tr><tr><td><a name=\"IMMZ.Z.DE24-http://www.whocc.no/atc-J07CA13\"> </a><code>http://www.whocc.no/atc</code></td><td style=\"white-space:nowrap\">\u00a0\u00a0J07CA13</td><td>diphtheria-haemophilus influenzae B-pertussis-tetanus-hepatitis B-meningococcus A + C</td></tr><tr><td><a name=\"IMMZ.Z.DE24-http://id.who.int/icd/release/11/mms-XM41N3\"> </a><code>http://id.who.int/icd/release/11/mms</code></td><td style=\"white-space:nowrap\">\u00a0\u00a0XM41N3</td><td>Diphtheria, hepatitis B, pertussis, tetanus vaccines</td></tr><tr><td><a name=\"IMMZ.Z.DE24-http://www.whocc.no/atc-J07CA05\"> </a><code>http://www.whocc.no/atc</code></td><td style=\"white-space:nowrap\">\u00a0\u00a0J07CA05</td><td>diphtheria-hepatitis B-pertussis-tetanus</td></tr><tr><td><a name=\"IMMZ.Z.DE24-http://id.who.int/icd/release/11/mms-XM09Q7\"> </a><code>http://id.who.int/icd/release/11/mms</code></td><td style=\"white-space:nowrap\">\u00a0\u00a0XM09Q7</td><td>Diphtheria, pertussis, poliomyelitis, tetanus vaccines</td></tr><tr><td><a name=\"IMMZ.Z.DE24-http://www.whocc.no/atc-J07CA02\"> </a><code>http://www.whocc.no/atc</code></td><td style=\"white-space:nowrap\">\u00a0\u00a0J07CA02</td><td>diphtheria-pertussis-poliomyelitis-tetanus</td></tr><tr><td><a name=\"IMMZ.Z.DE24-http://id.who.int/icd/release/11/mms-XM0LT9\"> </a><code>http://id.who.int/icd/release/11/mms</code></td><td style=\"white-space:nowrap\">\u00a0\u00a0XM0LT9</td><td>Diphtheria, pertussis, poliomyelitis, tetanus, hepatitis B vaccines</td></tr><tr><td><a name=\"IMMZ.Z.DE24-http://www.whocc.no/atc-J07CA12\"> </a><code>http://www.whocc.no/atc</code></td><td style=\"white-space:nowrap\">\u00a0\u00a0J07CA12</td><td>diphtheria-pertussis-poliomyelitis-tetanus-hepatitis B</td></tr><tr><td><a name=\"IMMZ.Z.DE24-http://id.who.int/icd/release/11/mms-XM1G86\"> </a><code>http://id.who.int/icd/release/11/mms</code></td><td style=\"white-space:nowrap\">\u00a0\u00a0XM1G86</td><td>Tetanus toxoid, combinations with diphtheria toxoid vaccines</td></tr><tr><td><a name=\"IMMZ.Z.DE24-http://www.whocc.no/atc-J07AM51\"> </a><code>http://www.whocc.no/atc</code></td><td style=\"white-space:nowrap\">\u00a0\u00a0J07AM51</td><td>tetanus toxoid, combinations with diphtheria toxoid</td></tr><tr><td><a name=\"IMMZ.Z.DE24-http://id.who.int/icd/release/11/mms-XM21E6\"> </a><code>http://id.who.int/icd/release/11/mms</code></td><td style=\"white-space:nowrap\">\u00a0\u00a0XM21E6</td><td>Diphtheria tetanus, acellular pertussis, inactivated polio virus, haemophilus Influenzae type B vaccines</td></tr><tr><td><a name=\"IMMZ.Z.DE24-http://id.who.int/icd/release/11/mms-XM9JP8\"> </a><code>http://id.who.int/icd/release/11/mms</code></td><td style=\"white-space:nowrap\">\u00a0\u00a0XM9JP8</td><td>Diphtheria, tetanus, acellular pertussis, inactivated polio virus vaccines</td></tr><tr><td><a name=\"IMMZ.Z.DE24-http://id.who.int/icd/release/11/mms-XM32Q5\"> </a><code>http://id.who.int/icd/release/11/mms</code></td><td style=\"white-space:nowrap\">\u00a0\u00a0XM32Q5</td><td>Tetanus and diphtheria vaccines</td></tr><tr><td><a name=\"IMMZ.Z.DE24-http://id.who.int/icd/release/11/mms-XM4039\"> </a><code>http://id.who.int/icd/release/11/mms</code></td><td style=\"white-space:nowrap\">\u00a0\u00a0XM4039</td><td>Vaccines diphtheria with tetanus</td></tr></table></div>"},"url":"http://smart.who.int/immunizations/ValueSet/IMMZ.Z.DE24","version":"0.2.0","name":"IMMZ_Z_DE24","title":"IMMZ.Z.DE24 ValueSet for DTP-containing vaccines","status":"active","date":"2025-11-25T19:41:02+00:00","publisher":"WHO","contact":[{"name":"WHO","telecom":[{"system":"url","value":"http://who.int"}]}],"description":"ValueSet for DTP-containing vaccines for IMMZ.Z.DE24","compose":{"include":[{"system":"http://smart.who.int/immunizations/CodeSystem/IMMZ.Z","concept":[{"code":"DE24","display":"DTP-containing vaccines"}]},{"system":"http://id.who.int/icd/release/11/mms","concept":[{"code":"XM31Q8","display":"Tetanus, diphtheria, acellular pertussis vaccines"},{"code":"XM1LX9","display":"Diphtheria, hemophilus influenzae B, pertussis, poliomyelitis, tetanus vaccines"},{"code":"XM84S1","display":"Diphtheria, hepatitis B, tetanus, acellular pertussis, inactivated polio virus, haemophilus Influenzae type B vaccines"},{"code":"XM7JP3","display":"Diphtheria, hemophilus influenzae B, pertussis, tetanus, hepatitis B vaccines"},{"code":"XM5XP9","display":"Diphtheria, hemophilus influenzae B, pertussis, tetanus-hepatitis B, meningococcus A + C vaccines"},{"code":"XM41N3","display":"Diphtheria, hepatitis B, pertussis, tetanus vaccines"},{"code":"XM09Q7","display":"Diphtheria, pertussis, poliomyelitis, tetanus vaccines"},{"code":"XM0LT9","display":"Diphtheria, pertussis, poliomyelitis, tetanus, hepatitis B vaccines"},{"code":"XM1G86","display":"Tetanus toxoid, combinations with diphtheria toxoid vaccines"},{"code":"XM21E6","display":"Diphtheria tetanus, acellular pertussis, inactivated polio virus, haemophilus Influenzae type B vaccines"},{"code":"XM9JP8","display":"Diphtheria, tetanus, acellular pertussis, inactivated polio virus vaccines"},{"code":"XM32Q5","display":"Tetanus and diphtheria vaccines"},{"code":"XM4039","display":"Vaccines diphtheria with tetanus"}]},{"system":"http://snomed.info/sct","concept":[{"code":"774618008","display":"Whole cell Bordetella pertussis and Clostridium tetani toxoid adsorbed and Corynebacterium diphtheriae toxoid antigens only vaccine product"}]},{"system":"http://www.whocc.no/atc","concept":[{"code":"J07CA06","display":"diphtheria-haemophilus influenzae B-pertussis-poliomyelitis-tetanus"},{"code":"J07CA09","display":"diphtheria-haemophilus influenzae B-pertussis-poliomyelitis-tetanus-hepatitis B"},{"code":"J07CA11","display":"diphtheria-haemophilus influenzae B-pertussis-tetanus-hepatitis B"},{"code":"J07CA13","display":"diphtheria-haemophilus influenzae B-pertussis-tetanus-hepatitis B-meningococcus A + C"},{"code":"J07CA05","display":"diphtheria-hepatitis B-pertussis-tetanus"},{"code":"J07CA02","display":"diphtheria-pertussis-poliomyelitis-tetanus"},{"code":"J07CA12","display":"diphtheria-pertussis-poliomyelitis-tetanus-hepatitis B"},{"code":"J07AM51","display":"tetanus toxoid, combinations with diphtheria toxoid"}]}]},"expansion":{"timestamp":"2025-06-25T16:39:07.092Z","contains":[{"system":"http://smart.who.int/immunizations/CodeSystem/IMMZ.Z","code":"DE24","display":"DTP-containing vaccines"},{"system":"http://id.who.int/icd/release/11/mms","code":"XM31Q8","display":"Tetanus, diphtheria, acellular pertussis vaccines"},{"system":"http://snomed.info/sct","code":"774618008","display":"Whole cell Bordetella pertussis and Clostridium tetani toxoid adsorbed and Corynebacterium diphtheriae toxoid antigens only vaccine product"},{"system":"http://id.who.int/icd/release/11/mms","code":"XM1LX9","display":"Diphtheria, hemophilus influenzae B, pertussis, poliomyelitis, tetanus vaccines"},{"system":"http://www.whocc.no/atc","code":"J07CA06","display":"diphtheria-haemophilus influenzae B-pertussis-poliomyelitis-tetanus"},{"system":"http://id.who.int/icd/release/11/mms","code":"XM84S1","display":"Diphtheria, hepatitis B, tetanus, acellular pertussis, inactivated polio virus, haemophilus Influenzae type B vaccines"},{"system":"http://www.whocc.no/atc","code":"J07CA09","display":"diphtheria-haemophilus influenzae B-pertussis-poliomyelitis-tetanus-hepatitis B"},{"system":"http://id.who.int/icd/release/11/mms","code":"XM7JP3","display":"Diphtheria, hemophilus influenzae B, pertussis, tetanus, hepatitis B vaccines"},{"system":"http://www.whocc.no/atc","code":"J07CA11","display":"diphtheria-haemophilus influenzae B-pertussis-tetanus-hepatitis B"},{"system":"http://id.who.int/icd/release/11/mms","code":"XM5XP9","display":"Diphtheria, hemophilus influenzae B, pertussis, tetanus-hepatitis B, meningococcus A + C vaccines"},{"system":"http://www.whocc.no/atc","code":"J07CA13","display":"diphtheria-haemophilus influenzae B-pertussis-tetanus-hepatitis B-meningococcus A + C"},{"system":"http://id.who.int/icd/release/11/mms","code":"XM41N3","display":"Diphtheria, hepatitis B, pertussis, tetanus vaccines"},{"system":"http://www.whocc.no/atc","code":"J07CA05","display":"diphtheria-hepatitis B-pertussis-tetanus"},{"system":"http://id.who.int/icd/release/11/mms","code":"XM09Q7","display":"Diphtheria, pertussis, poliomyelitis, tetanus vaccines"},{"system":"http://www.whocc.no/atc","code":"J07CA02","display":"diphtheria-pertussis-poliomyelitis-tetanus"},{"system":"http://id.who.int/icd/release/11/mms","code":"XM0LT9","display":"Diphtheria, pertussis, poliomyelitis, tetanus, hepatitis B vaccines"},{"system":"http://www.whocc.no/atc","code":"J07CA12","display":"diphtheria-pertussis-poliomyelitis-tetanus-hepatitis B"},{"system":"http://id.who.int/icd/release/11/mms","code":"XM1G86","display":"Tetanus toxoid, combinations with diphtheria toxoid vaccines"},{"system":"http://www.whocc.no/atc","code":"J07AM51","display":"tetanus toxoid, combinations with diphtheria toxoid"},{"system":"http://id.who.int/icd/release/11/mms","code":"XM21E6","display":"Diphtheria tetanus, acellular pertussis, inactivated polio virus, haemophilus Influenzae type B vaccines"},{"system":"http://id.who.int/icd/release/11/mms","code":"XM9JP8","display":"Diphtheria, tetanus, acellular pertussis, inactivated polio virus vaccines"},{"system":"http://id.who.int/icd/release/11/mms","code":"XM32Q5","display":"Tetanus and diphtheria vaccines"},{"system":"http://id.who.int/icd/release/11/mms","code":"XM4039","display":"Vaccines diphtheria with tetanus"}]}}