{"resourceType":"ValueSet","id":"IMMZD5DTBCGContraindicationsVS","text":{"status":"generated","div":"<div xmlns=\"http://www.w3.org/1999/xhtml\"><p class=\"res-header-id\"><b>Generated Narrative: ValueSet IMMZD5DTBCGContraindicationsVS</b></p><a name=\"IMMZD5DTBCGContraindicationsVS\"> </a><a name=\"hcIMMZD5DTBCGContraindicationsVS\"> </a><p>This value set expansion contains 9 concepts.</p><table class=\"codes\"><tr><td><b>System</b></td><td style=\"white-space:nowrap\"><b>Code</b></td><td><b>Display</b></td></tr><tr><td><a name=\"IMMZD5DTBCGContraindicationsVS-http://smart.who.int/immunizations/CodeSystem/IMMZDAK-The|20client|20is|20pregnant-52\"> </a><code>http://smart.who.int/immunizations/CodeSystem/IMMZDAK</code></td><td style=\"white-space:nowrap\">\u00a0\u00a0<a href=\"CodeSystem-IMMZDAK.html#IMMZDAK-Theclientispregnant-52\">The client is pregnant-52</a></td><td>The client is pregnant</td></tr><tr><td><a name=\"IMMZD5DTBCGContraindicationsVS-http://smart.who.int/immunizations/CodeSystem/IMMZDAK-Bacille|20Calmette|2013Gu|e9rin|20(BCG)|20vaccination|20is|20contraindicated-57\"> </a><code>http://smart.who.int/immunizations/CodeSystem/IMMZDAK</code></td><td style=\"white-space:nowrap\">\u00a0\u00a0<a href=\"CodeSystem-IMMZDAK.html#IMMZDAK-BacilleCalmette.8211Gu.233rin.40BCG.41vaccinationiscontraindicated-57\">Bacille Calmette–Guérin (BCG) vaccination is contraindicated-57</a></td><td>Bacille Calmette–Guérin (BCG) vaccination is contraindicated</td></tr><tr><td><a name=\"IMMZD5DTBCGContraindicationsVS-http://smart.who.int/immunizations/CodeSystem/IMMZDAK-The|20client|20has|20history|20of|20severe|20allergic|20reactions-60\"> </a><code>http://smart.who.int/immunizations/CodeSystem/IMMZDAK</code></td><td style=\"white-space:nowrap\">\u00a0\u00a0<a href=\"CodeSystem-IMMZDAK.html#IMMZDAK-Theclienthashistoryofsevereallergicreactions-60\">The client has history of severe allergic reactions-60</a></td><td>The client has history of severe allergic reactions</td></tr><tr><td><a name=\"IMMZD5DTBCGContraindicationsVS-http://smart.who.int/immunizations/CodeSystem/IMMZDAK-BCG|20vaccination|20could|20be|20contraindicated.|20Clinical|20judgement|20is|20required.|20Create|20a|20clinical|20note.-67\"> </a><code>http://smart.who.int/immunizations/CodeSystem/IMMZDAK</code></td><td style=\"white-space:nowrap\">\u00a0\u00a0<a href=\"CodeSystem-IMMZDAK.html#IMMZDAK-BCGvaccinationcouldbecontraindicated.46Clinicaljudgementisrequired.46Createaclinicalnote.46-67\">BCG vaccination could be contraindicated. Clinical judgement is required. Create a clinical note.-67</a></td><td>BCG vaccination could be contraindicated. Clinical judgement is required. Create a clinical note.</td></tr><tr><td><a name=\"IMMZD5DTBCGContraindicationsVS-http://smart.who.int/immunizations/CodeSystem/IMMZDAK-The|20client|20has|20immunodeficiency|20syndromes-60\"> </a><code>http://smart.who.int/immunizations/CodeSystem/IMMZDAK</code></td><td style=\"white-space:nowrap\">\u00a0\u00a0<a href=\"CodeSystem-IMMZDAK.html#IMMZDAK-Theclienthasimmunodeficiencysyndromes-60\">The client has immunodeficiency syndromes-60</a></td><td>The client has immunodeficiency syndromes</td></tr><tr><td><a name=\"IMMZD5DTBCGContraindicationsVS-http://smart.who.int/immunizations/CodeSystem/IMMZDAK-BCG|20vaccination|20is|20contraindicated-57\"> </a><code>http://smart.who.int/immunizations/CodeSystem/IMMZDAK</code></td><td style=\"white-space:nowrap\">\u00a0\u00a0<a href=\"CodeSystem-IMMZDAK.html#IMMZDAK-BCGvaccinationiscontraindicated-57\">BCG vaccination is contraindicated-57</a></td><td>BCG vaccination is contraindicated</td></tr><tr><td><a name=\"IMMZD5DTBCGContraindicationsVS-http://smart.who.int/immunizations/CodeSystem/IMMZDAK-The|20client|20is|20exposed|20to|20immunosuppressive|20treatment-72\"> </a><code>http://smart.who.int/immunizations/CodeSystem/IMMZDAK</code></td><td style=\"white-space:nowrap\">\u00a0\u00a0<a href=\"CodeSystem-IMMZDAK.html#IMMZDAK-Theclientisexposedtoimmunosuppressivetreatment-72\">The client is exposed to immunosuppressive treatment-72</a></td><td>The client is exposed to immunosuppressive treatment</td></tr><tr><td><a name=\"IMMZD5DTBCGContraindicationsVS-http://smart.who.int/immunizations/CodeSystem/IMMZDAK-Client's|20age|20is|20less|20than|201|20year-14\"> </a><code>http://smart.who.int/immunizations/CodeSystem/IMMZDAK</code></td><td style=\"white-space:nowrap\">\u00a0\u00a0<a href=\"CodeSystem-IMMZDAK.html#IMMZDAK-Client.39sageislessthan1year-14\">Client's age is less than 1 year-14</a></td><td>Client's age is less than 1 year</td></tr><tr><td><a name=\"IMMZD5DTBCGContraindicationsVS-http://smart.who.int/immunizations/CodeSystem/IMMZDAK-Client's|20age|20is|20more|20than|20or|20equal|20to|201|20year-14\"> </a><code>http://smart.who.int/immunizations/CodeSystem/IMMZDAK</code></td><td style=\"white-space:nowrap\">\u00a0\u00a0<a href=\"CodeSystem-IMMZDAK.html#IMMZDAK-Client.39sageismorethanorequalto1year-14\">Client's age is more than or equal to 1 year-14</a></td><td>Client's age is more than or equal to 1 year</td></tr></table></div>"},"url":"http://smart.who.int/immunizations/ValueSet/IMMZD5DTBCGContraindicationsVS","version":"0.2.0","name":"IMMZD5DTBCGContraindicationsVS","title":"IMMZD5DTBCGContraindications ValueSet for Decision Table","status":"active","date":"2025-11-25T19:41:02+00:00","publisher":"WHO","contact":[{"name":"WHO","telecom":[{"system":"url","value":"http://who.int"}]}],"description":"ValueSet IMMZD5DTBCGContraindications for IMMZ.D5.DT.BCG contraindications.\nBusiness rule: Check for contraindications before administering the vaccine(s) due\nTrigger: IMMZ.D5 Determine vaccine(s) to be administered based on contraindications\nTable: IMMZ.D5.DT.BCG contraindications","compose":{"include":[{"system":"http://smart.who.int/immunizations/CodeSystem/IMMZDAK","concept":[{"code":"The client is pregnant-52","display":"The client is pregnant"},{"code":"Bacille Calmette–Guérin (BCG) vaccination is contraindicated-57","display":"Bacille Calmette–Guérin (BCG) vaccination is contraindicated"},{"code":"The client has history of severe allergic reactions-60","display":"The client has history of severe allergic reactions"},{"code":"BCG vaccination could be contraindicated. Clinical judgement is required. Create a clinical note.-67","display":"BCG vaccination could be contraindicated. Clinical judgement is required. Create a clinical note."},{"code":"The client has immunodeficiency syndromes-60","display":"The client has immunodeficiency syndromes"},{"code":"BCG vaccination is contraindicated-57","display":"BCG vaccination is contraindicated"},{"code":"The client is exposed to immunosuppressive treatment-72","display":"The client is exposed to immunosuppressive treatment"},{"code":"Client's age is less than 1 year-14","display":"Client's age is less than 1 year"},{"code":"Client's age is more than or equal to 1 year-14","display":"Client's age is more than or equal to 1 year"}]}]},"expansion":{"timestamp":"2025-09-29T20:59:26.458Z","contains":[{"system":"http://smart.who.int/immunizations/CodeSystem/IMMZDAK","code":"The client is pregnant-52","display":"The client is pregnant"},{"system":"http://smart.who.int/immunizations/CodeSystem/IMMZDAK","code":"Bacille Calmette–Guérin (BCG) vaccination is contraindicated-57","display":"Bacille Calmette–Guérin (BCG) vaccination is contraindicated"},{"system":"http://smart.who.int/immunizations/CodeSystem/IMMZDAK","code":"The client has history of severe allergic reactions-60","display":"The client has history of severe allergic reactions"},{"system":"http://smart.who.int/immunizations/CodeSystem/IMMZDAK","code":"BCG vaccination could be contraindicated. Clinical judgement is required. Create a clinical note.-67","display":"BCG vaccination could be contraindicated. Clinical judgement is required. Create a clinical note."},{"system":"http://smart.who.int/immunizations/CodeSystem/IMMZDAK","code":"The client has immunodeficiency syndromes-60","display":"The client has immunodeficiency syndromes"},{"system":"http://smart.who.int/immunizations/CodeSystem/IMMZDAK","code":"BCG vaccination is contraindicated-57","display":"BCG vaccination is contraindicated"},{"system":"http://smart.who.int/immunizations/CodeSystem/IMMZDAK","code":"The client is exposed to immunosuppressive treatment-72","display":"The client is exposed to immunosuppressive treatment"},{"system":"http://smart.who.int/immunizations/CodeSystem/IMMZDAK","code":"Client's age is less than 1 year-14","display":"Client's age is less than 1 year"},{"system":"http://smart.who.int/immunizations/CodeSystem/IMMZDAK","code":"Client's age is more than or equal to 1 year-14","display":"Client's age is more than or equal to 1 year"}]}}