{"resourceType":"ValueSet","id":"IMMZD2DTMumpsVS","text":{"status":"generated","div":"<div xmlns=\"http://www.w3.org/1999/xhtml\"><p class=\"res-header-id\"><b>Generated Narrative: ValueSet IMMZD2DTMumpsVS</b></p><a name=\"IMMZD2DTMumpsVS\"> </a><a name=\"hcIMMZD2DTMumpsVS\"> </a><p>This value set expansion contains 12 concepts.</p><table class=\"codes\"><tr><td><b>System</b></td><td style=\"white-space:nowrap\"><b>Code</b></td><td><b>Display</b></td></tr><tr><td><a name=\"IMMZD2DTMumpsVS-http://smart.who.int/immunizations/CodeSystem/IMMZDAK-Client's|20age|20is|20less|20than|2012|20months-42\"> </a><code>http://smart.who.int/immunizations/CodeSystem/IMMZDAK</code></td><td style=\"white-space:nowrap\">\u00a0\u00a0<a href=\"CodeSystem-IMMZDAK.html#IMMZDAK-Client.39sageislessthan12months-42\">Client's age is less than 12 months-42</a></td><td>Client's age is less than 12 months</td></tr><tr><td><a name=\"IMMZD2DTMumpsVS-http://smart.who.int/immunizations/CodeSystem/IMMZDAK-Client|20is|20not|20due|20for|20mumps|20vaccination-48\"> </a><code>http://smart.who.int/immunizations/CodeSystem/IMMZDAK</code></td><td style=\"white-space:nowrap\">\u00a0\u00a0<a href=\"CodeSystem-IMMZDAK.html#IMMZDAK-Clientisnotdueformumpsvaccination-48\">Client is not due for mumps vaccination-48</a></td><td>Client is not due for mumps vaccination</td></tr><tr><td><a name=\"IMMZD2DTMumpsVS-http://smart.who.int/immunizations/CodeSystem/IMMZDAK-No|20mumps|20primary|20series|20doses|20were|20administered-125\"> </a><code>http://smart.who.int/immunizations/CodeSystem/IMMZDAK</code></td><td style=\"white-space:nowrap\">\u00a0\u00a0<a href=\"CodeSystem-IMMZDAK.html#IMMZDAK-Nomumpsprimaryseriesdoseswereadministered-125\">No mumps primary series doses were administered-125</a></td><td>No mumps primary series doses were administered</td></tr><tr><td><a name=\"IMMZD2DTMumpsVS-http://smart.who.int/immunizations/CodeSystem/IMMZDAK-Client's|20age|20is|20more|20than|20or|20equal|20to|2012|20months-42\"> </a><code>http://smart.who.int/immunizations/CodeSystem/IMMZDAK</code></td><td style=\"white-space:nowrap\">\u00a0\u00a0<a href=\"CodeSystem-IMMZDAK.html#IMMZDAK-Client.39sageismorethanorequalto12months-42\">Client's age is more than or equal to 12 months-42</a></td><td>Client's age is more than or equal to 12 months</td></tr><tr><td><a name=\"IMMZD2DTMumpsVS-http://smart.who.int/immunizations/CodeSystem/IMMZDAK-Live|20vaccine|20was|20administered|20in|20the|20past|204|20weeks-92\"> </a><code>http://smart.who.int/immunizations/CodeSystem/IMMZDAK</code></td><td style=\"white-space:nowrap\">\u00a0\u00a0<a href=\"CodeSystem-IMMZDAK.html#IMMZDAK-Livevaccinewasadministeredinthepast4weeks-92\">Live vaccine was administered in the past 4 weeks-92</a></td><td>Live vaccine was administered in the past 4 weeks</td></tr><tr><td><a name=\"IMMZD2DTMumpsVS-http://smart.who.int/immunizations/CodeSystem/IMMZDAK-No|20live|20vaccine|20was|20administered|20in|20the|20past|204|20weeks-92\"> </a><code>http://smart.who.int/immunizations/CodeSystem/IMMZDAK</code></td><td style=\"white-space:nowrap\">\u00a0\u00a0<a href=\"CodeSystem-IMMZDAK.html#IMMZDAK-Nolivevaccinewasadministeredinthepast4weeks-92\">No live vaccine was administered in the past 4 weeks-92</a></td><td>No live vaccine was administered in the past 4 weeks</td></tr><tr><td><a name=\"IMMZD2DTMumpsVS-http://smart.who.int/immunizations/CodeSystem/IMMZDAK-Client|20is|20due|20for|20mumps|20vaccination-44\"> </a><code>http://smart.who.int/immunizations/CodeSystem/IMMZDAK</code></td><td style=\"white-space:nowrap\">\u00a0\u00a0<a href=\"CodeSystem-IMMZDAK.html#IMMZDAK-Clientisdueformumpsvaccination-44\">Client is due for mumps vaccination-44</a></td><td>Client is due for mumps vaccination</td></tr><tr><td><a name=\"IMMZD2DTMumpsVS-http://smart.who.int/immunizations/CodeSystem/IMMZDAK-One|20mumps|20primary|20series|20dose|20was|20administered-125\"> </a><code>http://smart.who.int/immunizations/CodeSystem/IMMZDAK</code></td><td style=\"white-space:nowrap\">\u00a0\u00a0<a href=\"CodeSystem-IMMZDAK.html#IMMZDAK-Onemumpsprimaryseriesdosewasadministered-125\">One mumps primary series dose was administered-125</a></td><td>One mumps primary series dose was administered</td></tr><tr><td><a name=\"IMMZD2DTMumpsVS-http://smart.who.int/immunizations/CodeSystem/IMMZDAK-The|20latest|20mumps|20dose|20was|20administered|20less|20than|204|20weeks|20ago-108\"> </a><code>http://smart.who.int/immunizations/CodeSystem/IMMZDAK</code></td><td style=\"white-space:nowrap\">\u00a0\u00a0<a href=\"CodeSystem-IMMZDAK.html#IMMZDAK-Thelatestmumpsdosewasadministeredlessthan4weeksago-108\">The latest mumps dose was administered less than 4 weeks ago-108</a></td><td>The latest mumps dose was administered less than 4 weeks ago</td></tr><tr><td><a name=\"IMMZD2DTMumpsVS-http://smart.who.int/immunizations/CodeSystem/IMMZDAK-The|20latest|20mumps|20dose|20was|20administered|20more|20than|204|20weeks|20ago-108\"> </a><code>http://smart.who.int/immunizations/CodeSystem/IMMZDAK</code></td><td style=\"white-space:nowrap\">\u00a0\u00a0<a href=\"CodeSystem-IMMZDAK.html#IMMZDAK-Thelatestmumpsdosewasadministeredmorethan4weeksago-108\">The latest mumps dose was administered more than 4 weeks ago-108</a></td><td>The latest mumps dose was administered more than 4 weeks ago</td></tr><tr><td><a name=\"IMMZD2DTMumpsVS-http://smart.who.int/immunizations/CodeSystem/IMMZDAK-Two|20mumps|20primary|20series|20doses|20were|20administered-125\"> </a><code>http://smart.who.int/immunizations/CodeSystem/IMMZDAK</code></td><td style=\"white-space:nowrap\">\u00a0\u00a0<a href=\"CodeSystem-IMMZDAK.html#IMMZDAK-Twomumpsprimaryseriesdoseswereadministered-125\">Two mumps primary series doses were administered-125</a></td><td>Two mumps primary series doses were administered</td></tr><tr><td><a name=\"IMMZD2DTMumpsVS-http://smart.who.int/immunizations/CodeSystem/IMMZDAK-Mumps|20immunization|20schedule|20is|20complete-153\"> </a><code>http://smart.who.int/immunizations/CodeSystem/IMMZDAK</code></td><td style=\"white-space:nowrap\">\u00a0\u00a0<a href=\"CodeSystem-IMMZDAK.html#IMMZDAK-Mumpsimmunizationscheduleiscomplete-153\">Mumps immunization schedule is complete-153</a></td><td>Mumps immunization schedule is complete</td></tr></table></div>"},"url":"http://smart.who.int/immunizations/ValueSet/IMMZD2DTMumpsVS","version":"0.2.0","name":"IMMZD2DTMumpsVS","title":"IMMZD2DTMumps ValueSet for Decision Table","status":"active","date":"2025-11-25T19:41:02+00:00","publisher":"WHO","contact":[{"name":"WHO","telecom":[{"system":"url","value":"http://who.int"}]}],"description":"ValueSet IMMZD2DTMumps for IMMZ.D2.DT.Mumps.\nBusiness rule: Determine if the client is due for a mumps vaccination according to the national immunization schedule\nTrigger: IMMZ.D2 Determine required vaccination(s) if any\nTable: 2-dose schedule (countries with mumps in schedule and low transmission of measles)","compose":{"include":[{"system":"http://smart.who.int/immunizations/CodeSystem/IMMZDAK","concept":[{"code":"Client's age is less than 12 months-42","display":"Client's age is less than 12 months"},{"code":"Client is not due for mumps vaccination-48","display":"Client is not due for mumps vaccination"},{"code":"No mumps primary series doses were administered-125","display":"No mumps primary series doses were administered"},{"code":"Client's age is more than or equal to 12 months-42","display":"Client's age is more than or equal to 12 months"},{"code":"Live vaccine was administered in the past 4 weeks-92","display":"Live vaccine was administered in the past 4 weeks"},{"code":"No live vaccine was administered in the past 4 weeks-92","display":"No live vaccine was administered in the past 4 weeks"},{"code":"Client is due for mumps vaccination-44","display":"Client is due for mumps vaccination"},{"code":"One mumps primary series dose was administered-125","display":"One mumps primary series dose was administered"},{"code":"The latest mumps dose was administered less than 4 weeks ago-108","display":"The latest mumps dose was administered less than 4 weeks ago"},{"code":"The latest mumps dose was administered more than 4 weeks ago-108","display":"The latest mumps dose was administered more than 4 weeks ago"},{"code":"Two mumps primary series doses were administered-125","display":"Two mumps primary series doses were administered"},{"code":"Mumps immunization schedule is complete-153","display":"Mumps immunization schedule is complete"}]}]},"expansion":{"timestamp":"2025-09-29T20:59:26.458Z","contains":[{"system":"http://smart.who.int/immunizations/CodeSystem/IMMZDAK","code":"Client's age is less than 12 months-42","display":"Client's age is less than 12 months"},{"system":"http://smart.who.int/immunizations/CodeSystem/IMMZDAK","code":"Client is not due for mumps vaccination-48","display":"Client is not due for mumps vaccination"},{"system":"http://smart.who.int/immunizations/CodeSystem/IMMZDAK","code":"No mumps primary series doses were administered-125","display":"No mumps primary series doses were administered"},{"system":"http://smart.who.int/immunizations/CodeSystem/IMMZDAK","code":"Client's age is more than or equal to 12 months-42","display":"Client's age is more than or equal to 12 months"},{"system":"http://smart.who.int/immunizations/CodeSystem/IMMZDAK","code":"Live vaccine was administered in the past 4 weeks-92","display":"Live vaccine was administered in the past 4 weeks"},{"system":"http://smart.who.int/immunizations/CodeSystem/IMMZDAK","code":"No live vaccine was administered in the past 4 weeks-92","display":"No live vaccine was administered in the past 4 weeks"},{"system":"http://smart.who.int/immunizations/CodeSystem/IMMZDAK","code":"Client is due for mumps vaccination-44","display":"Client is due for mumps vaccination"},{"system":"http://smart.who.int/immunizations/CodeSystem/IMMZDAK","code":"One mumps primary series dose was administered-125","display":"One mumps primary series dose was administered"},{"system":"http://smart.who.int/immunizations/CodeSystem/IMMZDAK","code":"The latest mumps dose was administered less than 4 weeks ago-108","display":"The latest mumps dose was administered less than 4 weeks ago"},{"system":"http://smart.who.int/immunizations/CodeSystem/IMMZDAK","code":"The latest mumps dose was administered more than 4 weeks ago-108","display":"The latest mumps dose was administered more than 4 weeks ago"},{"system":"http://smart.who.int/immunizations/CodeSystem/IMMZDAK","code":"Two mumps primary series doses were administered-125","display":"Two mumps primary series doses were administered"},{"system":"http://smart.who.int/immunizations/CodeSystem/IMMZDAK","code":"Mumps immunization schedule is complete-153","display":"Mumps immunization schedule is complete"}]}}