{"resourceType":"ValueSet","id":"IMMZD18SMeningococcalPolysaccharideVaccinesVS","text":{"status":"generated","div":"<div xmlns=\"http://www.w3.org/1999/xhtml\"><p class=\"res-header-id\"><b>Generated Narrative: ValueSet IMMZD18SMeningococcalPolysaccharideVaccinesVS</b></p><a name=\"IMMZD18SMeningococcalPolysaccharideVaccinesVS\"> </a><a name=\"hcIMMZD18SMeningococcalPolysaccharideVaccinesVS\"> </a><p>This value set expansion contains 4 concepts.</p><table class=\"codes\"><tr><td><b>System</b></td><td style=\"white-space:nowrap\"><b>Code</b></td><td><b>Display</b></td><td><b>Definition</b></td></tr><tr><td><a name=\"IMMZD18SMeningococcalPolysaccharideVaccinesVS-http://smart.who.int/immunizations/CodeSystem/IMMZDAK-Child's|20birth-0\"> </a><code>http://smart.who.int/immunizations/CodeSystem/IMMZDAK</code></td><td style=\"white-space:nowrap\">\u00a0\u00a0<a href=\"CodeSystem-IMMZDAK.html#IMMZDAK-Child.39sbirth-0\">Child's birth-0</a></td><td>Child's birth</td><td><div/></td></tr><tr><td><a name=\"IMMZD18SMeningococcalPolysaccharideVaccinesVS-http://smart.who.int/immunizations/CodeSystem/IMMZDAK-One|20meningococcal|20dose|20from|20primary|20series|20was|20administered.|20The|20primary|20series|20has|20been|20completed-99\"> </a><code>http://smart.who.int/immunizations/CodeSystem/IMMZDAK</code></td><td style=\"white-space:nowrap\">\u00a0\u00a0<a href=\"CodeSystem-IMMZDAK.html#IMMZDAK-Onemeningococcaldosefromprimaryserieswasadministered.46Theprimaryserieshasbeencompleted-99\">One meningococcal dose from primary series was administered. The primary series has been completed-99</a></td><td>One meningococcal dose from primary series was administered. The primary series has been completed</td><td><div><p>&quot;Completed the primary vaccination series&quot; (where &quot;Vaccine type&quot; = &quot;Meningococcal vaccines&quot;) = TRUE</p>\n</div></td></tr><tr><td><a name=\"IMMZD18SMeningococcalPolysaccharideVaccinesVS-http://smart.who.int/immunizations/CodeSystem/IMMZDAK-Primary|20series|20has|20been|20completed-99\"> </a><code>http://smart.who.int/immunizations/CodeSystem/IMMZDAK</code></td><td style=\"white-space:nowrap\">\u00a0\u00a0<a href=\"CodeSystem-IMMZDAK.html#IMMZDAK-Primaryserieshasbeencompleted-99\">Primary series has been completed-99</a></td><td>Primary series has been completed</td><td><div><p>&quot;Completed the primary vaccination series&quot; (where &quot;Vaccine type&quot; = &quot;Meningococcal vaccines&quot;) = TRUE</p>\n</div></td></tr><tr><td><a name=\"IMMZD18SMeningococcalPolysaccharideVaccinesVS-http://smart.who.int/immunizations/CodeSystem/IMMZDAK-Meningococcal|20booster|20dose|20was|20administered.|20The|20immunization|20schedule|20has|20been|20completed-120\"> </a><code>http://smart.who.int/immunizations/CodeSystem/IMMZDAK</code></td><td style=\"white-space:nowrap\">\u00a0\u00a0<a href=\"CodeSystem-IMMZDAK.html#IMMZDAK-Meningococcalboosterdosewasadministered.46Theimmunizationschedulehasbeencompleted-120\">Meningococcal booster dose was administered. The immunization schedule has been completed-120</a></td><td>Meningococcal booster dose was administered. The immunization schedule has been completed</td><td><div><p>Count of vaccines administered (where &quot;Vaccine type&quot; = &quot;Meningococcal vaccines&quot; AND &quot;Type of dose&quot; = &quot;Booster dose&quot;) = 1</p>\n</div></td></tr></table></div>"},"url":"http://smart.who.int/immunizations/ValueSet/IMMZD18SMeningococcalPolysaccharideVaccinesVS","version":"0.2.0","name":"IMMZD18SMeningococcalPolysaccharideVaccinesVS","title":"IMMZD18SMeningococcalPolysaccharideVaccines ValueSet for Decision Table","status":"active","date":"2025-11-25T19:41:02+00:00","publisher":"WHO","contact":[{"name":"WHO","telecom":[{"system":"url","value":"http://who.int"}]}],"description":"ValueSet IMMZD18SMeningococcalPolysaccharideVaccines for IMMZ.D18.S.Meningococcal.Polysaccharide vaccines schedule.\nBusiness rule: Determine if the client is due for a meningococcal vaccination according to the national immunization schedule\nTrigger: IMMZ.D2 Determine required vaccination(s) if any\nTable: Polysaccharide vaccines, 1-dose and booster dose schedule","compose":{"include":[{"system":"http://smart.who.int/immunizations/CodeSystem/IMMZDAK","concept":[{"code":"Child's birth-0","display":"Child's birth"},{"code":"One meningococcal dose from primary series was administered. The primary series has been completed-99","display":"One meningococcal dose from primary series was administered. The primary series has been completed"},{"code":"Primary series has been completed-99","display":"Primary series has been completed"},{"code":"Meningococcal booster dose was administered. The immunization schedule has been completed-120","display":"Meningococcal booster dose was administered. The immunization schedule has been completed"}]}]},"expansion":{"timestamp":"2025-09-29T20:59:26.458Z","contains":[{"system":"http://smart.who.int/immunizations/CodeSystem/IMMZDAK","code":"Child's birth-0","display":"Child's birth"},{"system":"http://smart.who.int/immunizations/CodeSystem/IMMZDAK","code":"One meningococcal dose from primary series was administered. The primary series has been completed-99","display":"One meningococcal dose from primary series was administered. The primary series has been completed"},{"system":"http://smart.who.int/immunizations/CodeSystem/IMMZDAK","code":"Primary series has been completed-99","display":"Primary series has been completed"},{"system":"http://smart.who.int/immunizations/CodeSystem/IMMZDAK","code":"Meningococcal booster dose was administered. The immunization schedule has been completed-120","display":"Meningococcal booster dose was administered. The immunization schedule has been completed"}]}}