{"resourceType":"ValueSet","id":"IMMZD18SDTPDelayedOrInterruptedSeriesVS","text":{"status":"generated","div":"<div xmlns=\"http://www.w3.org/1999/xhtml\"><p class=\"res-header-id\"><b>Generated Narrative: ValueSet IMMZD18SDTPDelayedOrInterruptedSeriesVS</b></p><a name=\"IMMZD18SDTPDelayedOrInterruptedSeriesVS\"> </a><a name=\"hcIMMZD18SDTPDelayedOrInterruptedSeriesVS\"> </a><p>This value set expansion contains 9 concepts.</p><table class=\"codes\"><tr><td><b>System</b></td><td style=\"white-space:nowrap\"><b>Code</b></td><td><b>Display</b></td></tr><tr><td><a name=\"IMMZD18SDTPDelayedOrInterruptedSeriesVS-http://smart.who.int/immunizations/CodeSystem/IMMZDAK-No|20DTP|20doses|20were|20administered|20and|20client's|20age|20is|20more|20than|201|20year-129\"> </a><code>http://smart.who.int/immunizations/CodeSystem/IMMZDAK</code></td><td style=\"white-space:nowrap\">\u00a0\u00a0<a href=\"CodeSystem-IMMZDAK.html#IMMZDAK-NoDTPdoseswereadministeredandclient.39sageismorethan1year-129\">No DTP doses were administered and client's age is more than 1 year-129</a></td><td>No DTP doses were administered and client's age is more than 1 year</td></tr><tr><td><a name=\"IMMZD18SDTPDelayedOrInterruptedSeriesVS-http://smart.who.int/immunizations/CodeSystem/IMMZDAK-First|20DTP|20dose|20from|20the|20primary|20series|20was|20administered-123\"> </a><code>http://smart.who.int/immunizations/CodeSystem/IMMZDAK</code></td><td style=\"white-space:nowrap\">\u00a0\u00a0<a href=\"CodeSystem-IMMZDAK.html#IMMZDAK-FirstDTPdosefromtheprimaryserieswasadministered-123\">First DTP dose from the primary series was administered-123</a></td><td>First DTP dose from the primary series was administered</td></tr><tr><td><a name=\"IMMZD18SDTPDelayedOrInterruptedSeriesVS-http://smart.who.int/immunizations/CodeSystem/IMMZDAK-Second|20DTP|20dose|20from|20the|20primary|20series|20was|20administered-123\"> </a><code>http://smart.who.int/immunizations/CodeSystem/IMMZDAK</code></td><td style=\"white-space:nowrap\">\u00a0\u00a0<a href=\"CodeSystem-IMMZDAK.html#IMMZDAK-SecondDTPdosefromtheprimaryserieswasadministered-123\">Second DTP dose from the primary series was administered-123</a></td><td>Second DTP dose from the primary series was administered</td></tr><tr><td><a name=\"IMMZD18SDTPDelayedOrInterruptedSeriesVS-http://smart.who.int/immunizations/CodeSystem/IMMZDAK-Third|20DTP|20dose|20from|20the|20primary|20series|20was|20administered.|20The|20primary|20DTP|20series|20has|20been|20completed-224\"> </a><code>http://smart.who.int/immunizations/CodeSystem/IMMZDAK</code></td><td style=\"white-space:nowrap\">\u00a0\u00a0<a href=\"CodeSystem-IMMZDAK.html#IMMZDAK-ThirdDTPdosefromtheprimaryserieswasadministered.46TheprimaryDTPserieshasbeencompleted-224\">Third DTP dose from the primary series was administered. The primary DTP series has been completed-224</a></td><td>Third DTP dose from the primary series was administered. The primary DTP series has been completed</td></tr><tr><td><a name=\"IMMZD18SDTPDelayedOrInterruptedSeriesVS-http://smart.who.int/immunizations/CodeSystem/IMMZDAK-The|20primary|20DTP|20series|20has|20been|20completed-100\"> </a><code>http://smart.who.int/immunizations/CodeSystem/IMMZDAK</code></td><td style=\"white-space:nowrap\">\u00a0\u00a0<a href=\"CodeSystem-IMMZDAK.html#IMMZDAK-TheprimaryDTPserieshasbeencompleted-100\">The primary DTP series has been completed-100</a></td><td>The primary DTP series has been completed</td></tr><tr><td><a name=\"IMMZD18SDTPDelayedOrInterruptedSeriesVS-http://smart.who.int/immunizations/CodeSystem/IMMZDAK-First|20tetanus|20and|20diphtheria|20booster|20dose|20was|20administered-140\"> </a><code>http://smart.who.int/immunizations/CodeSystem/IMMZDAK</code></td><td style=\"white-space:nowrap\">\u00a0\u00a0<a href=\"CodeSystem-IMMZDAK.html#IMMZDAK-Firsttetanusanddiphtheriaboosterdosewasadministered-140\">First tetanus and diphtheria booster dose was administered-140</a></td><td>First tetanus and diphtheria booster dose was administered</td></tr><tr><td><a name=\"IMMZD18SDTPDelayedOrInterruptedSeriesVS-http://smart.who.int/immunizations/CodeSystem/IMMZDAK-Second|20tetanus|20and|20diphtheria|20booster|20dose|20was|20administered.|20Tetanus|20and|20diphtheria|20immunization|20schedule|20has|20been|20completed-260\"> </a><code>http://smart.who.int/immunizations/CodeSystem/IMMZDAK</code></td><td style=\"white-space:nowrap\">\u00a0\u00a0<a href=\"CodeSystem-IMMZDAK.html#IMMZDAK-Secondtetanusanddiphtheriaboosterdosewasadministered.46Tetanusanddiphtheriaimmunizationschedulehasbeencompleted-260\">Second tetanus and diphtheria booster dose was administered. Tetanus and diphtheria immunization schedule has been completed-260</a></td><td>Second tetanus and diphtheria booster dose was administered. Tetanus and diphtheria immunization schedule has been completed</td></tr><tr><td><a name=\"IMMZD18SDTPDelayedOrInterruptedSeriesVS-http://smart.who.int/immunizations/CodeSystem/IMMZDAK-The|20primary|20DTP|20series|20has|20been|20completed|20and|20client's|20age|20is|20between|201|20year|20and|206|20years-154\"> </a><code>http://smart.who.int/immunizations/CodeSystem/IMMZDAK</code></td><td style=\"white-space:nowrap\">\u00a0\u00a0<a href=\"CodeSystem-IMMZDAK.html#IMMZDAK-TheprimaryDTPserieshasbeencompletedandclient.39sageisbetween1yearand6years-154\">The primary DTP series has been completed and client's age is between 1 year and 6 years-154</a></td><td>The primary DTP series has been completed and client's age is between 1 year and 6 years</td></tr><tr><td><a name=\"IMMZD18SDTPDelayedOrInterruptedSeriesVS-http://smart.who.int/immunizations/CodeSystem/IMMZDAK-Pertussis-containing|20booster|20dose|20was|20administered.|20Pertussis|20immunization|20schedule|20has|20been|20completed-234\"> </a><code>http://smart.who.int/immunizations/CodeSystem/IMMZDAK</code></td><td style=\"white-space:nowrap\">\u00a0\u00a0<a href=\"CodeSystem-IMMZDAK.html#IMMZDAK-Pertussis-containingboosterdosewasadministered.46Pertussisimmunizationschedulehasbeencompleted-234\">Pertussis-containing booster dose was administered. Pertussis immunization schedule has been completed-234</a></td><td>Pertussis-containing booster dose was administered. Pertussis immunization schedule has been completed</td></tr></table></div>"},"url":"http://smart.who.int/immunizations/ValueSet/IMMZD18SDTPDelayedOrInterruptedSeriesVS","version":"0.2.0","name":"IMMZD18SDTPDelayedOrInterruptedSeriesVS","title":"IMMZD18SDTPDelayedOrInterruptedSeries ValueSet for Decision Table","status":"active","date":"2025-11-25T19:41:02+00:00","publisher":"WHO","contact":[{"name":"WHO","telecom":[{"system":"url","value":"http://who.int"}]}],"description":"ValueSet IMMZD18SDTPDelayedOrInterruptedSeries for IMMZ.D18.S.DTP.Delayed or interrupted schedule.\nBusiness rule: Determine if the client is due for a diphtheria–tetanus–pertussis (DTP) vaccination according to the national immunization schedule\nTrigger: IMMZ.D2 Determine required vaccination(s) if any\nTable: Diphtheria–tetanus–pertussis (DTP) vaccination schedule for the following groups: children ≥ 1 year of age with no previous immunization, adolescents and adults with no previous immunization (including pregnant women) and supplementary immunization activities in high-risk areas, for women of reproductive age","compose":{"include":[{"system":"http://smart.who.int/immunizations/CodeSystem/IMMZDAK","concept":[{"code":"No DTP doses were administered and client's age is more than 1 year-129","display":"No DTP doses were administered and client's age is more than 1 year"},{"code":"First DTP dose from the primary series was administered-123","display":"First DTP dose from the primary series was administered"},{"code":"Second DTP dose from the primary series was administered-123","display":"Second DTP dose from the primary series was administered"},{"code":"Third DTP dose from the primary series was administered. The primary DTP series has been completed-224","display":"Third DTP dose from the primary series was administered. The primary DTP series has been completed"},{"code":"The primary DTP series has been completed-100","display":"The primary DTP series has been completed"},{"code":"First tetanus and diphtheria booster dose was administered-140","display":"First tetanus and diphtheria booster dose was administered"},{"code":"Second tetanus and diphtheria booster dose was administered. Tetanus and diphtheria immunization schedule has been completed-260","display":"Second tetanus and diphtheria booster dose was administered. Tetanus and diphtheria immunization schedule has been completed"},{"code":"The primary DTP series has been completed and client's age is between 1 year and 6 years-154","display":"The primary DTP series has been completed and client's age is between 1 year and 6 years"},{"code":"Pertussis-containing booster dose was administered. Pertussis immunization schedule has been completed-234","display":"Pertussis-containing booster dose was administered. Pertussis immunization schedule has been completed"}]}]},"expansion":{"timestamp":"2025-09-29T20:59:26.458Z","contains":[{"system":"http://smart.who.int/immunizations/CodeSystem/IMMZDAK","code":"No DTP doses were administered and client's age is more than 1 year-129","display":"No DTP doses were administered and client's age is more than 1 year"},{"system":"http://smart.who.int/immunizations/CodeSystem/IMMZDAK","code":"First DTP dose from the primary series was administered-123","display":"First DTP dose from the primary series was administered"},{"system":"http://smart.who.int/immunizations/CodeSystem/IMMZDAK","code":"Second DTP dose from the primary series was administered-123","display":"Second DTP dose from the primary series was administered"},{"system":"http://smart.who.int/immunizations/CodeSystem/IMMZDAK","code":"Third DTP dose from the primary series was administered. The primary DTP series has been completed-224","display":"Third DTP dose from the primary series was administered. The primary DTP series has been completed"},{"system":"http://smart.who.int/immunizations/CodeSystem/IMMZDAK","code":"The primary DTP series has been completed-100","display":"The primary DTP series has been completed"},{"system":"http://smart.who.int/immunizations/CodeSystem/IMMZDAK","code":"First tetanus and diphtheria booster dose was administered-140","display":"First tetanus and diphtheria booster dose was administered"},{"system":"http://smart.who.int/immunizations/CodeSystem/IMMZDAK","code":"Second tetanus and diphtheria booster dose was administered. Tetanus and diphtheria immunization schedule has been completed-260","display":"Second tetanus and diphtheria booster dose was administered. Tetanus and diphtheria immunization schedule has been completed"},{"system":"http://smart.who.int/immunizations/CodeSystem/IMMZDAK","code":"The primary DTP series has been completed and client's age is between 1 year and 6 years-154","display":"The primary DTP series has been completed and client's age is between 1 year and 6 years"},{"system":"http://smart.who.int/immunizations/CodeSystem/IMMZDAK","code":"Pertussis-containing booster dose was administered. Pertussis immunization schedule has been completed-234","display":"Pertussis-containing booster dose was administered. Pertussis immunization schedule has been completed"}]}}