<?xml version="1.0" encoding="UTF-8"?>
<library xmlns="urn:hl7-org:elm:r1" xmlns:t="urn:hl7-org:elm-types:r1" xmlns:xsi="http://www.w3.org/2001/XMLSchema-instance" xmlns:xsd="http://www.w3.org/2001/XMLSchema" xmlns:fhir="http://hl7.org/fhir" xmlns:qdm43="urn:healthit-gov:qdm:v4_3" xmlns:qdm53="urn:healthit-gov:qdm:v5_3" xmlns:a="urn:hl7-org:cql-annotations:r1">
   <annotation translatorVersion="2.7.0" translatorOptions="EnableAnnotations,EnableLocators,DisableListDemotion,DisableListPromotion" xsi:type="a:CqlToElmInfo"/>
   <annotation xsi:type="a:Annotation">
      <a:s r="54">
         <a:s>/*
 * Library: IMMZD18SMeaslesHighTx (IMMZ.D18.S.Measles.Ongoing transmission schedule)
 * Schedule Table: Schedule for countries with ongoing transmission in which the risk of measles mortality remains high
 */
library IMMZD18SMeaslesHighTx</a:s>
      </a:s>
   </annotation>
   <identifier id="IMMZD18SMeaslesHighTx" system="http://smart.who.int/ig/smart-immunizations"/>
   <schemaIdentifier id="urn:hl7-org:elm" version="r1"/>
   <usings>
      <def localIdentifier="System" uri="urn:hl7-org:elm-types:r1"/>
      <def localId="1" locator="7:1-7:26" localIdentifier="FHIR" uri="http://hl7.org/fhir" version="4.0.1">
         <annotation xsi:type="a:Annotation">
            <a:s r="1">
               <a:s>// Start Skeleton CQL
using </a:s>
               <a:s>
                  <a:s>FHIR</a:s>
               </a:s>
               <a:s> version '4.0.1'</a:s>
            </a:s>
         </annotation>
      </def>
   </usings>
   <includes>
      <def localId="2" locator="8:1-8:35" localIdentifier="FHIRHelpers" path="http://smart.who.int/ig/smart-immunizations/FHIRHelpers" version="4.0.1">
         <annotation xsi:type="a:Annotation">
            <a:s r="2">
               <a:s>include </a:s>
               <a:s>
                  <a:s>FHIRHelpers</a:s>
               </a:s>
               <a:s> version '4.0.1'</a:s>
            </a:s>
         </annotation>
      </def>
      <def localId="3" locator="9:1-9:33" localIdentifier="IMMZCom" path="http://smart.who.int/ig/smart-immunizations/IMMZCommon">
         <annotation xsi:type="a:Annotation">
            <a:s r="3">
               <a:s>include </a:s>
               <a:s>
                  <a:s>IMMZCommon</a:s>
               </a:s>
               <a:s> called IMMZCom</a:s>
            </a:s>
         </annotation>
      </def>
      <def localId="4" locator="10:1-10:33" localIdentifier="IMMZc" path="http://smart.who.int/ig/smart-immunizations/IMMZConcepts">
         <annotation xsi:type="a:Annotation">
            <a:s r="4">
               <a:s>include </a:s>
               <a:s>
                  <a:s>IMMZConcepts</a:s>
               </a:s>
               <a:s> called IMMZc</a:s>
            </a:s>
         </annotation>
      </def>
      <def localId="5" locator="11:1-11:33" localIdentifier="IMMZCon" path="http://smart.who.int/ig/smart-immunizations/IMMZConfig">
         <annotation xsi:type="a:Annotation">
            <a:s r="5">
               <a:s>include </a:s>
               <a:s>
                  <a:s>IMMZConfig</a:s>
               </a:s>
               <a:s> called IMMZCon</a:s>
            </a:s>
         </annotation>
      </def>
      <def localId="6" locator="12:1-12:40" localIdentifier="IMMZvl" path="http://smart.who.int/ig/smart-immunizations/IMMZVaccineLibrary">
         <annotation xsi:type="a:Annotation">
            <a:s r="6">
               <a:s>include </a:s>
               <a:s>
                  <a:s>IMMZVaccineLibrary</a:s>
               </a:s>
               <a:s> called IMMZvl</a:s>
            </a:s>
         </annotation>
      </def>
      <def localId="7" locator="13:1-13:28" localIdentifier="FC" path="http://smart.who.int/ig/smart-immunizations/FHIRCommon">
         <annotation xsi:type="a:Annotation">
            <a:s r="7">
               <a:s>include </a:s>
               <a:s>
                  <a:s>FHIRCommon</a:s>
               </a:s>
               <a:s> called FC</a:s>
            </a:s>
         </annotation>
      </def>
      <def localId="8" locator="14:1-14:41" localIdentifier="input" path="http://smart.who.int/ig/smart-immunizations/IMMZD2DTMeaslesInput">
         <annotation xsi:type="a:Annotation">
            <a:s r="8">
               <a:s>include </a:s>
               <a:s>
                  <a:s>IMMZD2DTMeaslesInput</a:s>
               </a:s>
               <a:s> called input</a:s>
            </a:s>
         </annotation>
      </def>
   </includes>
   <statements>
      <def locator="17:1-17:15" name="Patient" context="Patient">
         <expression xsi:type="SingletonFrom">
            <operand locator="17:1-17:15" dataType="fhir:Patient" templateId="http://hl7.org/fhir/StructureDefinition/Patient" xsi:type="Retrieve"/>
         </expression>
      </def>
      <def localId="11" locator="24:1-25:58" name="Measles dose 1" context="Patient" accessLevel="Public">
         <annotation xsi:type="a:Annotation">
            <a:s r="11">
               <a:s>/*
@output: Measles dose 1
@trigger: Child's birth
*/
define &quot;Measles dose 1&quot;:
	</a:s>
               <a:s r="10">
                  <a:s r="9">
                     <a:s>input</a:s>
                  </a:s>
                  <a:s>.</a:s>
                  <a:s r="10">
                     <a:s>&quot;No measles primary series doses were administered&quot;</a:s>
                  </a:s>
               </a:s>
            </a:s>
         </annotation>
         <expression localId="10" locator="25:2-25:58" name="No measles primary series doses were administered" libraryName="input" xsi:type="ExpressionRef"/>
      </def>
      <def localId="21" locator="40:1-42:10" name="Measles dose 1 Due Date" context="Patient" accessLevel="Public">
         <annotation xsi:type="a:Annotation">
            <a:s r="21">
               <a:s>/*
@dynamicValue: Measles dose 1 Due Date
@pseudocode: &quot;Date of birth&quot; + 9 'month'
*/
define &quot;Measles dose 1 Due Date&quot;:
	</a:s>
               <a:s r="20">
                  <a:s>if </a:s>
                  <a:s r="14">
                     <a:s>&quot;Measles dose 1&quot;</a:s>
                  </a:s>
                  <a:s> then </a:s>
                  <a:s r="18">
                     <a:s r="16">
                        <a:s r="15">
                           <a:s>Patient</a:s>
                        </a:s>
                        <a:s>.</a:s>
                        <a:s r="16">
                           <a:s>birthDate</a:s>
                        </a:s>
                     </a:s>
                     <a:s> + </a:s>
                     <a:s r="17">
                        <a:s>9 months</a:s>
                     </a:s>
                  </a:s>
                  <a:s r="19">
	else null</a:s>
               </a:s>
            </a:s>
         </annotation>
         <expression localId="20" locator="41:2-42:10" xsi:type="If">
            <condition localId="14" locator="41:5-41:20" name="Measles dose 1" xsi:type="ExpressionRef"/>
            <then localId="18" locator="41:27-41:54" xsi:type="Add">
               <signature name="t:Date" xsi:type="NamedTypeSpecifier"/>
               <signature name="t:Quantity" xsi:type="NamedTypeSpecifier"/>
               <operand name="ToDate" libraryName="FHIRHelpers" xsi:type="FunctionRef">
                  <signature name="fhir:date" xsi:type="NamedTypeSpecifier"/>
                  <operand localId="16" locator="41:27-41:43" path="birthDate" xsi:type="Property">
                     <source localId="15" locator="41:27-41:33" name="Patient" xsi:type="ExpressionRef"/>
                  </operand>
               </operand>
               <operand localId="17" locator="41:47-41:54" value="9" unit="months" xsi:type="Quantity"/>
            </then>
            <else asType="t:Date" xsi:type="As">
               <operand localId="19" locator="42:7-42:10" xsi:type="Null"/>
            </else>
         </expression>
      </def>
      <def localId="27" locator="31:1-34:8" name="Measles dose 1 Create" context="Patient" accessLevel="Public">
         <annotation xsi:type="a:Annotation">
            <a:s r="27">
               <a:s>/*
@output: Measles dose 1 Create
@create: The client is due for measles dose 1 if the client is at least 9 months
*/
define &quot;Measles dose 1 Create&quot;:
	</a:s>
               <a:s r="26">
                  <a:s>if </a:s>
                  <a:s r="12">
                     <a:s>&quot;Measles dose 1&quot;</a:s>
                  </a:s>
                  <a:s> then 	</a:s>
                  <a:s r="24">
                     <a:s r="13">
                        <a:s>'The client is due for measles dose 1 if the client is at least 9 months. Due Date is '</a:s>
                     </a:s>
                     <a:s>
		+ </a:s>
                     <a:s r="23">
                        <a:s>ToString(</a:s>
                        <a:s r="22">
                           <a:s>&quot;Measles dose 1 Due Date&quot;</a:s>
                        </a:s>
                        <a:s>)</a:s>
                     </a:s>
                  </a:s>
                  <a:s>
	else </a:s>
                  <a:s r="25">
                     <a:s>''</a:s>
                  </a:s>
               </a:s>
            </a:s>
         </annotation>
         <expression localId="26" locator="32:2-34:8" xsi:type="If">
            <condition localId="12" locator="32:5-32:20" name="Measles dose 1" xsi:type="ExpressionRef"/>
            <then localId="24" locator="32:28-33:39" xsi:type="Concatenate">
               <operand localId="13" locator="32:28-32:114" valueType="t:String" value="The client is due for measles dose 1 if the client is at least 9 months. Due Date is " xsi:type="Literal"/>
               <operand localId="23" locator="33:5-33:39" xsi:type="ToString">
                  <signature name="t:Date" xsi:type="NamedTypeSpecifier"/>
                  <operand localId="22" locator="33:14-33:38" name="Measles dose 1 Due Date" xsi:type="ExpressionRef"/>
               </operand>
            </then>
            <else localId="25" locator="34:7-34:8" valueType="t:String" value="" xsi:type="Literal"/>
         </expression>
      </def>
      <def localId="29" locator="48:1-49:5" name="Measles dose 1 Overdue" context="Patient" accessLevel="Public">
         <annotation xsi:type="a:Annotation">
            <a:s r="29">
               <a:s r="28">/*
@dynamicValue: Measles dose 1 Overdue
@pseudocode: To be determined by Member States however there is no recommended overdue date and individuals are always eligible to be vaccinated
*/
define &quot;Measles dose 1 Overdue&quot;:
	null</a:s>
            </a:s>
         </annotation>
         <expression localId="28" locator="49:2-49:5" xsi:type="Null"/>
      </def>
      <def localId="31" locator="55:1-56:5" name="Measles dose 1 Expiration" context="Patient" accessLevel="Public">
         <annotation xsi:type="a:Annotation">
            <a:s r="31">
               <a:s r="30">/*
@dynamicValue: Measles dose 1 Expiration
@pseudocode: To be determined by Member States however there is no recommended expiration date and individuals are always eligible to be vaccinated
*/
define &quot;Measles dose 1 Expiration&quot;:
	null</a:s>
            </a:s>
         </annotation>
         <expression localId="30" locator="56:2-56:5" xsi:type="Null"/>
      </def>
      <def localId="34" locator="63:1-64:38" name="Measles dose 2" context="Patient" accessLevel="Public">
         <annotation xsi:type="a:Annotation">
            <a:s r="34">
               <a:s>/*
@output: Measles dose 2
@trigger: One measles primary series dose was administered
@pseudocode: Count of vaccines administered (where &quot;Vaccine type&quot; = 'Measles containing vaccines' and &quot;Type of dose&quot; = &quot;Primary series&quot; ) = 1
*/
define &quot;Measles dose 2&quot;:
	</a:s>
               <a:s r="33">
                  <a:s r="32">
                     <a:s>input</a:s>
                  </a:s>
                  <a:s>.</a:s>
                  <a:s r="33">
                     <a:s>&quot;MCV1 was administered High Tx&quot;</a:s>
                  </a:s>
               </a:s>
            </a:s>
         </annotation>
         <expression localId="33" locator="64:2-64:38" name="MCV1 was administered High Tx" libraryName="input" xsi:type="ExpressionRef"/>
      </def>
      <def localId="44" locator="79:1-81:10" name="Measles dose 2 Due Date" context="Patient" accessLevel="Public">
         <annotation xsi:type="a:Annotation">
            <a:s r="44">
               <a:s>/*
@dynamicValue: Measles dose 2 Due Date
@pseudocode: &quot;Date of birth&quot; + 15 'month'
*/
define &quot;Measles dose 2 Due Date&quot;:
	</a:s>
               <a:s r="43">
                  <a:s>if </a:s>
                  <a:s r="37">
                     <a:s>&quot;Measles dose 2&quot;</a:s>
                  </a:s>
                  <a:s> then </a:s>
                  <a:s r="41">
                     <a:s r="39">
                        <a:s r="38">
                           <a:s>Patient</a:s>
                        </a:s>
                        <a:s>.</a:s>
                        <a:s r="39">
                           <a:s>birthDate</a:s>
                        </a:s>
                     </a:s>
                     <a:s> + </a:s>
                     <a:s r="40">
                        <a:s>15 months</a:s>
                     </a:s>
                  </a:s>
                  <a:s r="42">
	else null</a:s>
               </a:s>
            </a:s>
         </annotation>
         <expression localId="43" locator="80:2-81:10" xsi:type="If">
            <condition localId="37" locator="80:5-80:20" name="Measles dose 2" xsi:type="ExpressionRef"/>
            <then localId="41" locator="80:27-80:55" xsi:type="Add">
               <signature name="t:Date" xsi:type="NamedTypeSpecifier"/>
               <signature name="t:Quantity" xsi:type="NamedTypeSpecifier"/>
               <operand name="ToDate" libraryName="FHIRHelpers" xsi:type="FunctionRef">
                  <signature name="fhir:date" xsi:type="NamedTypeSpecifier"/>
                  <operand localId="39" locator="80:27-80:43" path="birthDate" xsi:type="Property">
                     <source localId="38" locator="80:27-80:33" name="Patient" xsi:type="ExpressionRef"/>
                  </operand>
               </operand>
               <operand localId="40" locator="80:47-80:55" value="15" unit="months" xsi:type="Quantity"/>
            </then>
            <else asType="t:Date" xsi:type="As">
               <operand localId="42" locator="81:7-81:10" xsi:type="Null"/>
            </else>
         </expression>
      </def>
      <def localId="50" locator="70:1-73:8" name="Measles dose 2 Create" context="Patient" accessLevel="Public">
         <annotation xsi:type="a:Annotation">
            <a:s r="50">
               <a:s>/*
@output: Measles dose 2 Create
@create: The client is due for measles dose 2 if the client is at least 15 months.
*/
define &quot;Measles dose 2 Create&quot;:
	</a:s>
               <a:s r="49">
                  <a:s>if </a:s>
                  <a:s r="35">
                     <a:s>&quot;Measles dose 2&quot;</a:s>
                  </a:s>
                  <a:s> then </a:s>
                  <a:s r="47">
                     <a:s r="36">
                        <a:s>'The client is due for measles dose 2 if the client is at least 15 months. Due Date is '</a:s>
                     </a:s>
                     <a:s>
		+ </a:s>
                     <a:s r="46">
                        <a:s>ToString(</a:s>
                        <a:s r="45">
                           <a:s>&quot;Measles dose 2 Due Date&quot;</a:s>
                        </a:s>
                        <a:s>)</a:s>
                     </a:s>
                  </a:s>
                  <a:s>
	else </a:s>
                  <a:s r="48">
                     <a:s>''</a:s>
                  </a:s>
               </a:s>
            </a:s>
         </annotation>
         <expression localId="49" locator="71:2-73:8" xsi:type="If">
            <condition localId="35" locator="71:5-71:20" name="Measles dose 2" xsi:type="ExpressionRef"/>
            <then localId="47" locator="71:27-72:39" xsi:type="Concatenate">
               <operand localId="36" locator="71:27-71:114" valueType="t:String" value="The client is due for measles dose 2 if the client is at least 15 months. Due Date is " xsi:type="Literal"/>
               <operand localId="46" locator="72:5-72:39" xsi:type="ToString">
                  <signature name="t:Date" xsi:type="NamedTypeSpecifier"/>
                  <operand localId="45" locator="72:14-72:38" name="Measles dose 2 Due Date" xsi:type="ExpressionRef"/>
               </operand>
            </then>
            <else localId="48" locator="73:7-73:8" valueType="t:String" value="" xsi:type="Literal"/>
         </expression>
      </def>
      <def localId="52" locator="87:1-88:5" name="Measles dose 2 Overdue" context="Patient" accessLevel="Public">
         <annotation xsi:type="a:Annotation">
            <a:s r="52">
               <a:s r="51">/*
@dynamicValue: Measles dose 2 Overdue
@pseudocode: To be determined by Member States however there is no recommended overdue date and individuals are always eligible to be vaccinated
*/
define &quot;Measles dose 2 Overdue&quot;:
	null</a:s>
            </a:s>
         </annotation>
         <expression localId="51" locator="88:2-88:5" xsi:type="Null"/>
      </def>
      <def localId="54" locator="94:1-95:5" name="Measles dose 2 Expiration" context="Patient" accessLevel="Public">
         <annotation xsi:type="a:Annotation">
            <a:s r="54">
               <a:s r="53">/*
@dynamicValue: Measles dose 2 Expiration
@pseudocode: To be determined by Member States however there is no recommended expiration date and individuals are always eligible to be vaccinated
*/
define &quot;Measles dose 2 Expiration&quot;:
	null</a:s>
            </a:s>
         </annotation>
         <expression localId="53" locator="95:2-95:5" xsi:type="Null"/>
      </def>
   </statements>
</library>
