<?xml version="1.0" encoding="UTF-8"?><PlanDefinition xmlns="http://hl7.org/fhir"><id value="IMMZD18SVaricella2Dose"/><meta><profile value="http://hl7.org/fhir/uv/cpg/StructureDefinition/cpg-recommendationdefinition"/><profile value="http://hl7.org/fhir/uv/crmi/StructureDefinition/crmi-shareableplandefinition"/><profile value="http://hl7.org/fhir/uv/crmi/StructureDefinition/crmi-publishableplandefinition"/></meta><extension url="http://hl7.org/fhir/uv/cpg/StructureDefinition/cpg-knowledgeCapability"><valueCode value="computable"/></extension><url value="http://smart.who.int/immunizations/PlanDefinition/IMMZD18SVaricella2Dose"/><version value="0.2.0"/><name value="IMMZD18SVaricella2Dose"/><title value="IMMZ.D18.S.Varicella.2-dose schedule"/><type><coding><system value="http://terminology.hl7.org/CodeSystem/plan-definition-type"/><code value="eca-rule"/></coding></type><status value="draft"/><experimental value="false"/><date value="2025-07-02T07:24:46+00:00"/><publisher value="WHO"/><contact><name value="WHO"/><telecom><system value="url"/><value value="http://who.int"/></telecom></contact><description value="IMMZ.D18.S.Varicella.2-dose schedule&#xA;2-dose schedule"/><relatedArtifact><type value="citation"/><citation value="WHO recommendations for routine immunization - summary tables (January 2025)"/></relatedArtifact><library value="http://smart.who.int/immunizations/Library/IMMZD18SVaricella2DoseLogic"/><action><title value="Varicella dose 1"/><description value="Provision of the varicella dose 1&#xA;Trigger event: Child's birth&#xA;Trigger date: &quot;Date of birth&quot;&#xA;Create condition: Depending on the goal of the vaccination programme, 1–2 doses should be given with the first dose administered at 12–18 months of age."/><condition><kind value="applicability"/><expression><description value="Varicella dose 1"/><language value="text/cql-identifier"/><expression value="Varicella dose 1"/></expression></condition><definitionCanonical value="http://smart.who.int/immunizations/ActivityDefinition/IMMZD2DTCR"/><dynamicValue><path value="status"/><expression><language value="text/cql-expression"/><expression value="'active'"/></expression></dynamicValue><dynamicValue><path value="payload.contentString"/><expression><language value="text/cql-identifier"/><expression value="Varicella dose 1 Create"/></expression></dynamicValue><dynamicValue><path value="category.coding"/><expression><description value="Category of communication"/><language value="text/cql-expression"/><expression value="Code { system: 'http://terminology.hl7.org/CodeSystem/communication-category', code: 'alert' }"/></expression></dynamicValue><dynamicValue><path value="priority"/><expression><description value="Alert priority"/><language value="text/cql-expression"/><expression value="Code { system: 'http://hl7.org/fhir/request-priority', code: 'routine' }"/></expression></dynamicValue></action><action><title value="Varicella dose 2"/><description value="Provision of the varicella dose 2&#xA;Trigger event: First varicella dose from the primary series was administered&#xA;Count of vaccines administered (where &quot;Vaccine type&quot; = &quot;Varicella-containing vaccines&quot; and &quot;Type of dose&quot; = &quot;Primary series&quot;) =1&#xA;Trigger date: &quot;Date and time of vaccination&quot; (where &quot;Vaccine type&quot; = &quot;Varicella-containing vaccines&quot;)&#xA;Create condition: The minimum interval between doses should be as recommended by the manufacturer, ranging from 4 weeks to 3 months."/><condition><kind value="applicability"/><expression><description value="Varicella dose 2"/><language value="text/cql-identifier"/><expression value="Varicella dose 2"/></expression></condition><definitionCanonical value="http://smart.who.int/immunizations/ActivityDefinition/IMMZD2DTCR"/><dynamicValue><path value="status"/><expression><language value="text/cql-expression"/><expression value="'active'"/></expression></dynamicValue><dynamicValue><path value="payload.contentString"/><expression><language value="text/cql-identifier"/><expression value="Varicella dose 2 Create"/></expression></dynamicValue><dynamicValue><path value="category.coding"/><expression><description value="Category of communication"/><language value="text/cql-expression"/><expression value="Code { system: 'http://terminology.hl7.org/CodeSystem/communication-category', code: 'alert' }"/></expression></dynamicValue><dynamicValue><path value="priority"/><expression><description value="Alert priority"/><language value="text/cql-expression"/><expression value="Code { system: 'http://hl7.org/fhir/request-priority', code: 'routine' }"/></expression></dynamicValue></action></PlanDefinition>