<?xml version="1.0" encoding="UTF-8"?><PlanDefinition xmlns="http://hl7.org/fhir"><id value="IMMZD2DTTyphoidTy21a"/><meta><profile value="http://hl7.org/fhir/uv/cpg/StructureDefinition/cpg-recommendationdefinition"/><profile value="http://hl7.org/fhir/uv/crmi/StructureDefinition/crmi-shareableplandefinition"/><profile value="http://hl7.org/fhir/uv/crmi/StructureDefinition/crmi-publishableplandefinition"/></meta><extension url="http://hl7.org/fhir/uv/cpg/StructureDefinition/cpg-knowledgeCapability"><valueCode value="computable"/></extension><url value="http://smart.who.int/immunizations/PlanDefinition/IMMZD2DTTyphoidTy21a"/><version value="0.2.0"/><name value="IMMZD2DTTyphoidTy21a"/><title value="IMMZ.D2.DT.Typhoid.Ty21a"/><type><coding><system value="http://terminology.hl7.org/CodeSystem/plan-definition-type"/><code value="eca-rule"/></coding></type><status value="draft"/><experimental value="false"/><date value="2025-07-02T07:24:46+00:00"/><publisher value="WHO"/><contact><name value="WHO"/><telecom><system value="url"/><value value="http://who.int"/></telecom></contact><description value="IMMZ.D2.DT.Typhoid.Ty21a&#xA;Live attenuated Ty21a vaccine schedule"/><relatedArtifact><type value="citation"/><citation value="WHO recommendations for routine immunization - summary tables (January 2025)"/></relatedArtifact><library value="http://smart.who.int/immunizations/Library/IMMZD2DTTyphoidTy21aLogic"/><action><extension url="http://hl7.org/fhir/uv/cpg/StructureDefinition/cpg-rationale"><valueMarkdown value="For Ty21a, a 3-dose oral immunization schedule, administering the vaccine every second &#xA;  (alternate) day, is recommended above 6 years of age. If interruption between doses is &gt; 21 days, restart primary series."/></extension><title value="Determine if the client is due for Typhoid."/><description value="Determine if the client is due for Typhoid vaccine according to the national immunization protocol.&#xA;Live attenuated Ty21a vaccine schedule      "/><condition><kind value="applicability"/><expression><description value="Client is due for Typhoid vaccination"/><language value="text/cql-identifier"/><expression value="Client is due for Typhoid vaccination"/></expression></condition><definitionCanonical value="http://smart.who.int/immunizations/ActivityDefinition/IMMZD2DTTyphoidMR"/><dynamicValue><path value="status"/><expression><language value="text/cql-expression"/><expression value="'draft'"/></expression></dynamicValue><dynamicValue><path value="intent"/><expression><language value="text/cql-expression"/><expression value="'proposal'"/></expression></dynamicValue></action><action><extension url="http://hl7.org/fhir/uv/cpg/StructureDefinition/cpg-rationale"><valueMarkdown value="Revaccination is recommended every 3–7 years for Ty21a (every 1 to 7 years for travellers from non-endemic &#xA;  to endemic areas, depending on national policies). As a general rule, any live vaccine may be given either simultaneously &#xA;  or at an interval of 4 weeks."/></extension><title value="Determine if the client is due for Typhoid."/><description value="Determine if the client is due for Typhoid vaccine according to the national immunization protocol.&#xA;Live attenuated Ty21a vaccine schedule      "/><condition><kind value="applicability"/><expression><description value="Client is due for typhoid booster dose"/><language value="text/cql-identifier"/><expression value="Client is due for typhoid booster dose"/></expression></condition><definitionCanonical value="http://smart.who.int/immunizations/ActivityDefinition/IMMZD2DTTyphoidMR"/><dynamicValue><path value="status"/><expression><language value="text/cql-expression"/><expression value="'draft'"/></expression></dynamicValue><dynamicValue><path value="intent"/><expression><language value="text/cql-expression"/><expression value="'proposal'"/></expression></dynamicValue></action><action><title value="Check for Guidance for the patient regarding IMMZ.D2.DT.Typhoid.Ty21a."/><description value="Show Guidance for the patient regarding IMMZ.D2.DT.Typhoid.Ty21a."/><condition><kind value="applicability"/><expression><description value="Has Guidance"/><language value="text/cql-identifier"/><expression value="Has Guidance"/></expression></condition><definitionCanonical value="http://smart.who.int/immunizations/ActivityDefinition/IMMZD2DTCR"/><dynamicValue><path value="status"/><expression><language value="text/cql-expression"/><expression value="'active'"/></expression></dynamicValue><dynamicValue><path value="payload.contentString"/><expression><language value="text/cql-identifier"/><expression value="Guidance"/></expression></dynamicValue><dynamicValue><path value="category.coding"/><expression><description value="Category of communication"/><language value="text/cql-expression"/><expression value="Code { system: 'http://terminology.hl7.org/CodeSystem/communication-category', code: 'alert' }"/></expression></dynamicValue><dynamicValue><path value="priority"/><expression><description value="Alert priority"/><language value="text/cql-expression"/><expression value="Code { system: 'http://hl7.org/fhir/request-priority', code: 'routine' }"/></expression></dynamicValue></action></PlanDefinition>