<?xml version="1.0" encoding="UTF-8"?><PlanDefinition xmlns="http://hl7.org/fhir"><id value="IMMZD18SPolioSequential"/><meta><profile value="http://hl7.org/fhir/uv/cpg/StructureDefinition/cpg-recommendationdefinition"/><profile value="http://hl7.org/fhir/uv/crmi/StructureDefinition/crmi-shareableplandefinition"/><profile value="http://hl7.org/fhir/uv/crmi/StructureDefinition/crmi-publishableplandefinition"/></meta><extension url="http://hl7.org/fhir/uv/cpg/StructureDefinition/cpg-knowledgeCapability"><valueCode value="computable"/></extension><url value="http://smart.who.int/immunizations/PlanDefinition/IMMZD18SPolioSequential"/><version value="0.2.0"/><name value="IMMZD18SPolioSequential"/><title value="IMMZ.D18.S.Polio.Sequential IPV–bOPV schedule"/><type><coding><system value="http://terminology.hl7.org/CodeSystem/plan-definition-type"/><code value="eca-rule"/></coding></type><status value="draft"/><experimental value="false"/><date value="2025-07-02T07:24:46+00:00"/><publisher value="WHO"/><contact><name value="WHO"/><telecom><system value="url"/><value value="http://who.int"/></telecom></contact><description value="IMMZ.D18.S.Polio.Sequential IPV–bOPV schedule&#xA;Sequential bivalent oral polio vaccine (bOPV)–inactivated polio vaccine (IPV) schedule"/><relatedArtifact><type value="citation"/><citation value="WHO recommendations for routine immunization - summary tables (January 2025)"/></relatedArtifact><library value="http://smart.who.int/immunizations/Library/IMMZD18SPolioSequentialLogic"/><action><title value="IPV dose 1"/><description value="Provision of IPV dose 1&#xA;Trigger event: Child's birth&#xA;Trigger date: &quot;Date of birth&quot;&#xA;Create condition: For sequential IPV– bOPV schedules, WHO recommends that the first dose of IPV be given starting from 8 weeks of age with an interval of 4–8 weeks before administration of the second IPV dose."/><condition><kind value="applicability"/><expression><description value="IPV dose 1"/><language value="text/cql-identifier"/><expression value="IPV dose 1"/></expression></condition><definitionCanonical value="http://smart.who.int/immunizations/ActivityDefinition/IMMZD2DTCR"/><dynamicValue><path value="status"/><expression><language value="text/cql-expression"/><expression value="'active'"/></expression></dynamicValue><dynamicValue><path value="payload.contentString"/><expression><language value="text/cql-identifier"/><expression value="IPV dose 1 Create"/></expression></dynamicValue><dynamicValue><path value="category.coding"/><expression><description value="Category of communication"/><language value="text/cql-expression"/><expression value="Code { system: 'http://terminology.hl7.org/CodeSystem/communication-category', code: 'alert' }"/></expression></dynamicValue><dynamicValue><path value="priority"/><expression><description value="Alert priority"/><language value="text/cql-expression"/><expression value="Code { system: 'http://hl7.org/fhir/request-priority', code: 'routine' }"/></expression></dynamicValue></action><action><title value="IPV dose 2"/><description value="Provision of IPV dose 2&#xA;Trigger event: First IPV dose from the primary series was administered&#xA;Count of vaccines administered (where &quot;Type of poliovirus dose&quot; = &quot;IPV&quot;) = 1&#xA;Trigger date: Latest &quot;Date and time of vaccination&quot; (where &quot;Type of poliovirus dose&quot; = &quot;IPV&quot;)&#xA;Create condition: For sequential IPV– bOPV schedules, WHO recommends that the first dose of IPV be given starting from 8 weeks of age with an interval of 4–8 weeks before administration of the second IPV dose."/><condition><kind value="applicability"/><expression><description value="IPV dose 2"/><language value="text/cql-identifier"/><expression value="IPV dose 2"/></expression></condition><definitionCanonical value="http://smart.who.int/immunizations/ActivityDefinition/IMMZD2DTCR"/><dynamicValue><path value="status"/><expression><language value="text/cql-expression"/><expression value="'active'"/></expression></dynamicValue><dynamicValue><path value="payload.contentString"/><expression><language value="text/cql-identifier"/><expression value="IPV dose 2 Create"/></expression></dynamicValue><dynamicValue><path value="category.coding"/><expression><description value="Category of communication"/><language value="text/cql-expression"/><expression value="Code { system: 'http://terminology.hl7.org/CodeSystem/communication-category', code: 'alert' }"/></expression></dynamicValue><dynamicValue><path value="priority"/><expression><description value="Alert priority"/><language value="text/cql-expression"/><expression value="Code { system: 'http://hl7.org/fhir/request-priority', code: 'routine' }"/></expression></dynamicValue></action><action><title value="bOPV dose 1"/><description value="Provision of bOPV dose 1&#xA;Trigger event: Second IPV dose from the primary series was administered&#xA;Count of vaccines administered (where &quot;Type of poliovirus dose&quot; = &quot;IPV&quot;) = 2&#xA;Trigger date: Latest &quot;Date and time of vaccination&quot; (where &quot;Type of poliovirus dose&quot; = &quot;IPV&quot;)&#xA;Create condition: Where a sequential IPV–bOPV schedule is used, the initial administration of 2 doses of IPV should be followed by ≥2 doses of bOPV separated by 4–8 weeks depending on the risk of exposure to poliovirus in early childhood."/><condition><kind value="applicability"/><expression><description value="bOPV dose 1"/><language value="text/cql-identifier"/><expression value="bOPV dose 1"/></expression></condition><definitionCanonical value="http://smart.who.int/immunizations/ActivityDefinition/IMMZD2DTCR"/><dynamicValue><path value="status"/><expression><language value="text/cql-expression"/><expression value="'active'"/></expression></dynamicValue><dynamicValue><path value="payload.contentString"/><expression><language value="text/cql-identifier"/><expression value="bOPV dose 1 Create"/></expression></dynamicValue><dynamicValue><path value="category.coding"/><expression><description value="Category of communication"/><language value="text/cql-expression"/><expression value="Code { system: 'http://terminology.hl7.org/CodeSystem/communication-category', code: 'alert' }"/></expression></dynamicValue><dynamicValue><path value="priority"/><expression><description value="Alert priority"/><language value="text/cql-expression"/><expression value="Code { system: 'http://hl7.org/fhir/request-priority', code: 'routine' }"/></expression></dynamicValue></action><action><title value="bOPV dose 2"/><description value="Provision of bOPV dose 2&#xA;Trigger event: First bOPV dose from the primary series was administered&#xA;Count of vaccines administered (where &quot;Type of poliovirus dose&quot; = &quot;bOPV&quot;) = 1&#xA;Trigger date: Latest &quot;Date and time of vaccination&quot; (where &quot;Type of poliovirus dose&quot; = &quot;bOPV&quot;)&#xA;Create condition: Where a sequential IPV–bOPV schedule is used, the initial administration of 2 doses of IPV should be followed by ≥2 doses of bOPV separated by 4–8 weeks depending on the risk of exposure to poliovirus in early childhood."/><condition><kind value="applicability"/><expression><description value="bOPV dose 2"/><language value="text/cql-identifier"/><expression value="bOPV dose 2"/></expression></condition><definitionCanonical value="http://smart.who.int/immunizations/ActivityDefinition/IMMZD2DTCR"/><dynamicValue><path value="status"/><expression><language value="text/cql-expression"/><expression value="'active'"/></expression></dynamicValue><dynamicValue><path value="payload.contentString"/><expression><language value="text/cql-identifier"/><expression value="bOPV dose 2 Create"/></expression></dynamicValue><dynamicValue><path value="category.coding"/><expression><description value="Category of communication"/><language value="text/cql-expression"/><expression value="Code { system: 'http://terminology.hl7.org/CodeSystem/communication-category', code: 'alert' }"/></expression></dynamicValue><dynamicValue><path value="priority"/><expression><description value="Alert priority"/><language value="text/cql-expression"/><expression value="Code { system: 'http://hl7.org/fhir/request-priority', code: 'routine' }"/></expression></dynamicValue></action></PlanDefinition>