<?xml version="1.0" encoding="UTF-8"?><PlanDefinition xmlns="http://hl7.org/fhir"><id value="IMMZD2DTRabiesPrEP"/><meta><profile value="http://hl7.org/fhir/uv/cpg/StructureDefinition/cpg-recommendationdefinition"/><profile value="http://hl7.org/fhir/uv/crmi/StructureDefinition/crmi-shareableplandefinition"/><profile value="http://hl7.org/fhir/uv/crmi/StructureDefinition/crmi-publishableplandefinition"/></meta><extension url="http://hl7.org/fhir/uv/cpg/StructureDefinition/cpg-knowledgeCapability"><valueCode value="computable"/></extension><url value="http://smart.who.int/immunizations/PlanDefinition/IMMZD2DTRabiesPrEP"/><version value="0.2.0"/><name value="IMMZD2DTRabiesPrEP"/><title value="IMMZ.D2.DT.Rabies"/><type><coding><system value="http://terminology.hl7.org/CodeSystem/plan-definition-type"/><code value="eca-rule"/></coding></type><status value="draft"/><experimental value="false"/><date value="2025-07-02T07:24:46+00:00"/><publisher value="WHO"/><contact><name value="WHO"/><telecom><system value="url"/><value value="http://who.int"/></telecom></contact><description value="IMMZ.D2.DT.Rabies&#xA;Pre-exposure prophylaxis (PrEP), 2-dose scheme; high risk of rabies virus exposure"/><relatedArtifact><type value="citation"/><citation value="WHO recommendations for routine immunization - summary tables (January 2025)"/></relatedArtifact><library value="http://smart.who.int/immunizations/Library/IMMZD2DTRabiesPrEPLogic"/><action><extension url="http://hl7.org/fhir/uv/cpg/StructureDefinition/cpg-rationale"><valueMarkdown value="The schedule is for a 2-site intradermal vaccine administered on days 0 and 7. &#xA;If intramuscular administration is used, WHO recommends a 1-site intramuscular vaccine administration on days 0 and 7.&#xA;&#xA;Note: This PrEP dose is recommended for individuals at high risk of rabies virus exposure. These include subpopulations &#xA;in highly endemic settings with limited access to timely and adequate PrEP, individuals at occupational risk and travellers &#xA;who may be at risk of exposure. WHO recommendations apply only to inactivated modern, concentrated, purified cell culture and &#xA;embryonated egg-based rabies vaccines (CCEEVs).&#xA;&#xA;PrEP schedule: 2-site intradermal vaccine administered on days 0 and 7. If intramuscular administration is used, WHO &#xA;recommends a 1-site intramuscular vaccine administration on days 0 and 7.&#xA;&#xA;If any doses are delayed, vaccination should be resumed, not restarted. A change in the route of administration or in &#xA;vaccine product during a course is acceptable if such a change is unavoidable.&#xA;The schedule is for a 2-site intradermal vaccine administered on days 0 and 7. If intramuscular administration is used, &#xA;WHO recommends a 1-site intramuscular vaccine administration on days 0 and 7."/></extension><title value="Determine if the client is due for Rabies."/><description value="Determine if the client is due for Rabies vaccine according to the national immunization protocol.&#xA;Pre-exposure prophylaxis (PrEP), 2-dose scheme; high risk of rabies virus exposure"/><condition><kind value="applicability"/><expression><description value="Client is due for rabies vaccination"/><language value="text/cql-identifier"/><expression value="Client is due for rabies vaccination"/></expression></condition><definitionCanonical value="http://smart.who.int/immunizations/ActivityDefinition/IMMZD2DTRabiesMR"/><dynamicValue><path value="status"/><expression><language value="text/cql-expression"/><expression value="'draft'"/></expression></dynamicValue><dynamicValue><path value="intent"/><expression><language value="text/cql-expression"/><expression value="'proposal'"/></expression></dynamicValue></action><action><title value="Check for Guidance for the patient regarding IMMZ.D2.DT.Rabies."/><description value="Show Guidance for the patient regarding IMMZ.D2.DT.Rabies."/><condition><kind value="applicability"/><expression><description value="Has Guidance"/><language value="text/cql-identifier"/><expression value="Has Guidance"/></expression></condition><definitionCanonical value="http://smart.who.int/immunizations/ActivityDefinition/IMMZD2DTCR"/><dynamicValue><path value="status"/><expression><language value="text/cql-expression"/><expression value="'active'"/></expression></dynamicValue><dynamicValue><path value="payload.contentString"/><expression><language value="text/cql-identifier"/><expression value="Guidance"/></expression></dynamicValue><dynamicValue><path value="category.coding"/><expression><description value="Category of communication"/><language value="text/cql-expression"/><expression value="Code { system: 'http://terminology.hl7.org/CodeSystem/communication-category', code: 'alert' }"/></expression></dynamicValue><dynamicValue><path value="priority"/><expression><description value="Alert priority"/><language value="text/cql-expression"/><expression value="Code { system: 'http://hl7.org/fhir/request-priority', code: 'routine' }"/></expression></dynamicValue></action></PlanDefinition>