<?xml version="1.0" encoding="UTF-8"?><PlanDefinition xmlns="http://hl7.org/fhir"><id value="IMMZD2DTMeningococcalMenA1"/><meta><profile value="http://hl7.org/fhir/uv/cpg/StructureDefinition/cpg-recommendationdefinition"/><profile value="http://hl7.org/fhir/uv/crmi/StructureDefinition/crmi-shareableplandefinition"/><profile value="http://hl7.org/fhir/uv/crmi/StructureDefinition/crmi-publishableplandefinition"/></meta><extension url="http://hl7.org/fhir/uv/cpg/StructureDefinition/cpg-knowledgeCapability"><valueCode value="computable"/></extension><url value="http://smart.who.int/immunizations/PlanDefinition/IMMZD2DTMeningococcalMenA1"/><version value="0.2.0"/><name value="IMMZD2DTMeningococcalMenA1"/><title value="IMMZ.D2.DT.Meningococcal.MenA conjugate vaccine 1 dose"/><type><coding><system value="http://terminology.hl7.org/CodeSystem/plan-definition-type"/><code value="eca-rule"/></coding></type><status value="draft"/><experimental value="false"/><date value="2025-07-02T07:24:46+00:00"/><publisher value="WHO"/><contact><name value="WHO"/><telecom><system value="url"/><value value="http://who.int"/></telecom></contact><description value="IMMZ.D2.DT.Meningococcal.MenA conjugate vaccine 1 dose&#xA;MenA conjugate vaccine, 1-dose schedule"/><relatedArtifact><type value="citation"/><citation value="WHO recommendations for routine immunization - summary tables (January 2025)"/></relatedArtifact><library value="http://smart.who.int/immunizations/Library/IMMZD2DTMeningococcalMenA1Logic"/><action><extension url="http://hl7.org/fhir/uv/cpg/StructureDefinition/cpg-rationale"><valueMarkdown value="For MenA conjugate vaccine (5µg), a 1-dose schedule is recommended at 9–18 months of age based on &#xA;local programmatic and epidemiologic considerations.  Any children who miss vaccination at the recommended age &#xA;should be vaccinated as soon as possible thereafter. MenAfriVac 5 µg should be used for routine immunization of &#xA;infants and young children aged 3 to 24 months.  MenAfriVac 10 µg should be used for catch-up and periodic campaigns &#xA;from 12 months of age onwards."/></extension><title value="Determine if the client is due for Meningococcal."/><description value="Determine if the client is due for Meningococcal vaccine according to the national immunization protocol.&#xA;MenA conjugate vaccine, 1-dose schedule"/><condition><kind value="applicability"/><expression><description value="Client is due for meningococcal vaccination"/><language value="text/cql-identifier"/><expression value="Client is due for meningococcal vaccination"/></expression></condition><definitionCanonical value="http://smart.who.int/immunizations/ActivityDefinition/IMMZD2DTMeningococcalMR"/><dynamicValue><path value="status"/><expression><language value="text/cql-expression"/><expression value="'draft'"/></expression></dynamicValue><dynamicValue><path value="intent"/><expression><language value="text/cql-expression"/><expression value="'proposal'"/></expression></dynamicValue></action><action><title value="Check for Guidance for the patient regarding IMMZ.D2.DT.Meningococcal.MenA conjugate vaccine 1 dose."/><description value="Show Guidance for the patient regarding IMMZ.D2.DT.Meningococcal.MenA conjugate vaccine 1 dose."/><condition><kind value="applicability"/><expression><description value="Has Guidance"/><language value="text/cql-identifier"/><expression value="Has Guidance"/></expression></condition><definitionCanonical value="http://smart.who.int/immunizations/ActivityDefinition/IMMZD2DTCR"/><dynamicValue><path value="status"/><expression><language value="text/cql-expression"/><expression value="'active'"/></expression></dynamicValue><dynamicValue><path value="payload.contentString"/><expression><language value="text/cql-identifier"/><expression value="Guidance"/></expression></dynamicValue><dynamicValue><path value="category.coding"/><expression><description value="Category of communication"/><language value="text/cql-expression"/><expression value="Code { system: 'http://terminology.hl7.org/CodeSystem/communication-category', code: 'alert' }"/></expression></dynamicValue><dynamicValue><path value="priority"/><expression><description value="Alert priority"/><language value="text/cql-expression"/><expression value="Code { system: 'http://hl7.org/fhir/request-priority', code: 'routine' }"/></expression></dynamicValue></action></PlanDefinition>