<?xml version="1.0" encoding="UTF-8"?><ValueSet xmlns="http://hl7.org/fhir"><id value="IMMZ.Z.DE34"/><text><status value="generated"/><div xmlns="http://www.w3.org/1999/xhtml"><p class="res-header-id"><b>Generated Narrative: ValueSet IMMZ.Z.DE34</b></p><a name="IMMZ.Z.DE34"> </a><a name="hcIMMZ.Z.DE34"> </a><p>This value set expansion contains 3 concepts.</p><table class="codes"><tr><td style="white-space:nowrap"><b>Code</b></td><td><b>System</b></td><td><b>Display</b></td><td><b>Definition</b></td></tr><tr><td style="white-space:nowrap"><a name="IMMZ.Z.DE34-http://smart.who.int/immunizations/CodeSystem/IMMZ.Z-DE34"> </a>  <a href="CodeSystem-IMMZ.Z.html#IMMZ.Z-DE34">DE34</a></td><td>http://smart.who.int/immunizations/CodeSystem/IMMZ.Z</td><td>Tetanus and diphtheria-containing vaccines (Td)</td><td>Vaccine terminology codes for booster vaccines containing tetanus and diphtheria intended for older children and adults</td></tr><tr><td style="white-space:nowrap"><a name="IMMZ.Z.DE34-http://id.who.int/icd/release/11/mms-XM1G86"> </a>  XM1G86</td><td>http://id.who.int/icd/release/11/mms</td><td>Tetanus toxoid, combinations with diphtheria toxoid vaccines</td><td/></tr><tr><td style="white-space:nowrap"><a name="IMMZ.Z.DE34-http://www.whocc.no/atc-J07AM51"> </a>  J07AM51</td><td>http://www.whocc.no/atc</td><td>tetanus toxoid, combinations with diphtheria toxoid</td><td/></tr></table></div></text><url value="http://smart.who.int/immunizations/ValueSet/IMMZ.Z.DE34"/><version value="0.2.0"/><name value="IMMZ_Z_DE34"/><title value="IMMZ.Z.DE34 ValueSet for Tetanus and diphtheria-containing vaccines (Td)"/><status value="active"/><date value="2025-07-02T07:24:46+00:00"/><publisher value="WHO"/><contact><name value="WHO"/><telecom><system value="url"/><value value="http://who.int"/></telecom></contact><description value="ValueSet for Tetanus and diphtheria-containing vaccines (Td) for IMMZ.Z.DE34"/><compose><include><system value="http://smart.who.int/immunizations/CodeSystem/IMMZ.Z"/><concept><code value="DE34"/><display value="Tetanus and diphtheria-containing vaccines (Td)"/></concept></include><include><system value="http://id.who.int/icd/release/11/mms"/><concept><code value="XM1G86"/><display value="Tetanus toxoid, combinations with diphtheria toxoid vaccines"/></concept></include><include><system value="http://www.whocc.no/atc"/><concept><code value="J07AM51"/><display value="tetanus toxoid, combinations with diphtheria toxoid"/></concept></include></compose><expansion><timestamp value="2025-06-25T16:39:07.092Z"/><contains><system value="http://smart.who.int/immunizations/CodeSystem/IMMZ.Z"/><code value="DE34"/><display value="Tetanus and diphtheria-containing vaccines (Td)"/></contains><contains><system value="http://id.who.int/icd/release/11/mms"/><code value="XM1G86"/><display value="Tetanus toxoid, combinations with diphtheria toxoid vaccines"/></contains><contains><system value="http://www.whocc.no/atc"/><code value="J07AM51"/><display value="tetanus toxoid, combinations with diphtheria toxoid"/></contains></expansion></ValueSet>