<?xml version="1.0" encoding="UTF-8"?><ValueSet xmlns="http://hl7.org/fhir"><id value="IMMZ.D.DE19"/><text><status value="generated"/><div xmlns="http://www.w3.org/1999/xhtml"><p class="res-header-id"><b>Generated Narrative: ValueSet IMMZ.D.DE19</b></p><a name="IMMZ.D.DE19"> </a><a name="hcIMMZ.D.DE19"> </a><ul><li>Import all the codes that are contained in <a href="ValueSet-IMMZ.Z.VS.html">IMMZ.Z.VS ValueSet for vaccine types</a></li></ul></div></text><url value="http://smart.who.int/immunizations/ValueSet/IMMZ.D.DE19"/><version value="0.2.0"/><name value="IMMZ_D_DE19"/><title value="IMMZ.D.DE19 ValueSet for Vaccine type"/><status value="active"/><date value="2025-07-02T07:24:46+00:00"/><publisher value="WHO"/><contact><name value="WHO"/><telecom><system value="url"/><value value="http://who.int"/></telecom></contact><description value="ValueSet for Vaccine type for IMMZ.D.DE19"/><compose><include><valueSet value="http://smart.who.int/immunizations/ValueSet/IMMZ.Z.VS"/></include></compose></ValueSet>