<?xml version="1.0" encoding="UTF-8"?><ValueSet xmlns="http://hl7.org/fhir"><id value="IMMZ.Z.DE24"/><text><status value="generated"/><div xmlns="http://www.w3.org/1999/xhtml"><p class="res-header-id"><b>Generated Narrative: ValueSet IMMZ.Z.DE24</b></p><a name="IMMZ.Z.DE24"> </a><a name="hcIMMZ.Z.DE24"> </a><p>This value set expansion contains 23 concepts.</p><table class="codes"><tr><td style="white-space:nowrap"><b>Code</b></td><td><b>System</b></td><td><b>Display</b></td><td><b>Definition</b></td></tr><tr><td style="white-space:nowrap"><a name="IMMZ.Z.DE24-http://smart.who.int/immunizations/CodeSystem/IMMZ.Z-DE24"> </a>  <a href="CodeSystem-IMMZ.Z.html#IMMZ.Z-DE24">DE24</a></td><td>http://smart.who.int/immunizations/CodeSystem/IMMZ.Z</td><td>DTP-containing vaccines</td><td>Vaccine terminology codes for diphtheria–tetanus–pertussis (DTP)</td></tr><tr><td style="white-space:nowrap"><a name="IMMZ.Z.DE24-http://id.who.int/icd/release/11/mms-XM31Q8"> </a>  XM31Q8</td><td>http://id.who.int/icd/release/11/mms</td><td>Tetanus, diphtheria, acellular pertussis vaccines</td><td/></tr><tr><td style="white-space:nowrap"><a name="IMMZ.Z.DE24-http://snomed.info/sct-774618008"> </a>  <a href="http://snomed.info/id/774618008">774618008</a></td><td>http://snomed.info/sct</td><td>Whole cell Bordetella pertussis and Clostridium tetani toxoid adsorbed and Corynebacterium diphtheriae toxoid antigens only vaccine product</td><td/></tr><tr><td style="white-space:nowrap"><a name="IMMZ.Z.DE24-http://id.who.int/icd/release/11/mms-XM1LX9"> </a>  XM1LX9</td><td>http://id.who.int/icd/release/11/mms</td><td>Diphtheria, hemophilus influenzae B, pertussis, poliomyelitis, tetanus vaccines</td><td/></tr><tr><td style="white-space:nowrap"><a name="IMMZ.Z.DE24-http://www.whocc.no/atc-J07CA06"> </a>  J07CA06</td><td>http://www.whocc.no/atc</td><td>diphtheria-haemophilus influenzae B-pertussis-poliomyelitis-tetanus</td><td/></tr><tr><td style="white-space:nowrap"><a name="IMMZ.Z.DE24-http://id.who.int/icd/release/11/mms-XM84S1"> </a>  XM84S1</td><td>http://id.who.int/icd/release/11/mms</td><td>Diphtheria, hepatitis B, tetanus, acellular pertussis, inactivated polio virus, haemophilus Influenzae type B vaccines</td><td/></tr><tr><td style="white-space:nowrap"><a name="IMMZ.Z.DE24-http://www.whocc.no/atc-J07CA09"> </a>  J07CA09</td><td>http://www.whocc.no/atc</td><td>diphtheria-haemophilus influenzae B-pertussis-poliomyelitis-tetanus-hepatitis B</td><td/></tr><tr><td style="white-space:nowrap"><a name="IMMZ.Z.DE24-http://id.who.int/icd/release/11/mms-XM7JP3"> </a>  XM7JP3</td><td>http://id.who.int/icd/release/11/mms</td><td>Diphtheria, hemophilus influenzae B, pertussis, tetanus, hepatitis B vaccines</td><td/></tr><tr><td style="white-space:nowrap"><a name="IMMZ.Z.DE24-http://www.whocc.no/atc-J07CA11"> </a>  J07CA11</td><td>http://www.whocc.no/atc</td><td>diphtheria-haemophilus influenzae B-pertussis-tetanus-hepatitis B</td><td/></tr><tr><td style="white-space:nowrap"><a name="IMMZ.Z.DE24-http://id.who.int/icd/release/11/mms-XM5XP9"> </a>  XM5XP9</td><td>http://id.who.int/icd/release/11/mms</td><td>Diphtheria, hemophilus influenzae B, pertussis, tetanus-hepatitis B, meningococcus A + C vaccines</td><td/></tr><tr><td style="white-space:nowrap"><a name="IMMZ.Z.DE24-http://www.whocc.no/atc-J07CA13"> </a>  J07CA13</td><td>http://www.whocc.no/atc</td><td>diphtheria-haemophilus influenzae B-pertussis-tetanus-hepatitis B-meningococcus A + C</td><td/></tr><tr><td style="white-space:nowrap"><a name="IMMZ.Z.DE24-http://id.who.int/icd/release/11/mms-XM41N3"> </a>  XM41N3</td><td>http://id.who.int/icd/release/11/mms</td><td>Diphtheria, hepatitis B, pertussis, tetanus vaccines</td><td/></tr><tr><td style="white-space:nowrap"><a name="IMMZ.Z.DE24-http://www.whocc.no/atc-J07CA05"> </a>  J07CA05</td><td>http://www.whocc.no/atc</td><td>diphtheria-hepatitis B-pertussis-tetanus</td><td/></tr><tr><td style="white-space:nowrap"><a name="IMMZ.Z.DE24-http://id.who.int/icd/release/11/mms-XM09Q7"> </a>  XM09Q7</td><td>http://id.who.int/icd/release/11/mms</td><td>Diphtheria, pertussis, poliomyelitis, tetanus vaccines</td><td/></tr><tr><td style="white-space:nowrap"><a name="IMMZ.Z.DE24-http://www.whocc.no/atc-J07CA02"> </a>  J07CA02</td><td>http://www.whocc.no/atc</td><td>diphtheria-pertussis-poliomyelitis-tetanus</td><td/></tr><tr><td style="white-space:nowrap"><a name="IMMZ.Z.DE24-http://id.who.int/icd/release/11/mms-XM0LT9"> </a>  XM0LT9</td><td>http://id.who.int/icd/release/11/mms</td><td>Diphtheria, pertussis, poliomyelitis, tetanus, hepatitis B vaccines</td><td/></tr><tr><td style="white-space:nowrap"><a name="IMMZ.Z.DE24-http://www.whocc.no/atc-J07CA12"> </a>  J07CA12</td><td>http://www.whocc.no/atc</td><td>diphtheria-pertussis-poliomyelitis-tetanus-hepatitis B</td><td/></tr><tr><td style="white-space:nowrap"><a name="IMMZ.Z.DE24-http://id.who.int/icd/release/11/mms-XM1G86"> </a>  XM1G86</td><td>http://id.who.int/icd/release/11/mms</td><td>Tetanus toxoid, combinations with diphtheria toxoid vaccines</td><td/></tr><tr><td style="white-space:nowrap"><a name="IMMZ.Z.DE24-http://www.whocc.no/atc-J07AM51"> </a>  J07AM51</td><td>http://www.whocc.no/atc</td><td>tetanus toxoid, combinations with diphtheria toxoid</td><td/></tr><tr><td style="white-space:nowrap"><a name="IMMZ.Z.DE24-http://id.who.int/icd/release/11/mms-XM21E6"> </a>  XM21E6</td><td>http://id.who.int/icd/release/11/mms</td><td>Diphtheria tetanus, acellular pertussis, inactivated polio virus, haemophilus Influenzae type B vaccines</td><td/></tr><tr><td style="white-space:nowrap"><a name="IMMZ.Z.DE24-http://id.who.int/icd/release/11/mms-XM9JP8"> </a>  XM9JP8</td><td>http://id.who.int/icd/release/11/mms</td><td>Diphtheria, tetanus, acellular pertussis, inactivated polio virus vaccines</td><td/></tr><tr><td style="white-space:nowrap"><a name="IMMZ.Z.DE24-http://id.who.int/icd/release/11/mms-XM32Q5"> </a>  XM32Q5</td><td>http://id.who.int/icd/release/11/mms</td><td>Tetanus and diphtheria vaccines</td><td/></tr><tr><td style="white-space:nowrap"><a name="IMMZ.Z.DE24-http://id.who.int/icd/release/11/mms-XM4039"> </a>  XM4039</td><td>http://id.who.int/icd/release/11/mms</td><td>Vaccines diphtheria with tetanus</td><td/></tr></table></div></text><url value="http://smart.who.int/immunizations/ValueSet/IMMZ.Z.DE24"/><version value="0.2.0"/><name value="IMMZ_Z_DE24"/><title value="IMMZ.Z.DE24 ValueSet for DTP-containing vaccines"/><status value="active"/><date value="2025-07-02T07:24:46+00:00"/><publisher value="WHO"/><contact><name value="WHO"/><telecom><system value="url"/><value value="http://who.int"/></telecom></contact><description value="ValueSet for DTP-containing vaccines for IMMZ.Z.DE24"/><compose><include><system value="http://smart.who.int/immunizations/CodeSystem/IMMZ.Z"/><concept><code value="DE24"/><display value="DTP-containing vaccines"/></concept></include><include><system value="http://id.who.int/icd/release/11/mms"/><concept><code value="XM31Q8"/><display value="Tetanus, diphtheria, acellular pertussis vaccines"/></concept><concept><code value="XM1LX9"/><display value="Diphtheria, hemophilus influenzae B, pertussis, poliomyelitis, tetanus vaccines"/></concept><concept><code value="XM84S1"/><display value="Diphtheria, hepatitis B, tetanus, acellular pertussis, inactivated polio virus, haemophilus Influenzae type B vaccines"/></concept><concept><code value="XM7JP3"/><display value="Diphtheria, hemophilus influenzae B, pertussis, tetanus, hepatitis B vaccines"/></concept><concept><code value="XM5XP9"/><display value="Diphtheria, hemophilus influenzae B, pertussis, tetanus-hepatitis B, meningococcus A + C vaccines"/></concept><concept><code value="XM41N3"/><display value="Diphtheria, hepatitis B, pertussis, tetanus vaccines"/></concept><concept><code value="XM09Q7"/><display value="Diphtheria, pertussis, poliomyelitis, tetanus vaccines"/></concept><concept><code value="XM0LT9"/><display value="Diphtheria, pertussis, poliomyelitis, tetanus, hepatitis B vaccines"/></concept><concept><code value="XM1G86"/><display value="Tetanus toxoid, combinations with diphtheria toxoid vaccines"/></concept><concept><code value="XM21E6"/><display value="Diphtheria tetanus, acellular pertussis, inactivated polio virus, haemophilus Influenzae type B vaccines"/></concept><concept><code value="XM9JP8"/><display value="Diphtheria, tetanus, acellular pertussis, inactivated polio virus vaccines"/></concept><concept><code value="XM32Q5"/><display value="Tetanus and diphtheria vaccines"/></concept><concept><code value="XM4039"/><display value="Vaccines diphtheria with tetanus"/></concept></include><include><system value="http://snomed.info/sct"/><concept><code value="774618008"/><display value="Whole cell Bordetella pertussis and Clostridium tetani toxoid adsorbed and Corynebacterium diphtheriae toxoid antigens only vaccine product"/></concept></include><include><system value="http://www.whocc.no/atc"/><concept><code value="J07CA06"/><display value="diphtheria-haemophilus influenzae B-pertussis-poliomyelitis-tetanus"/></concept><concept><code value="J07CA09"/><display value="diphtheria-haemophilus influenzae B-pertussis-poliomyelitis-tetanus-hepatitis B"/></concept><concept><code value="J07CA11"/><display value="diphtheria-haemophilus influenzae B-pertussis-tetanus-hepatitis B"/></concept><concept><code value="J07CA13"/><display value="diphtheria-haemophilus influenzae B-pertussis-tetanus-hepatitis B-meningococcus A + C"/></concept><concept><code value="J07CA05"/><display value="diphtheria-hepatitis B-pertussis-tetanus"/></concept><concept><code value="J07CA02"/><display value="diphtheria-pertussis-poliomyelitis-tetanus"/></concept><concept><code value="J07CA12"/><display value="diphtheria-pertussis-poliomyelitis-tetanus-hepatitis B"/></concept><concept><code value="J07AM51"/><display value="tetanus toxoid, combinations with diphtheria toxoid"/></concept></include></compose><expansion><timestamp value="2025-06-25T16:39:07.092Z"/><contains><system value="http://smart.who.int/immunizations/CodeSystem/IMMZ.Z"/><code value="DE24"/><display value="DTP-containing vaccines"/></contains><contains><system value="http://id.who.int/icd/release/11/mms"/><code value="XM31Q8"/><display value="Tetanus, diphtheria, acellular pertussis vaccines"/></contains><contains><system value="http://snomed.info/sct"/><code value="774618008"/><display value="Whole cell Bordetella pertussis and Clostridium tetani toxoid adsorbed and Corynebacterium diphtheriae toxoid antigens only vaccine product"/></contains><contains><system value="http://id.who.int/icd/release/11/mms"/><code value="XM1LX9"/><display value="Diphtheria, hemophilus influenzae B, pertussis, poliomyelitis, tetanus vaccines"/></contains><contains><system value="http://www.whocc.no/atc"/><code value="J07CA06"/><display value="diphtheria-haemophilus influenzae B-pertussis-poliomyelitis-tetanus"/></contains><contains><system value="http://id.who.int/icd/release/11/mms"/><code value="XM84S1"/><display value="Diphtheria, hepatitis B, tetanus, acellular pertussis, inactivated polio virus, haemophilus Influenzae type B vaccines"/></contains><contains><system value="http://www.whocc.no/atc"/><code value="J07CA09"/><display value="diphtheria-haemophilus influenzae B-pertussis-poliomyelitis-tetanus-hepatitis B"/></contains><contains><system value="http://id.who.int/icd/release/11/mms"/><code value="XM7JP3"/><display value="Diphtheria, hemophilus influenzae B, pertussis, tetanus, hepatitis B vaccines"/></contains><contains><system value="http://www.whocc.no/atc"/><code value="J07CA11"/><display value="diphtheria-haemophilus influenzae B-pertussis-tetanus-hepatitis B"/></contains><contains><system value="http://id.who.int/icd/release/11/mms"/><code value="XM5XP9"/><display value="Diphtheria, hemophilus influenzae B, pertussis, tetanus-hepatitis B, meningococcus A + C vaccines"/></contains><contains><system value="http://www.whocc.no/atc"/><code value="J07CA13"/><display value="diphtheria-haemophilus influenzae B-pertussis-tetanus-hepatitis B-meningococcus A + C"/></contains><contains><system value="http://id.who.int/icd/release/11/mms"/><code value="XM41N3"/><display value="Diphtheria, hepatitis B, pertussis, tetanus vaccines"/></contains><contains><system value="http://www.whocc.no/atc"/><code value="J07CA05"/><display value="diphtheria-hepatitis B-pertussis-tetanus"/></contains><contains><system value="http://id.who.int/icd/release/11/mms"/><code value="XM09Q7"/><display value="Diphtheria, pertussis, poliomyelitis, tetanus vaccines"/></contains><contains><system value="http://www.whocc.no/atc"/><code value="J07CA02"/><display value="diphtheria-pertussis-poliomyelitis-tetanus"/></contains><contains><system value="http://id.who.int/icd/release/11/mms"/><code value="XM0LT9"/><display value="Diphtheria, pertussis, poliomyelitis, tetanus, hepatitis B vaccines"/></contains><contains><system value="http://www.whocc.no/atc"/><code value="J07CA12"/><display value="diphtheria-pertussis-poliomyelitis-tetanus-hepatitis B"/></contains><contains><system value="http://id.who.int/icd/release/11/mms"/><code value="XM1G86"/><display value="Tetanus toxoid, combinations with diphtheria toxoid vaccines"/></contains><contains><system value="http://www.whocc.no/atc"/><code value="J07AM51"/><display value="tetanus toxoid, combinations with diphtheria toxoid"/></contains><contains><system value="http://id.who.int/icd/release/11/mms"/><code value="XM21E6"/><display value="Diphtheria tetanus, acellular pertussis, inactivated polio virus, haemophilus Influenzae type B vaccines"/></contains><contains><system value="http://id.who.int/icd/release/11/mms"/><code value="XM9JP8"/><display value="Diphtheria, tetanus, acellular pertussis, inactivated polio virus vaccines"/></contains><contains><system value="http://id.who.int/icd/release/11/mms"/><code value="XM32Q5"/><display value="Tetanus and diphtheria vaccines"/></contains><contains><system value="http://id.who.int/icd/release/11/mms"/><code value="XM4039"/><display value="Vaccines diphtheria with tetanus"/></contains></expansion></ValueSet>