<?xml version="1.0" encoding="UTF-8"?><ValueSet xmlns="http://hl7.org/fhir"><id value="IMMZ.D.DE220"/><text><status value="generated"/><div xmlns="http://www.w3.org/1999/xhtml"><p class="res-header-id"><b>Generated Narrative: ValueSet IMMZ.D.DE220</b></p><a name="IMMZ.D.DE220"> </a><a name="hcIMMZ.D.DE220"> </a><p>This value set expansion contains 4 concepts.</p><table class="codes"><tr><td style="white-space:nowrap"><b>Code</b></td><td><b>System</b></td><td><b>Display</b></td><td><b>Definition</b></td></tr><tr><td style="white-space:nowrap"><a name="IMMZ.D.DE220-http://smart.who.int/immunizations/CodeSystem/IMMZ.D-DE221"> </a>  <a href="CodeSystem-IMMZ.D.html#IMMZ.D-DE221">DE221</a></td><td>http://smart.who.int/immunizations/CodeSystem/IMMZ.D</td><td>FSME-Immun</td><td>FSME-Immun vaccine product, which is an inactivated whole-virus vaccine for TBE</td></tr><tr><td style="white-space:nowrap"><a name="IMMZ.D.DE220-http://smart.who.int/immunizations/CodeSystem/IMMZ.D-DE222"> </a>  <a href="CodeSystem-IMMZ.D.html#IMMZ.D-DE222">DE222</a></td><td>http://smart.who.int/immunizations/CodeSystem/IMMZ.D</td><td>Encepur</td><td>Encepur vaccine product, which is an inactivated viral vaccine for TBE</td></tr><tr><td style="white-space:nowrap"><a name="IMMZ.D.DE220-http://smart.who.int/immunizations/CodeSystem/IMMZ.D-DE223"> </a>  <a href="CodeSystem-IMMZ.D.html#IMMZ.D-DE223">DE223</a></td><td>http://smart.who.int/immunizations/CodeSystem/IMMZ.D</td><td>TBE-Moscow</td><td>TBE-Moscow vaccine product, which is a vaccine for TBE</td></tr><tr><td style="white-space:nowrap"><a name="IMMZ.D.DE220-http://smart.who.int/immunizations/CodeSystem/IMMZ.D-DE224"> </a>  <a href="CodeSystem-IMMZ.D.html#IMMZ.D-DE224">DE224</a></td><td>http://smart.who.int/immunizations/CodeSystem/IMMZ.D</td><td>EnceVir</td><td>EnceVir vaccine product, which is a vaccine for TBE</td></tr></table></div></text><url value="http://smart.who.int/immunizations/ValueSet/IMMZ.D.DE220"/><version value="0.2.0"/><name value="IMMZ_D_DE220"/><title value="IMMZ.D.DE220 ValueSet for Type of TBE dose"/><status value="active"/><date value="2025-07-02T07:24:46+00:00"/><publisher value="WHO"/><contact><name value="WHO"/><telecom><system value="url"/><value value="http://who.int"/></telecom></contact><description value="ValueSet for Type of TBE dose for IMMZ.D.DE220"/><compose><include><system value="http://smart.who.int/immunizations/CodeSystem/IMMZ.D"/><concept><code value="DE221"/><display value="FSME-Immun"/></concept><concept><code value="DE222"/><display value="Encepur"/></concept><concept><code value="DE223"/><display value="TBE-Moscow"/></concept><concept><code value="DE224"/><display value="EnceVir"/></concept></include></compose><expansion><timestamp value="2025-06-25T16:39:07.092Z"/><contains><system value="http://smart.who.int/immunizations/CodeSystem/IMMZ.D"/><code value="DE221"/><display value="FSME-Immun"/></contains><contains><system value="http://smart.who.int/immunizations/CodeSystem/IMMZ.D"/><code value="DE222"/><display value="Encepur"/></contains><contains><system value="http://smart.who.int/immunizations/CodeSystem/IMMZ.D"/><code value="DE223"/><display value="TBE-Moscow"/></contains><contains><system value="http://smart.who.int/immunizations/CodeSystem/IMMZ.D"/><code value="DE224"/><display value="EnceVir"/></contains></expansion></ValueSet>