<?xml version="1.0" encoding="UTF-8"?><ValueSet xmlns="http://hl7.org/fhir"><id value="IMMZ.D.DE246"/><text><status value="generated"/><div xmlns="http://www.w3.org/1999/xhtml"><p class="res-header-id"><b>Generated Narrative: ValueSet IMMZ.D.DE246</b></p><a name="IMMZ.D.DE246"> </a><a name="hcIMMZ.D.DE246"> </a><p>This value set expansion contains 2 concepts.</p><table class="codes"><tr><td style="white-space:nowrap"><b>Code</b></td><td><b>System</b></td><td><b>Display</b></td><td><b>Definition</b></td></tr><tr><td style="white-space:nowrap"><a name="IMMZ.D.DE246-http://smart.who.int/immunizations/CodeSystem/IMMZ.D-DE247"> </a>  <a href="CodeSystem-IMMZ.D.html#IMMZ.D-DE247">DE247</a></td><td>http://smart.who.int/immunizations/CodeSystem/IMMZ.D</td><td>Positive</td><td>Test result was positive</td></tr><tr><td style="white-space:nowrap"><a name="IMMZ.D.DE246-http://smart.who.int/immunizations/CodeSystem/IMMZ.D-DE248"> </a>  <a href="CodeSystem-IMMZ.D.html#IMMZ.D-DE248">DE248</a></td><td>http://smart.who.int/immunizations/CodeSystem/IMMZ.D</td><td>Negative</td><td>Test result was negative</td></tr></table></div></text><url value="http://smart.who.int/immunizations/ValueSet/IMMZ.D.DE246"/><version value="0.2.0"/><name value="IMMZ_D_DE246"/><title value="IMMZ.D.DE246 ValueSet for TB infection test result"/><status value="active"/><date value="2025-07-02T07:24:46+00:00"/><publisher value="WHO"/><contact><name value="WHO"/><telecom><system value="url"/><value value="http://who.int"/></telecom></contact><description value="ValueSet for TB infection test result for IMMZ.D.DE246"/><compose><include><system value="http://smart.who.int/immunizations/CodeSystem/IMMZ.D"/><concept><code value="DE247"/><display value="Positive"/></concept><concept><code value="DE248"/><display value="Negative"/></concept></include></compose><expansion><timestamp value="2025-06-25T16:39:07.092Z"/><contains><system value="http://smart.who.int/immunizations/CodeSystem/IMMZ.D"/><code value="DE247"/><display value="Positive"/></contains><contains><system value="http://smart.who.int/immunizations/CodeSystem/IMMZ.D"/><code value="DE248"/><display value="Negative"/></contains></expansion></ValueSet>