<?xml version="1.0" encoding="UTF-8"?><ValueSet xmlns="http://hl7.org/fhir"><id value="IMMZ.D2.DT.Dengue.Seropos"/><text><status value="generated"/><div xmlns="http://www.w3.org/1999/xhtml"><p class="res-header-id"><b>Generated Narrative: ValueSet IMMZ.D2.DT.Dengue.Seropos</b></p><a name="IMMZ.D2.DT.Dengue.Seropos"> </a><a name="hcIMMZ.D2.DT.Dengue.Seropos"> </a><p>This value set expansion contains 14 concepts.</p><table class="codes"><tr><td style="white-space:nowrap"><b>Code</b></td><td><b>System</b></td><td><b>Display</b></td><td><b>Definition</b></td></tr><tr><td style="white-space:nowrap"><a name="IMMZ.D2.DT.Dengue.Seropos-http://smart.who.int/immunizations/CodeSystem/IMMZ.D2.DT.Inputs-csailt9y-33.43"> </a>  <a href="CodeSystem-IMMZ.D2.DT.Inputs.html#IMMZ.D2.DT.Inputs-csailt9y-33.4643">csailt9y-33.43</a></td><td>http://smart.who.int/immunizations/CodeSystem/IMMZ.D2.DT.Inputs</td><td>Client's age is less than 9 years</td><td>Today's date − &quot;Date of birth&quot; &lt;  9 years</td></tr><tr><td style="white-space:nowrap"><a name="IMMZ.D2.DT.Dengue.Seropos-http://smart.who.int/immunizations/CodeSystem/IMMZ.D2.DT.Inputs-csaimt45y-34.43"> </a>  <a href="CodeSystem-IMMZ.D2.DT.Inputs.html#IMMZ.D2.DT.Inputs-csaimt45y-34.4643">csaimt45y-34.43</a></td><td>http://smart.who.int/immunizations/CodeSystem/IMMZ.D2.DT.Inputs</td><td>Client's age is more than 45 years</td><td>Today's date − &quot;Date of birth&quot; &gt; 45 years</td></tr><tr><td style="white-space:nowrap"><a name="IMMZ.D2.DT.Dengue.Seropos-http://smart.who.int/immunizations/CodeSystem/IMMZ.D2.DT.Inputs-csdsin-38.36"> </a>  <a href="CodeSystem-IMMZ.D2.DT.Inputs.html#IMMZ.D2.DT.Inputs-csdsin-38.4636">csdsin-38.36</a></td><td>http://smart.who.int/immunizations/CodeSystem/IMMZ.D2.DT.Inputs</td><td>Client's dengue serostatus is negative</td><td>&quot;Dengue serostatus&quot; = &quot;Negative&quot;</td></tr><tr><td style="white-space:nowrap"><a name="IMMZ.D2.DT.Dengue.Seropos-http://smart.who.int/immunizations/CodeSystem/IMMZ.D2.DT.Inputs-ndpsdwa-48.123"> </a>  <a href="CodeSystem-IMMZ.D2.DT.Inputs.html#IMMZ.D2.DT.Inputs-ndpsdwa-48.46123">ndpsdwa-48.123</a></td><td>http://smart.who.int/immunizations/CodeSystem/IMMZ.D2.DT.Inputs</td><td>No dengue primary series doses were administered</td><td>Count of vaccines administered (where &quot;Vaccine type&quot; = &quot;Dengue vaccines&quot; and &quot;Type of dose&quot; = &quot;Primary series&quot;) = 0</td></tr><tr><td style="white-space:nowrap"><a name="IMMZ.D2.DT.Dengue.Seropos-http://smart.who.int/immunizations/CodeSystem/IMMZ.D2.DT.Inputs-csaib9ya45y-44.54"> </a>  <a href="CodeSystem-IMMZ.D2.DT.Inputs.html#IMMZ.D2.DT.Inputs-csaib9ya45y-44.4654">csaib9ya45y-44.54</a></td><td>http://smart.who.int/immunizations/CodeSystem/IMMZ.D2.DT.Inputs</td><td>Client's age is between 9 years and 45 years</td><td>9 years ≤ Today's date − &quot;Date of birth&quot; ≤  45 years</td></tr><tr><td style="white-space:nowrap"><a name="IMMZ.D2.DT.Dengue.Seropos-http://smart.who.int/immunizations/CodeSystem/IMMZ.D2.DT.Inputs-csdsip-38.36"> </a>  <a href="CodeSystem-IMMZ.D2.DT.Inputs.html#IMMZ.D2.DT.Inputs-csdsip-38.4636">csdsip-38.36</a></td><td>http://smart.who.int/immunizations/CodeSystem/IMMZ.D2.DT.Inputs</td><td>Client's dengue serostatus is positive</td><td>&quot;Dengue serostatus&quot; = &quot;Positive&quot;</td></tr><tr><td style="white-space:nowrap"><a name="IMMZ.D2.DT.Dengue.Seropos-http://smart.who.int/immunizations/CodeSystem/IMMZ.D2.DT.Inputs-odpsdwa-47.123"> </a>  <a href="CodeSystem-IMMZ.D2.DT.Inputs.html#IMMZ.D2.DT.Inputs-odpsdwa-47.46123">odpsdwa-47.123</a></td><td>http://smart.who.int/immunizations/CodeSystem/IMMZ.D2.DT.Inputs</td><td>One dengue primary series dose was administered</td><td>Count of vaccines administered (where &quot;Vaccine type&quot; = &quot;Dengue vaccines&quot; and &quot;Type of dose&quot; = &quot;Primary series&quot;) = 1</td></tr><tr><td style="white-space:nowrap"><a name="IMMZ.D2.DT.Dengue.Seropos-http://smart.who.int/immunizations/CodeSystem/IMMZ.D2.DT.Inputs-tlddwalt6ma-62.112"> </a>  <a href="CodeSystem-IMMZ.D2.DT.Inputs.html#IMMZ.D2.DT.Inputs-tlddwalt6ma-62.46112">tlddwalt6ma-62.112</a></td><td>http://smart.who.int/immunizations/CodeSystem/IMMZ.D2.DT.Inputs</td><td>The latest dengue dose was administered less than 6 months ago</td><td>Today's date - Latest &quot;Date and time of vaccination&quot; (where &quot;Vaccine type&quot; = &quot;Dengue vaccines&quot;) &lt; 6 months</td></tr><tr><td style="white-space:nowrap"><a name="IMMZ.D2.DT.Dengue.Seropos-http://smart.who.int/immunizations/CodeSystem/IMMZ.D2.DT.Inputs-tlddwamt6ma-62.112"> </a>  <a href="CodeSystem-IMMZ.D2.DT.Inputs.html#IMMZ.D2.DT.Inputs-tlddwamt6ma-62.46112">tlddwamt6ma-62.112</a></td><td>http://smart.who.int/immunizations/CodeSystem/IMMZ.D2.DT.Inputs</td><td>The latest dengue dose was administered more than 6 months ago</td><td>Today's date - Latest &quot;Date and time of vaccination&quot; (where &quot;Vaccine type&quot; = &quot;Dengue vaccines&quot;) ≥ 6 months</td></tr><tr><td style="white-space:nowrap"><a name="IMMZ.D2.DT.Dengue.Seropos-http://smart.who.int/immunizations/CodeSystem/IMMZ.D2.DT.Inputs-tdpsdwa-49.123"> </a>  <a href="CodeSystem-IMMZ.D2.DT.Inputs.html#IMMZ.D2.DT.Inputs-tdpsdwa-49.46123">tdpsdwa-49.123</a></td><td>http://smart.who.int/immunizations/CodeSystem/IMMZ.D2.DT.Inputs</td><td>Two dengue primary series doses were administered</td><td>Count of vaccines administered (where &quot;Vaccine type&quot; = &quot;Dengue vaccines&quot; and &quot;Type of dose&quot; = &quot;Primary series&quot;) = 2</td></tr><tr><td style="white-space:nowrap"><a name="IMMZ.D2.DT.Dengue.Seropos-http://smart.who.int/immunizations/CodeSystem/IMMZ.D2.DT.Inputs-tdpsdwa-51.123"> </a>  <a href="CodeSystem-IMMZ.D2.DT.Inputs.html#IMMZ.D2.DT.Inputs-tdpsdwa-51.46123">tdpsdwa-51.123</a></td><td>http://smart.who.int/immunizations/CodeSystem/IMMZ.D2.DT.Inputs</td><td>Three dengue primary series doses were administered</td><td>Count of vaccines administered (where &quot;Vaccine type&quot; = &quot;Dengue vaccines&quot; and &quot;Type of dose&quot; = &quot;Primary series&quot;) = 3</td></tr><tr><td style="white-space:nowrap"><a name="IMMZ.D2.DT.Dengue.Seropos-http://smart.who.int/immunizations/CodeSystem/IMMZ.D2.DT.Outputs-cindfdv-40.52"> </a>  <a href="CodeSystem-IMMZ.D2.DT.Outputs.html#IMMZ.D2.DT.Outputs-cindfdv-40.4652">cindfdv-40.52</a></td><td>http://smart.who.int/immunizations/CodeSystem/IMMZ.D2.DT.Outputs</td><td>Client is not due for dengue vaccination</td><td>&quot;Immunization recommendation status&quot; = &quot;Not due&quot;</td></tr><tr><td style="white-space:nowrap"><a name="IMMZ.D2.DT.Dengue.Seropos-http://smart.who.int/immunizations/CodeSystem/IMMZ.D2.DT.Outputs-cidfdv-36.48"> </a>  <a href="CodeSystem-IMMZ.D2.DT.Outputs.html#IMMZ.D2.DT.Outputs-cidfdv-36.4648">cidfdv-36.48</a></td><td>http://smart.who.int/immunizations/CodeSystem/IMMZ.D2.DT.Outputs</td><td>Client is due for dengue vaccination</td><td>&quot;Immunization recommendation status&quot; = &quot;Due&quot;</td></tr><tr><td style="white-space:nowrap"><a name="IMMZ.D2.DT.Dengue.Seropos-http://smart.who.int/immunizations/CodeSystem/IMMZ.D2.DT.Outputs-disic-40.53"> </a>  <a href="CodeSystem-IMMZ.D2.DT.Outputs.html#IMMZ.D2.DT.Outputs-disic-40.4653">disic-40.53</a></td><td>http://smart.who.int/immunizations/CodeSystem/IMMZ.D2.DT.Outputs</td><td>Dengue immunization schedule is complete</td><td>&quot;Immunization recommendation status&quot; = &quot;Complete&quot;</td></tr></table></div></text><url value="http://smart.who.int/immunizations/ValueSet/IMMZ.D2.DT.Dengue.Seropos"/><version value="0.2.0"/><name value="IMMZ_D2_DT_Dengue_3_doses_with_pre_vaccination_screening"/><title value="IMMZ.D2.DT.Dengue.Seropos ValueSet for Decision Table"/><status value="active"/><date value="2025-07-02T07:24:46+00:00"/><publisher value="WHO"/><contact><name value="WHO"/><telecom><system value="url"/><value value="http://who.int"/></telecom></contact><description value="ValueSet IMMZ.D2.DT.Dengue.Seropos for IMMZ.D2.DT.Dengue.3 doses with pre-vaccination screening.&#xA;Business rule: Determine if the client is due for a dengue vaccination according to the national immunization schedule&#xA;Trigger: IMMZ.D2 Determine required vaccination(s) if any  &#xA;Table: CYD-TDV (Dengvaxia), 3-dose schedule with pre-vaccination screening, the recommended strategy where feasible (pre-vaccination screening whereby only those tested seropositive would be vaccinated)"/><compose><include><system value="http://smart.who.int/immunizations/CodeSystem/IMMZ.D2.DT.Inputs"/><concept><code value="csailt9y-33.43"/><display value="Client's age is less than 9 years"/></concept><concept><code value="csaimt45y-34.43"/><display value="Client's age is more than 45 years"/></concept><concept><code value="csdsin-38.36"/><display value="Client's dengue serostatus is negative"/></concept><concept><code value="ndpsdwa-48.123"/><display value="No dengue primary series doses were administered"/></concept><concept><code value="csaib9ya45y-44.54"/><display value="Client's age is between 9 years and 45 years"/></concept><concept><code value="csdsip-38.36"/><display value="Client's dengue serostatus is positive"/></concept><concept><code value="odpsdwa-47.123"/><display value="One dengue primary series dose was administered"/></concept><concept><code value="tlddwalt6ma-62.112"/><display value="The latest dengue dose was administered less than 6 months ago"/></concept><concept><code value="tlddwamt6ma-62.112"/><display value="The latest dengue dose was administered more than 6 months ago"/></concept><concept><code value="tdpsdwa-49.123"/><display value="Two dengue primary series doses were administered"/></concept><concept><code value="tdpsdwa-51.123"/><display value="Three dengue primary series doses were administered"/></concept></include><include><system value="http://smart.who.int/immunizations/CodeSystem/IMMZ.D2.DT.Outputs"/><concept><code value="cindfdv-40.52"/><display value="Client is not due for dengue vaccination"/></concept><concept><code value="cidfdv-36.48"/><display value="Client is due for dengue vaccination"/></concept><concept><code value="disic-40.53"/><display value="Dengue immunization schedule is complete"/></concept></include></compose><expansion><timestamp value="2025-06-25T16:39:07.092Z"/><contains><system value="http://smart.who.int/immunizations/CodeSystem/IMMZ.D2.DT.Inputs"/><code value="csailt9y-33.43"/><display value="Client's age is less than 9 years"/></contains><contains><system value="http://smart.who.int/immunizations/CodeSystem/IMMZ.D2.DT.Inputs"/><code value="csaimt45y-34.43"/><display value="Client's age is more than 45 years"/></contains><contains><system value="http://smart.who.int/immunizations/CodeSystem/IMMZ.D2.DT.Inputs"/><code value="csdsin-38.36"/><display value="Client's dengue serostatus is negative"/></contains><contains><system value="http://smart.who.int/immunizations/CodeSystem/IMMZ.D2.DT.Inputs"/><code value="ndpsdwa-48.123"/><display value="No dengue primary series doses were administered"/></contains><contains><system value="http://smart.who.int/immunizations/CodeSystem/IMMZ.D2.DT.Inputs"/><code value="csaib9ya45y-44.54"/><display value="Client's age is between 9 years and 45 years"/></contains><contains><system value="http://smart.who.int/immunizations/CodeSystem/IMMZ.D2.DT.Inputs"/><code value="csdsip-38.36"/><display value="Client's dengue serostatus is positive"/></contains><contains><system value="http://smart.who.int/immunizations/CodeSystem/IMMZ.D2.DT.Inputs"/><code value="odpsdwa-47.123"/><display value="One dengue primary series dose was administered"/></contains><contains><system value="http://smart.who.int/immunizations/CodeSystem/IMMZ.D2.DT.Inputs"/><code value="tlddwalt6ma-62.112"/><display value="The latest dengue dose was administered less than 6 months ago"/></contains><contains><system value="http://smart.who.int/immunizations/CodeSystem/IMMZ.D2.DT.Inputs"/><code value="tlddwamt6ma-62.112"/><display value="The latest dengue dose was administered more than 6 months ago"/></contains><contains><system value="http://smart.who.int/immunizations/CodeSystem/IMMZ.D2.DT.Inputs"/><code value="tdpsdwa-49.123"/><display value="Two dengue primary series doses were administered"/></contains><contains><system value="http://smart.who.int/immunizations/CodeSystem/IMMZ.D2.DT.Inputs"/><code value="tdpsdwa-51.123"/><display value="Three dengue primary series doses were administered"/></contains><contains><system value="http://smart.who.int/immunizations/CodeSystem/IMMZ.D2.DT.Outputs"/><code value="cindfdv-40.52"/><display value="Client is not due for dengue vaccination"/></contains><contains><system value="http://smart.who.int/immunizations/CodeSystem/IMMZ.D2.DT.Outputs"/><code value="cidfdv-36.48"/><display value="Client is due for dengue vaccination"/></contains><contains><system value="http://smart.who.int/immunizations/CodeSystem/IMMZ.D2.DT.Outputs"/><code value="disic-40.53"/><display value="Dengue immunization schedule is complete"/></contains></expansion></ValueSet>