<?xml version="1.0" encoding="UTF-8"?><ValueSet xmlns="http://hl7.org/fhir"><id value="IMMZ.D2.DT.Malaria.4Dose"/><text><status value="generated"/><div xmlns="http://www.w3.org/1999/xhtml"><p class="res-header-id"><b>Generated Narrative: ValueSet IMMZ.D2.DT.Malaria.4Dose</b></p><a name="IMMZ.D2.DT.Malaria.4Dose"> </a><a name="hcIMMZ.D2.DT.Malaria.4Dose"> </a><p>This value set expansion contains 24 concepts.</p><table class="codes"><tr><td style="white-space:nowrap"><b>Code</b></td><td><b>System</b></td><td><b>Display</b></td><td><b>Definition</b></td></tr><tr><td style="white-space:nowrap"><a name="IMMZ.D2.DT.Malaria.4Dose-http://smart.who.int/immunizations/CodeSystem/IMMZ.D2.DT.Inputs-csailt5m-34.43"> </a>  <a href="CodeSystem-IMMZ.D2.DT.Inputs.html#IMMZ.D2.DT.Inputs-csailt5m-34.4643">csailt5m-34.43</a></td><td>http://smart.who.int/immunizations/CodeSystem/IMMZ.D2.DT.Inputs</td><td>Client's age is less than 5 months</td><td>Today's date − &quot;Date of birth&quot; &lt; 5 months</td></tr><tr><td style="white-space:nowrap"><a name="IMMZ.D2.DT.Malaria.4Dose-http://smart.who.int/immunizations/CodeSystem/IMMZ.D2.DT.Inputs-nmpsdwa-49.124"> </a>  <a href="CodeSystem-IMMZ.D2.DT.Inputs.html#IMMZ.D2.DT.Inputs-nmpsdwa-49.46124">nmpsdwa-49.124</a></td><td>http://smart.who.int/immunizations/CodeSystem/IMMZ.D2.DT.Inputs</td><td>No malaria primary series doses were administered</td><td>Count of vaccines administered (where &quot;Vaccine type&quot; = &quot;Malaria vaccines&quot; and &quot;Type of dose&quot; = &quot;Primary series&quot;) = 0</td></tr><tr><td style="white-space:nowrap"><a name="IMMZ.D2.DT.Malaria.4Dose-http://smart.who.int/immunizations/CodeSystem/IMMZ.D2.DT.Inputs-csaimtoet5m-46.43"> </a>  <a href="CodeSystem-IMMZ.D2.DT.Inputs.html#IMMZ.D2.DT.Inputs-csaimtoet5m-46.4643">csaimtoet5m-46.43</a></td><td>http://smart.who.int/immunizations/CodeSystem/IMMZ.D2.DT.Inputs</td><td>Client's age is more than or equal to 5 months</td><td>Today's date − &quot;Date of birth&quot; ≥ 5 months</td></tr><tr><td style="white-space:nowrap"><a name="IMMZ.D2.DT.Malaria.4Dose-http://smart.who.int/immunizations/CodeSystem/IMMZ.D2.DT.Inputs-ompsdwa-48.124"> </a>  <a href="CodeSystem-IMMZ.D2.DT.Inputs.html#IMMZ.D2.DT.Inputs-ompsdwa-48.46124">ompsdwa-48.124</a></td><td>http://smart.who.int/immunizations/CodeSystem/IMMZ.D2.DT.Inputs</td><td>One malaria primary series dose was administered</td><td>Count of vaccines administered (where &quot;Vaccine type&quot; = &quot;Malaria vaccines&quot; and &quot;Type of dose&quot; = &quot;Primary series&quot;) = 1</td></tr><tr><td style="white-space:nowrap"><a name="IMMZ.D2.DT.Malaria.4Dose-http://smart.who.int/immunizations/CodeSystem/IMMZ.D2.DT.Inputs-tlmdwalt4wa-62.105"> </a>  <a href="CodeSystem-IMMZ.D2.DT.Inputs.html#IMMZ.D2.DT.Inputs-tlmdwalt4wa-62.46105">tlmdwalt4wa-62.105</a></td><td>http://smart.who.int/immunizations/CodeSystem/IMMZ.D2.DT.Inputs</td><td>The latest malaria dose was administered less than 4 weeks ago</td><td>Today's date − &quot;Date and time of vaccination&quot; (where &quot;Vaccine type&quot; = &quot;Malaria vaccines&quot;) &lt; 4 weeks</td></tr><tr><td style="white-space:nowrap"><a name="IMMZ.D2.DT.Malaria.4Dose-http://smart.who.int/immunizations/CodeSystem/IMMZ.D2.DT.Inputs-tlmdwamt4wa-62.112"> </a>  <a href="CodeSystem-IMMZ.D2.DT.Inputs.html#IMMZ.D2.DT.Inputs-tlmdwamt4wa-62.46112">tlmdwamt4wa-62.112</a></td><td>http://smart.who.int/immunizations/CodeSystem/IMMZ.D2.DT.Inputs</td><td>The latest malaria dose was administered more than 4 weeks ago</td><td>Today's date − latest &quot;Date and time of vaccination&quot; (where &quot;Vaccine type&quot; = &quot;Malaria vaccines&quot;) ≥ 4 weeks</td></tr><tr><td style="white-space:nowrap"><a name="IMMZ.D2.DT.Malaria.4Dose-http://smart.who.int/immunizations/CodeSystem/IMMZ.D2.DT.Inputs-tmpsdwa-50.124"> </a>  <a href="CodeSystem-IMMZ.D2.DT.Inputs.html#IMMZ.D2.DT.Inputs-tmpsdwa-50.46124">tmpsdwa-50.124</a></td><td>http://smart.who.int/immunizations/CodeSystem/IMMZ.D2.DT.Inputs</td><td>Two malaria primary series doses were administered</td><td>Count of vaccines administered (where &quot;Vaccine type&quot; = &quot;Malaria vaccines&quot; and &quot;Type of dose&quot; = &quot;Primary series&quot;) = 2</td></tr><tr><td style="white-space:nowrap"><a name="IMMZ.D2.DT.Malaria.4Dose-http://smart.who.int/immunizations/CodeSystem/IMMZ.D2.DT.Inputs-tmpsdwa-52.124"> </a>  <a href="CodeSystem-IMMZ.D2.DT.Inputs.html#IMMZ.D2.DT.Inputs-tmpsdwa-52.46124">tmpsdwa-52.124</a></td><td>http://smart.who.int/immunizations/CodeSystem/IMMZ.D2.DT.Inputs</td><td>Three malaria primary series doses were administered</td><td>Count of vaccines administered (where &quot;Vaccine type&quot; = &quot;Malaria vaccines&quot; and &quot;Type of dose&quot; = &quot;Primary series&quot;) = 3</td></tr><tr><td style="white-space:nowrap"><a name="IMMZ.D2.DT.Malaria.4Dose-http://smart.who.int/immunizations/CodeSystem/IMMZ.D2.DT.Inputs-fmpsdwa-51.124"> </a>  <a href="CodeSystem-IMMZ.D2.DT.Inputs.html#IMMZ.D2.DT.Inputs-fmpsdwa-51.46124">fmpsdwa-51.124</a></td><td>http://smart.who.int/immunizations/CodeSystem/IMMZ.D2.DT.Inputs</td><td>Four malaria primary series doses were administered</td><td>Count of vaccines administered (where &quot;Vaccine type&quot; = &quot;Malaria vaccines&quot; and &quot;Type of dose&quot; = &quot;Primary series&quot;) = 4</td></tr><tr><td style="white-space:nowrap"><a name="IMMZ.D2.DT.Malaria.4Dose-http://smart.who.int/immunizations/CodeSystem/IMMZ.D2.DT.Inputs-csailt5m-34.41"> </a>  <a href="CodeSystem-IMMZ.D2.DT.Inputs.html#IMMZ.D2.DT.Inputs-csailt5m-34.4641">csailt5m-34.41</a></td><td>http://smart.who.int/immunizations/CodeSystem/IMMZ.D2.DT.Inputs</td><td>Client's age is less than 5 months</td><td>Today's date − &quot;Date of birth&quot; &lt; 5 months</td></tr><tr><td style="white-space:nowrap"><a name="IMMZ.D2.DT.Malaria.4Dose-http://smart.who.int/immunizations/CodeSystem/IMMZ.D2.DT.Inputs-nmpsdwa-49.116"> </a>  <a href="CodeSystem-IMMZ.D2.DT.Inputs.html#IMMZ.D2.DT.Inputs-nmpsdwa-49.46116">nmpsdwa-49.116</a></td><td>http://smart.who.int/immunizations/CodeSystem/IMMZ.D2.DT.Inputs</td><td>No malaria primary series doses were administered</td><td>Count of vaccines administered (where &quot;Vaccine type&quot; = &quot;Malaria vaccines&quot; and &quot;Type of dose&quot; = &quot;Primary series&quot;) = 0</td></tr><tr><td style="white-space:nowrap"><a name="IMMZ.D2.DT.Malaria.4Dose-http://smart.who.int/immunizations/CodeSystem/IMMZ.D2.DT.Inputs-csaimtoet5m-46.41"> </a>  <a href="CodeSystem-IMMZ.D2.DT.Inputs.html#IMMZ.D2.DT.Inputs-csaimtoet5m-46.4641">csaimtoet5m-46.41</a></td><td>http://smart.who.int/immunizations/CodeSystem/IMMZ.D2.DT.Inputs</td><td>Client's age is more than or equal to 5 months</td><td>Today's date − &quot;Date of birth&quot; ≥ 5 months</td></tr><tr><td style="white-space:nowrap"><a name="IMMZ.D2.DT.Malaria.4Dose-http://smart.who.int/immunizations/CodeSystem/IMMZ.D2.DT.Inputs-ompsdwa-48.116"> </a>  <a href="CodeSystem-IMMZ.D2.DT.Inputs.html#IMMZ.D2.DT.Inputs-ompsdwa-48.46116">ompsdwa-48.116</a></td><td>http://smart.who.int/immunizations/CodeSystem/IMMZ.D2.DT.Inputs</td><td>One malaria primary series dose was administered</td><td>Count of vaccines administered (where &quot;Vaccine type&quot; = &quot;Malaria vaccines&quot; and &quot;Type of dose&quot; = &quot;Primary series&quot;) = 1</td></tr><tr><td style="white-space:nowrap"><a name="IMMZ.D2.DT.Malaria.4Dose-http://smart.who.int/immunizations/CodeSystem/IMMZ.D2.DT.Inputs-tlmdwalt4wa-62.99"> </a>  <a href="CodeSystem-IMMZ.D2.DT.Inputs.html#IMMZ.D2.DT.Inputs-tlmdwalt4wa-62.4699">tlmdwalt4wa-62.99</a></td><td>http://smart.who.int/immunizations/CodeSystem/IMMZ.D2.DT.Inputs</td><td>The latest malaria dose was administered less than 4 weeks ago</td><td>Today's date − &quot;Date and time of vaccination&quot; (where &quot;Vaccine type&quot; = &quot;Malaria vaccines&quot;) &lt; 4 weeks</td></tr><tr><td style="white-space:nowrap"><a name="IMMZ.D2.DT.Malaria.4Dose-http://smart.who.int/immunizations/CodeSystem/IMMZ.D2.DT.Inputs-tlmdwamt4wa-62.106"> </a>  <a href="CodeSystem-IMMZ.D2.DT.Inputs.html#IMMZ.D2.DT.Inputs-tlmdwamt4wa-62.46106">tlmdwamt4wa-62.106</a></td><td>http://smart.who.int/immunizations/CodeSystem/IMMZ.D2.DT.Inputs</td><td>The latest malaria dose was administered more than 4 weeks ago</td><td>Today's date − latest &quot;Date and time of vaccination&quot; (where &quot;Vaccine type&quot; = &quot;Malaria vaccines&quot;) ≥ 4 weeks</td></tr><tr><td style="white-space:nowrap"><a name="IMMZ.D2.DT.Malaria.4Dose-http://smart.who.int/immunizations/CodeSystem/IMMZ.D2.DT.Inputs-tmpsdwa-50.116"> </a>  <a href="CodeSystem-IMMZ.D2.DT.Inputs.html#IMMZ.D2.DT.Inputs-tmpsdwa-50.46116">tmpsdwa-50.116</a></td><td>http://smart.who.int/immunizations/CodeSystem/IMMZ.D2.DT.Inputs</td><td>Two malaria primary series doses were administered</td><td>Count of vaccines administered (where &quot;Vaccine type&quot; = &quot;Malaria vaccines&quot; and &quot;Type of dose&quot; = &quot;Primary series&quot;) = 2</td></tr><tr><td style="white-space:nowrap"><a name="IMMZ.D2.DT.Malaria.4Dose-http://smart.who.int/immunizations/CodeSystem/IMMZ.D2.DT.Inputs-tmpsdwa-52.116"> </a>  <a href="CodeSystem-IMMZ.D2.DT.Inputs.html#IMMZ.D2.DT.Inputs-tmpsdwa-52.46116">tmpsdwa-52.116</a></td><td>http://smart.who.int/immunizations/CodeSystem/IMMZ.D2.DT.Inputs</td><td>Three malaria primary series doses were administered</td><td>Count of vaccines administered (where &quot;Vaccine type&quot; = &quot;Malaria vaccines&quot; and &quot;Type of dose&quot; = &quot;Primary series&quot;) = 3</td></tr><tr><td style="white-space:nowrap"><a name="IMMZ.D2.DT.Malaria.4Dose-http://smart.who.int/immunizations/CodeSystem/IMMZ.D2.DT.Inputs-fmpsdwa-51.116"> </a>  <a href="CodeSystem-IMMZ.D2.DT.Inputs.html#IMMZ.D2.DT.Inputs-fmpsdwa-51.46116">fmpsdwa-51.116</a></td><td>http://smart.who.int/immunizations/CodeSystem/IMMZ.D2.DT.Inputs</td><td>Four malaria primary series doses were administered</td><td>Count of vaccines administered (where &quot;Vaccine type&quot; = &quot;Malaria vaccines&quot; and &quot;Type of dose&quot; = &quot;Primary series&quot;) = 4</td></tr><tr><td style="white-space:nowrap"><a name="IMMZ.D2.DT.Malaria.4Dose-http://smart.who.int/immunizations/CodeSystem/IMMZ.D2.DT.Outputs-cindfmv-41.52"> </a>  <a href="CodeSystem-IMMZ.D2.DT.Outputs.html#IMMZ.D2.DT.Outputs-cindfmv-41.4652">cindfmv-41.52</a></td><td>http://smart.who.int/immunizations/CodeSystem/IMMZ.D2.DT.Outputs</td><td>Client is not due for malaria vaccination</td><td>&quot;Immunization recommendation status&quot; = &quot;Not due&quot;</td></tr><tr><td style="white-space:nowrap"><a name="IMMZ.D2.DT.Malaria.4Dose-http://smart.who.int/immunizations/CodeSystem/IMMZ.D2.DT.Outputs-cidfmv-37.48"> </a>  <a href="CodeSystem-IMMZ.D2.DT.Outputs.html#IMMZ.D2.DT.Outputs-cidfmv-37.4648">cidfmv-37.48</a></td><td>http://smart.who.int/immunizations/CodeSystem/IMMZ.D2.DT.Outputs</td><td>Client is due for malaria vaccination</td><td>&quot;Immunization recommendation status&quot; = &quot;Due&quot;</td></tr><tr><td style="white-space:nowrap"><a name="IMMZ.D2.DT.Malaria.4Dose-http://smart.who.int/immunizations/CodeSystem/IMMZ.D2.DT.Outputs-misic-41.53"> </a>  <a href="CodeSystem-IMMZ.D2.DT.Outputs.html#IMMZ.D2.DT.Outputs-misic-41.4653">misic-41.53</a></td><td>http://smart.who.int/immunizations/CodeSystem/IMMZ.D2.DT.Outputs</td><td>Malaria immunization schedule is complete</td><td>&quot;Immunization recommendation status&quot; = &quot;Complete&quot;</td></tr><tr><td style="white-space:nowrap"><a name="IMMZ.D2.DT.Malaria.4Dose-http://smart.who.int/immunizations/CodeSystem/IMMZ.D2.DT.Outputs-cindfmv-41.48"> </a>  <a href="CodeSystem-IMMZ.D2.DT.Outputs.html#IMMZ.D2.DT.Outputs-cindfmv-41.4648">cindfmv-41.48</a></td><td>http://smart.who.int/immunizations/CodeSystem/IMMZ.D2.DT.Outputs</td><td>Client is not due for malaria vaccination</td><td>&quot;Immunization recommendation status&quot; = &quot;Not due&quot;</td></tr><tr><td style="white-space:nowrap"><a name="IMMZ.D2.DT.Malaria.4Dose-http://smart.who.int/immunizations/CodeSystem/IMMZ.D2.DT.Outputs-cidfmv-37.44"> </a>  <a href="CodeSystem-IMMZ.D2.DT.Outputs.html#IMMZ.D2.DT.Outputs-cidfmv-37.4644">cidfmv-37.44</a></td><td>http://smart.who.int/immunizations/CodeSystem/IMMZ.D2.DT.Outputs</td><td>Client is due for malaria vaccination</td><td>&quot;Immunization recommendation status&quot; = &quot;Due&quot;</td></tr><tr><td style="white-space:nowrap"><a name="IMMZ.D2.DT.Malaria.4Dose-http://smart.who.int/immunizations/CodeSystem/IMMZ.D2.DT.Outputs-misic-41.49"> </a>  <a href="CodeSystem-IMMZ.D2.DT.Outputs.html#IMMZ.D2.DT.Outputs-misic-41.4649">misic-41.49</a></td><td>http://smart.who.int/immunizations/CodeSystem/IMMZ.D2.DT.Outputs</td><td>Malaria immunization schedule is complete</td><td>&quot;Immunization recommendation status&quot; = &quot;Complete&quot;</td></tr></table></div></text><url value="http://smart.who.int/immunizations/ValueSet/IMMZ.D2.DT.Malaria.4Dose"/><version value="0.2.0"/><name value="IMMZ_D2_DT_Malaria"/><title value="IMMZ.D2.DT.Malaria.4Dose ValueSet for Decision Table"/><status value="active"/><date value="2025-07-02T07:24:46+00:00"/><publisher value="WHO"/><contact><name value="WHO"/><telecom><system value="url"/><value value="http://who.int"/></telecom></contact><description value="ValueSet IMMZ.D2.DT.Malaria.4Dose for IMMZ.D2.DT.Malaria.&#xA;Business rule: Determine if the client is due for a malaria vaccination according to the national immunization schedule&#xA;Trigger: IMMZ.D2 Determine required vaccination(s) if any  &#xA;Table: 4-dose schedule (The RTS,S/AS01 malaria vaccine should be used for the prevention of Plasmodium falciparum malaria in children living in regions with moderate to high malaria transmission, as defined by WHO)&#x9;&#x9;&#x9;&#x9;&#x9;&#x9;&#x9;&#x9;&#x9;"/><compose><include><system value="http://smart.who.int/immunizations/CodeSystem/IMMZ.D2.DT.Inputs"/><concept><code value="csailt5m-34.43"/><display value="Client's age is less than 5 months"/></concept><concept><code value="nmpsdwa-49.124"/><display value="No malaria primary series doses were administered"/></concept><concept><code value="csaimtoet5m-46.43"/><display value="Client's age is more than or equal to 5 months"/></concept><concept><code value="ompsdwa-48.124"/><display value="One malaria primary series dose was administered"/></concept><concept><code value="tlmdwalt4wa-62.105"/><display value="The latest malaria dose was administered less than 4 weeks ago"/></concept><concept><code value="tlmdwamt4wa-62.112"/><display value="The latest malaria dose was administered more than 4 weeks ago"/></concept><concept><code value="tmpsdwa-50.124"/><display value="Two malaria primary series doses were administered"/></concept><concept><code value="tmpsdwa-52.124"/><display value="Three malaria primary series doses were administered"/></concept><concept><code value="fmpsdwa-51.124"/><display value="Four malaria primary series doses were administered"/></concept><concept><code value="csailt5m-34.41"/><display value="Client's age is less than 5 months"/></concept><concept><code value="nmpsdwa-49.116"/><display value="No malaria primary series doses were administered"/></concept><concept><code value="csaimtoet5m-46.41"/><display value="Client's age is more than or equal to 5 months"/></concept><concept><code value="ompsdwa-48.116"/><display value="One malaria primary series dose was administered"/></concept><concept><code value="tlmdwalt4wa-62.99"/><display value="The latest malaria dose was administered less than 4 weeks ago"/></concept><concept><code value="tlmdwamt4wa-62.106"/><display value="The latest malaria dose was administered more than 4 weeks ago"/></concept><concept><code value="tmpsdwa-50.116"/><display value="Two malaria primary series doses were administered"/></concept><concept><code value="tmpsdwa-52.116"/><display value="Three malaria primary series doses were administered"/></concept><concept><code value="fmpsdwa-51.116"/><display value="Four malaria primary series doses were administered"/></concept></include><include><system value="http://smart.who.int/immunizations/CodeSystem/IMMZ.D2.DT.Outputs"/><concept><code value="cindfmv-41.52"/><display value="Client is not due for malaria vaccination"/></concept><concept><code value="cidfmv-37.48"/><display value="Client is due for malaria vaccination"/></concept><concept><code value="misic-41.53"/><display value="Malaria immunization schedule is complete"/></concept><concept><code value="cindfmv-41.48"/><display value="Client is not due for malaria vaccination"/></concept><concept><code value="cidfmv-37.44"/><display value="Client is due for malaria vaccination"/></concept><concept><code value="misic-41.49"/><display value="Malaria immunization schedule is complete"/></concept></include></compose><expansion><timestamp value="2025-06-25T16:39:07.092Z"/><contains><system value="http://smart.who.int/immunizations/CodeSystem/IMMZ.D2.DT.Inputs"/><code value="csailt5m-34.43"/><display value="Client's age is less than 5 months"/></contains><contains><system value="http://smart.who.int/immunizations/CodeSystem/IMMZ.D2.DT.Inputs"/><code value="nmpsdwa-49.124"/><display value="No malaria primary series doses were administered"/></contains><contains><system value="http://smart.who.int/immunizations/CodeSystem/IMMZ.D2.DT.Inputs"/><code value="csaimtoet5m-46.43"/><display value="Client's age is more than or equal to 5 months"/></contains><contains><system value="http://smart.who.int/immunizations/CodeSystem/IMMZ.D2.DT.Inputs"/><code value="ompsdwa-48.124"/><display value="One malaria primary series dose was administered"/></contains><contains><system value="http://smart.who.int/immunizations/CodeSystem/IMMZ.D2.DT.Inputs"/><code value="tlmdwalt4wa-62.105"/><display value="The latest malaria dose was administered less than 4 weeks ago"/></contains><contains><system value="http://smart.who.int/immunizations/CodeSystem/IMMZ.D2.DT.Inputs"/><code value="tlmdwamt4wa-62.112"/><display value="The latest malaria dose was administered more than 4 weeks ago"/></contains><contains><system value="http://smart.who.int/immunizations/CodeSystem/IMMZ.D2.DT.Inputs"/><code value="tmpsdwa-50.124"/><display value="Two malaria primary series doses were administered"/></contains><contains><system value="http://smart.who.int/immunizations/CodeSystem/IMMZ.D2.DT.Inputs"/><code value="tmpsdwa-52.124"/><display value="Three malaria primary series doses were administered"/></contains><contains><system value="http://smart.who.int/immunizations/CodeSystem/IMMZ.D2.DT.Inputs"/><code value="fmpsdwa-51.124"/><display value="Four malaria primary series doses were administered"/></contains><contains><system value="http://smart.who.int/immunizations/CodeSystem/IMMZ.D2.DT.Inputs"/><code value="csailt5m-34.41"/><display value="Client's age is less than 5 months"/></contains><contains><system value="http://smart.who.int/immunizations/CodeSystem/IMMZ.D2.DT.Inputs"/><code value="nmpsdwa-49.116"/><display value="No malaria primary series doses were administered"/></contains><contains><system value="http://smart.who.int/immunizations/CodeSystem/IMMZ.D2.DT.Inputs"/><code value="csaimtoet5m-46.41"/><display value="Client's age is more than or equal to 5 months"/></contains><contains><system value="http://smart.who.int/immunizations/CodeSystem/IMMZ.D2.DT.Inputs"/><code value="ompsdwa-48.116"/><display value="One malaria primary series dose was administered"/></contains><contains><system value="http://smart.who.int/immunizations/CodeSystem/IMMZ.D2.DT.Inputs"/><code value="tlmdwalt4wa-62.99"/><display value="The latest malaria dose was administered less than 4 weeks ago"/></contains><contains><system value="http://smart.who.int/immunizations/CodeSystem/IMMZ.D2.DT.Inputs"/><code value="tlmdwamt4wa-62.106"/><display value="The latest malaria dose was administered more than 4 weeks ago"/></contains><contains><system value="http://smart.who.int/immunizations/CodeSystem/IMMZ.D2.DT.Inputs"/><code value="tmpsdwa-50.116"/><display value="Two malaria primary series doses were administered"/></contains><contains><system value="http://smart.who.int/immunizations/CodeSystem/IMMZ.D2.DT.Inputs"/><code value="tmpsdwa-52.116"/><display value="Three malaria primary series doses were administered"/></contains><contains><system value="http://smart.who.int/immunizations/CodeSystem/IMMZ.D2.DT.Inputs"/><code value="fmpsdwa-51.116"/><display value="Four malaria primary series doses were administered"/></contains><contains><system value="http://smart.who.int/immunizations/CodeSystem/IMMZ.D2.DT.Outputs"/><code value="cindfmv-41.52"/><display value="Client is not due for malaria vaccination"/></contains><contains><system value="http://smart.who.int/immunizations/CodeSystem/IMMZ.D2.DT.Outputs"/><code value="cidfmv-37.48"/><display value="Client is due for malaria vaccination"/></contains><contains><system value="http://smart.who.int/immunizations/CodeSystem/IMMZ.D2.DT.Outputs"/><code value="misic-41.53"/><display value="Malaria immunization schedule is complete"/></contains><contains><system value="http://smart.who.int/immunizations/CodeSystem/IMMZ.D2.DT.Outputs"/><code value="cindfmv-41.48"/><display value="Client is not due for malaria vaccination"/></contains><contains><system value="http://smart.who.int/immunizations/CodeSystem/IMMZ.D2.DT.Outputs"/><code value="cidfmv-37.44"/><display value="Client is due for malaria vaccination"/></contains><contains><system value="http://smart.who.int/immunizations/CodeSystem/IMMZ.D2.DT.Outputs"/><code value="misic-41.49"/><display value="Malaria immunization schedule is complete"/></contains></expansion></ValueSet>